f23	CLASS	org.apache.flink.streaming.api.datastream.DataStream	-		@Public	class java.lang.Object		
f23	CTOR	org.apache.flink.streaming.api.datastream.DataStream	<init>				(org.apache.flink.streaming.api.environment.StreamExecutionEnvironment, org.apache.flink.api.dag.Transformation<T>)	
f23	METHOD	org.apache.flink.streaming.api.datastream.DataStream	addSink			 org.apache.flink.streaming.api.datastream.DataStreamSink<T>	(org.apache.flink.streaming.api.functions.sink.legacy.SinkFunction<T>)	DataStream
f23	METHOD	org.apache.flink.streaming.api.datastream.DataStream	assignTimestampsAndWatermarks			 org.apache.flink.streaming.api.datastream.SingleOutputStreamOperator<T>	(org.apache.flink.api.common.eventtime.WatermarkStrategy<T>)	DataStream
f23	METHOD	org.apache.flink.streaming.api.datastream.DataStream	broadcast			 org.apache.flink.streaming.api.datastream.DataStream<T>	()	DataStream
f23	METHOD	org.apache.flink.streaming.api.datastream.DataStream	broadcast		@PublicEvolving	 org.apache.flink.streaming.api.datastream.BroadcastStream<T>	(org.apache.flink.api.common.state.MapStateDescriptor<?, ?>[])	DataStream
f23	METHOD	org.apache.flink.streaming.api.datastream.DataStream	clean	 protected		<F> F	(F)	DataStream
f23	METHOD	org.apache.flink.streaming.api.datastream.DataStream	coGroup			<T2> org.apache.flink.streaming.api.datastream.CoGroupedStreams<T, T2>	(org.apache.flink.streaming.api.datastream.DataStream<T2>)	DataStream
f23	METHOD	org.apache.flink.streaming.api.datastream.DataStream	collectAsync		@Experimental	 org.apache.flink.util.CloseableIterator<T>	()	DataStream
f23	METHOD	org.apache.flink.streaming.api.datastream.DataStream	collectAsync		@Experimental	 void	(org.apache.flink.streaming.api.datastream.DataStream$Collector<T>)	DataStream
f23	METHOD	org.apache.flink.streaming.api.datastream.DataStream	connect		@PublicEvolving	<R> org.apache.flink.streaming.api.datastream.BroadcastConnectedStream<T, R>	(org.apache.flink.streaming.api.datastream.BroadcastStream<R>)	DataStream
f23	METHOD	org.apache.flink.streaming.api.datastream.DataStream	connect			<R> org.apache.flink.streaming.api.datastream.ConnectedStreams<T, R>	(org.apache.flink.streaming.api.datastream.DataStream<R>)	DataStream
f23	METHOD	org.apache.flink.streaming.api.datastream.DataStream	countWindowAll			 org.apache.flink.streaming.api.datastream.AllWindowedStream<T, org.apache.flink.streaming.api.windowing.windows.GlobalWindow>	(long, long)	DataStream
f23	METHOD	org.apache.flink.streaming.api.datastream.DataStream	countWindowAll			 org.apache.flink.streaming.api.datastream.AllWindowedStream<T, org.apache.flink.streaming.api.windowing.windows.GlobalWindow>	(long)	DataStream
f23	METHOD	org.apache.flink.streaming.api.datastream.DataStream	doTransform	 protected		<R> org.apache.flink.streaming.api.datastream.SingleOutputStreamOperator<R>	(java.lang.String, org.apache.flink.api.common.typeinfo.TypeInformation<R>, org.apache.flink.streaming.api.operators.StreamOperatorFactory<R>)	DataStream
f23	METHOD	org.apache.flink.streaming.api.datastream.DataStream	executeAndCollect			 org.apache.flink.util.CloseableIterator<T>	()	DataStream
f23	METHOD	org.apache.flink.streaming.api.datastream.DataStream	executeAndCollect			 java.util.List<T>	(java.lang.String, int)	DataStream
f23	METHOD	org.apache.flink.streaming.api.datastream.DataStream	executeAndCollect			 org.apache.flink.util.CloseableIterator<T>	(java.lang.String)	DataStream
f23	METHOD	org.apache.flink.streaming.api.datastream.DataStream	executeAndCollect			 java.util.List<T>	(int)	DataStream
f23	METHOD	org.apache.flink.streaming.api.datastream.DataStream	filter			 org.apache.flink.streaming.api.datastream.SingleOutputStreamOperator<T>	(org.apache.flink.api.common.functions.FilterFunction<T>)	DataStream
f23	METHOD	org.apache.flink.streaming.api.datastream.DataStream	flatMap			<R> org.apache.flink.streaming.api.datastream.SingleOutputStreamOperator<R>	(org.apache.flink.api.common.functions.FlatMapFunction<T, R>, org.apache.flink.api.common.typeinfo.TypeInformation<R>)	DataStream
f23	METHOD	org.apache.flink.streaming.api.datastream.DataStream	flatMap			<R> org.apache.flink.streaming.api.datastream.SingleOutputStreamOperator<R>	(org.apache.flink.api.common.functions.FlatMapFunction<T, R>)	DataStream
f23	METHOD	org.apache.flink.streaming.api.datastream.DataStream	forward			 org.apache.flink.streaming.api.datastream.DataStream<T>	()	DataStream
f23	METHOD	org.apache.flink.streaming.api.datastream.DataStream	fullWindowPartition		@PublicEvolving	 org.apache.flink.streaming.api.datastream.PartitionWindowedStream<T>	()	DataStream
f23	METHOD	org.apache.flink.streaming.api.datastream.DataStream	getExecutionConfig			 org.apache.flink.api.common.ExecutionConfig	()	DataStream
f23	METHOD	org.apache.flink.streaming.api.datastream.DataStream	getExecutionEnvironment			 org.apache.flink.streaming.api.environment.StreamExecutionEnvironment	()	DataStream
f23	METHOD	org.apache.flink.streaming.api.datastream.DataStream	getId		@Internal	 int	()	DataStream
f23	METHOD	org.apache.flink.streaming.api.datastream.DataStream	getMinResources		@PublicEvolving	 org.apache.flink.api.common.operators.ResourceSpec	()	DataStream
f23	METHOD	org.apache.flink.streaming.api.datastream.DataStream	getParallelism			 int	()	DataStream
f23	METHOD	org.apache.flink.streaming.api.datastream.DataStream	getPreferredResources		@PublicEvolving	 org.apache.flink.api.common.operators.ResourceSpec	()	DataStream
f23	METHOD	org.apache.flink.streaming.api.datastream.DataStream	getTransformation		@Internal	 org.apache.flink.api.dag.Transformation<T>	()	DataStream
f23	METHOD	org.apache.flink.streaming.api.datastream.DataStream	getType			 org.apache.flink.api.common.typeinfo.TypeInformation<T>	()	DataStream
f23	METHOD	org.apache.flink.streaming.api.datastream.DataStream	global		@PublicEvolving	 org.apache.flink.streaming.api.datastream.DataStream<T>	()	DataStream
f23	METHOD	org.apache.flink.streaming.api.datastream.DataStream	join			<T2> org.apache.flink.streaming.api.datastream.JoinedStreams<T, T2>	(org.apache.flink.streaming.api.datastream.DataStream<T2>)	DataStream
f23	METHOD	org.apache.flink.streaming.api.datastream.DataStream	keyBy	 protected		 org.apache.flink.streaming.api.datastream.KeyedStream<T, org.apache.flink.api.java.tuple.Tuple>	(org.apache.flink.api.common.operators.Keys<T>)	DataStream
f23	METHOD	org.apache.flink.streaming.api.datastream.DataStream	keyBy			<K> org.apache.flink.streaming.api.datastream.KeyedStream<T, K>	(org.apache.flink.api.java.functions.KeySelector<T, K>, org.apache.flink.api.common.typeinfo.TypeInformation<K>)	DataStream
f23	METHOD	org.apache.flink.streaming.api.datastream.DataStream	keyBy			<K> org.apache.flink.streaming.api.datastream.KeyedStream<T, K>	(org.apache.flink.api.java.functions.KeySelector<T, K>)	DataStream
f23	METHOD	org.apache.flink.streaming.api.datastream.DataStream	map			<R> org.apache.flink.streaming.api.datastream.SingleOutputStreamOperator<R>	(org.apache.flink.api.common.functions.MapFunction<T, R>, org.apache.flink.api.common.typeinfo.TypeInformation<R>)	DataStream
f23	METHOD	org.apache.flink.streaming.api.datastream.DataStream	map			<R> org.apache.flink.streaming.api.datastream.SingleOutputStreamOperator<R>	(org.apache.flink.api.common.functions.MapFunction<T, R>)	DataStream
f23	METHOD	org.apache.flink.streaming.api.datastream.DataStream	partitionCustom			<K> org.apache.flink.streaming.api.datastream.DataStream<T>	(org.apache.flink.api.common.functions.Partitioner<K>, org.apache.flink.api.java.functions.KeySelector<T, K>)	DataStream
f23	METHOD	org.apache.flink.streaming.api.datastream.DataStream	printToErr		@PublicEvolving	 org.apache.flink.streaming.api.datastream.DataStreamSink<T>	()	DataStream
f23	METHOD	org.apache.flink.streaming.api.datastream.DataStream	printToErr		@PublicEvolving	 org.apache.flink.streaming.api.datastream.DataStreamSink<T>	(java.lang.String)	DataStream
f23	METHOD	org.apache.flink.streaming.api.datastream.DataStream	print		@PublicEvolving	 org.apache.flink.streaming.api.datastream.DataStreamSink<T>	()	DataStream
f23	METHOD	org.apache.flink.streaming.api.datastream.DataStream	print		@PublicEvolving	 org.apache.flink.streaming.api.datastream.DataStreamSink<T>	(java.lang.String)	DataStream
f23	METHOD	org.apache.flink.streaming.api.datastream.DataStream	process		@Internal	<R> org.apache.flink.streaming.api.datastream.SingleOutputStreamOperator<R>	(org.apache.flink.streaming.api.functions.ProcessFunction<T, R>, org.apache.flink.api.common.typeinfo.TypeInformation<R>)	DataStream
f23	METHOD	org.apache.flink.streaming.api.datastream.DataStream	process		@PublicEvolving	<R> org.apache.flink.streaming.api.datastream.SingleOutputStreamOperator<R>	(org.apache.flink.streaming.api.functions.ProcessFunction<T, R>)	DataStream
f23	METHOD	org.apache.flink.streaming.api.datastream.DataStream	project		@PublicEvolving	<R> org.apache.flink.streaming.api.datastream.SingleOutputStreamOperator<R>	(int[])	DataStream
f23	METHOD	org.apache.flink.streaming.api.datastream.DataStream	rebalance			 org.apache.flink.streaming.api.datastream.DataStream<T>	()	DataStream
f23	METHOD	org.apache.flink.streaming.api.datastream.DataStream	rescale		@PublicEvolving	 org.apache.flink.streaming.api.datastream.DataStream<T>	()	DataStream
f23	METHOD	org.apache.flink.streaming.api.datastream.DataStream	setConnectionType	 protected		 org.apache.flink.streaming.api.datastream.DataStream<T>	(org.apache.flink.streaming.runtime.partitioner.StreamPartitioner<T>)	DataStream
f23	METHOD	org.apache.flink.streaming.api.datastream.DataStream	shuffle		@PublicEvolving	 org.apache.flink.streaming.api.datastream.DataStream<T>	()	DataStream
f23	METHOD	org.apache.flink.streaming.api.datastream.DataStream	sinkTo		@PublicEvolving	 org.apache.flink.streaming.api.datastream.DataStreamSink<T>	(org.apache.flink.api.connector.sink2.Sink<T>, org.apache.flink.streaming.api.datastream.CustomSinkOperatorUidHashes)	DataStream
f23	METHOD	org.apache.flink.streaming.api.datastream.DataStream	sinkTo		@PublicEvolving	 org.apache.flink.streaming.api.datastream.DataStreamSink<T>	(org.apache.flink.api.connector.sink2.Sink<T>)	DataStream
f23	METHOD	org.apache.flink.streaming.api.datastream.DataStream	transform		@PublicEvolving	<R> org.apache.flink.streaming.api.datastream.SingleOutputStreamOperator<R>	(java.lang.String, org.apache.flink.api.common.typeinfo.TypeInformation<R>, org.apache.flink.streaming.api.operators.OneInputStreamOperatorFactory<T, R>)	DataStream
f23	METHOD	org.apache.flink.streaming.api.datastream.DataStream	transform		@PublicEvolving	<R> org.apache.flink.streaming.api.datastream.SingleOutputStreamOperator<R>	(java.lang.String, org.apache.flink.api.common.typeinfo.TypeInformation<R>, org.apache.flink.streaming.api.operators.OneInputStreamOperator<T, R>)	DataStream
f23	METHOD	org.apache.flink.streaming.api.datastream.DataStream	union	final		 org.apache.flink.streaming.api.datastream.DataStream<T>	(org.apache.flink.streaming.api.datastream.DataStream<T>[])	DataStream
f23	METHOD	org.apache.flink.streaming.api.datastream.DataStream	windowAll		@PublicEvolving	<W> org.apache.flink.streaming.api.datastream.AllWindowedStream<T, W>	(org.apache.flink.streaming.api.windowing.assigners.WindowAssigner<? super T, W>)	DataStream
f23	METHOD	org.apache.flink.streaming.api.datastream.DataStream	writeToSocket		@PublicEvolving	 org.apache.flink.streaming.api.datastream.DataStreamSink<T>	(java.lang.String, int, org.apache.flink.api.common.serialization.SerializationSchema<T>)	DataStream
f23	METHOD	org.apache.flink.streaming.api.datastream.DataStream	writeUsingOutputFormat		@Deprecated @PublicEvolving	 org.apache.flink.streaming.api.datastream.DataStreamSink<T>	(org.apache.flink.api.common.io.OutputFormat<T>)	DataStream
f23	FIELD	org.apache.flink.streaming.api.datastream.DataStream	environment	protected final		org.apache.flink.streaming.api.environment.StreamExecutionEnvironment		DataStream
f23	FIELD	org.apache.flink.streaming.api.datastream.DataStream	transformation	protected final		org.apache.flink.api.dag.Transformation<T>		DataStream
f23	CLASS	org.apache.flink.streaming.api.datastream.SingleOutputStreamOperator	-		@Public	org.apache.flink.streaming.api.datastream.DataStream<T>		
f23	CTOR	org.apache.flink.streaming.api.datastream.SingleOutputStreamOperator	<init>				(org.apache.flink.streaming.api.environment.StreamExecutionEnvironment, org.apache.flink.api.dag.Transformation<T>)	
f23	METHOD	org.apache.flink.streaming.api.datastream.SingleOutputStreamOperator	addMetricVariable		@PublicEvolving	 org.apache.flink.streaming.api.datastream.SingleOutputStreamOperator<T>	(java.lang.String, java.lang.String)	SingleOutputStreamOperator
f23	METHOD	org.apache.flink.streaming.api.datastream.SingleOutputStreamOperator	addSink			 org.apache.flink.streaming.api.datastream.DataStreamSink<T>	(org.apache.flink.streaming.api.functions.sink.legacy.SinkFunction<T>)	DataStream
f23	METHOD	org.apache.flink.streaming.api.datastream.SingleOutputStreamOperator	assignTimestampsAndWatermarks			 org.apache.flink.streaming.api.datastream.SingleOutputStreamOperator<T>	(org.apache.flink.api.common.eventtime.WatermarkStrategy<T>)	DataStream
f23	METHOD	org.apache.flink.streaming.api.datastream.SingleOutputStreamOperator	broadcast			 org.apache.flink.streaming.api.datastream.DataStream<T>	()	DataStream
f23	METHOD	org.apache.flink.streaming.api.datastream.SingleOutputStreamOperator	broadcast		@PublicEvolving	 org.apache.flink.streaming.api.datastream.BroadcastStream<T>	(org.apache.flink.api.common.state.MapStateDescriptor<?, ?>[])	DataStream
f23	METHOD	org.apache.flink.streaming.api.datastream.SingleOutputStreamOperator	cache		@PublicEvolving	 org.apache.flink.streaming.api.datastream.CachedDataStream<T>	()	SingleOutputStreamOperator
f23	METHOD	org.apache.flink.streaming.api.datastream.SingleOutputStreamOperator	clean	 protected		<F> F	(F)	DataStream
f23	METHOD	org.apache.flink.streaming.api.datastream.SingleOutputStreamOperator	coGroup			<T2> org.apache.flink.streaming.api.datastream.CoGroupedStreams<T, T2>	(org.apache.flink.streaming.api.datastream.DataStream<T2>)	DataStream
f23	METHOD	org.apache.flink.streaming.api.datastream.SingleOutputStreamOperator	collectAsync		@Experimental	 org.apache.flink.util.CloseableIterator<T>	()	DataStream
f23	METHOD	org.apache.flink.streaming.api.datastream.SingleOutputStreamOperator	collectAsync		@Experimental	 void	(org.apache.flink.streaming.api.datastream.DataStream$Collector<T>)	DataStream
f23	METHOD	org.apache.flink.streaming.api.datastream.SingleOutputStreamOperator	connect		@PublicEvolving	<R> org.apache.flink.streaming.api.datastream.BroadcastConnectedStream<T, R>	(org.apache.flink.streaming.api.datastream.BroadcastStream<R>)	DataStream
f23	METHOD	org.apache.flink.streaming.api.datastream.SingleOutputStreamOperator	connect			<R> org.apache.flink.streaming.api.datastream.ConnectedStreams<T, R>	(org.apache.flink.streaming.api.datastream.DataStream<R>)	DataStream
f23	METHOD	org.apache.flink.streaming.api.datastream.SingleOutputStreamOperator	countWindowAll			 org.apache.flink.streaming.api.datastream.AllWindowedStream<T, org.apache.flink.streaming.api.windowing.windows.GlobalWindow>	(long, long)	DataStream
f23	METHOD	org.apache.flink.streaming.api.datastream.SingleOutputStreamOperator	countWindowAll			 org.apache.flink.streaming.api.datastream.AllWindowedStream<T, org.apache.flink.streaming.api.windowing.windows.GlobalWindow>	(long)	DataStream
f23	METHOD	org.apache.flink.streaming.api.datastream.SingleOutputStreamOperator	disableChaining		@PublicEvolving	 org.apache.flink.streaming.api.datastream.SingleOutputStreamOperator<T>	()	SingleOutputStreamOperator
f23	METHOD	org.apache.flink.streaming.api.datastream.SingleOutputStreamOperator	doTransform	 protected		<R> org.apache.flink.streaming.api.datastream.SingleOutputStreamOperator<R>	(java.lang.String, org.apache.flink.api.common.typeinfo.TypeInformation<R>, org.apache.flink.streaming.api.operators.StreamOperatorFactory<R>)	DataStream
f23	METHOD	org.apache.flink.streaming.api.datastream.SingleOutputStreamOperator	enableAsyncState		@Experimental	 org.apache.flink.streaming.api.datastream.SingleOutputStreamOperator<T>	()	SingleOutputStreamOperator
f23	METHOD	org.apache.flink.streaming.api.datastream.SingleOutputStreamOperator	executeAndCollect			 org.apache.flink.util.CloseableIterator<T>	()	DataStream
f23	METHOD	org.apache.flink.streaming.api.datastream.SingleOutputStreamOperator	executeAndCollect			 java.util.List<T>	(java.lang.String, int)	DataStream
f23	METHOD	org.apache.flink.streaming.api.datastream.SingleOutputStreamOperator	executeAndCollect			 org.apache.flink.util.CloseableIterator<T>	(java.lang.String)	DataStream
f23	METHOD	org.apache.flink.streaming.api.datastream.SingleOutputStreamOperator	executeAndCollect			 java.util.List<T>	(int)	DataStream
f23	METHOD	org.apache.flink.streaming.api.datastream.SingleOutputStreamOperator	filter			 org.apache.flink.streaming.api.datastream.SingleOutputStreamOperator<T>	(org.apache.flink.api.common.functions.FilterFunction<T>)	DataStream
f23	METHOD	org.apache.flink.streaming.api.datastream.SingleOutputStreamOperator	flatMap			<R> org.apache.flink.streaming.api.datastream.SingleOutputStreamOperator<R>	(org.apache.flink.api.common.functions.FlatMapFunction<T, R>, org.apache.flink.api.common.typeinfo.TypeInformation<R>)	DataStream
f23	METHOD	org.apache.flink.streaming.api.datastream.SingleOutputStreamOperator	flatMap			<R> org.apache.flink.streaming.api.datastream.SingleOutputStreamOperator<R>	(org.apache.flink.api.common.functions.FlatMapFunction<T, R>)	DataStream
f23	METHOD	org.apache.flink.streaming.api.datastream.SingleOutputStreamOperator	forceNonParallel		@PublicEvolving	 org.apache.flink.streaming.api.datastream.SingleOutputStreamOperator<T>	()	SingleOutputStreamOperator
f23	METHOD	org.apache.flink.streaming.api.datastream.SingleOutputStreamOperator	forward			 org.apache.flink.streaming.api.datastream.DataStream<T>	()	DataStream
f23	METHOD	org.apache.flink.streaming.api.datastream.SingleOutputStreamOperator	fullWindowPartition		@PublicEvolving	 org.apache.flink.streaming.api.datastream.PartitionWindowedStream<T>	()	DataStream
f23	METHOD	org.apache.flink.streaming.api.datastream.SingleOutputStreamOperator	getExecutionConfig			 org.apache.flink.api.common.ExecutionConfig	()	DataStream
f23	METHOD	org.apache.flink.streaming.api.datastream.SingleOutputStreamOperator	getExecutionEnvironment			 org.apache.flink.streaming.api.environment.StreamExecutionEnvironment	()	DataStream
f23	METHOD	org.apache.flink.streaming.api.datastream.SingleOutputStreamOperator	getId		@Internal	 int	()	DataStream
f23	METHOD	org.apache.flink.streaming.api.datastream.SingleOutputStreamOperator	getMinResources		@PublicEvolving	 org.apache.flink.api.common.operators.ResourceSpec	()	DataStream
f23	METHOD	org.apache.flink.streaming.api.datastream.SingleOutputStreamOperator	getName			 java.lang.String	()	SingleOutputStreamOperator
f23	METHOD	org.apache.flink.streaming.api.datastream.SingleOutputStreamOperator	getParallelism			 int	()	DataStream
f23	METHOD	org.apache.flink.streaming.api.datastream.SingleOutputStreamOperator	getPreferredResources		@PublicEvolving	 org.apache.flink.api.common.operators.ResourceSpec	()	DataStream
f23	METHOD	org.apache.flink.streaming.api.datastream.SingleOutputStreamOperator	getSideOutput			<X> org.apache.flink.streaming.api.datastream.SideOutputDataStream<X>	(org.apache.flink.util.OutputTag<X>)	SingleOutputStreamOperator
f23	METHOD	org.apache.flink.streaming.api.datastream.SingleOutputStreamOperator	getTransformation		@Internal	 org.apache.flink.api.dag.Transformation<T>	()	DataStream
f23	METHOD	org.apache.flink.streaming.api.datastream.SingleOutputStreamOperator	getType			 org.apache.flink.api.common.typeinfo.TypeInformation<T>	()	DataStream
f23	METHOD	org.apache.flink.streaming.api.datastream.SingleOutputStreamOperator	global		@PublicEvolving	 org.apache.flink.streaming.api.datastream.DataStream<T>	()	DataStream
f23	METHOD	org.apache.flink.streaming.api.datastream.SingleOutputStreamOperator	join			<T2> org.apache.flink.streaming.api.datastream.JoinedStreams<T, T2>	(org.apache.flink.streaming.api.datastream.DataStream<T2>)	DataStream
f23	METHOD	org.apache.flink.streaming.api.datastream.SingleOutputStreamOperator	keyBy	 protected		 org.apache.flink.streaming.api.datastream.KeyedStream<T, org.apache.flink.api.java.tuple.Tuple>	(org.apache.flink.api.common.operators.Keys<T>)	DataStream
f23	METHOD	org.apache.flink.streaming.api.datastream.SingleOutputStreamOperator	keyBy			<K> org.apache.flink.streaming.api.datastream.KeyedStream<T, K>	(org.apache.flink.api.java.functions.KeySelector<T, K>, org.apache.flink.api.common.typeinfo.TypeInformation<K>)	DataStream
f23	METHOD	org.apache.flink.streaming.api.datastream.SingleOutputStreamOperator	keyBy			<K> org.apache.flink.streaming.api.datastream.KeyedStream<T, K>	(org.apache.flink.api.java.functions.KeySelector<T, K>)	DataStream
f23	METHOD	org.apache.flink.streaming.api.datastream.SingleOutputStreamOperator	map			<R> org.apache.flink.streaming.api.datastream.SingleOutputStreamOperator<R>	(org.apache.flink.api.common.functions.MapFunction<T, R>, org.apache.flink.api.common.typeinfo.TypeInformation<R>)	DataStream
f23	METHOD	org.apache.flink.streaming.api.datastream.SingleOutputStreamOperator	map			<R> org.apache.flink.streaming.api.datastream.SingleOutputStreamOperator<R>	(org.apache.flink.api.common.functions.MapFunction<T, R>)	DataStream
f23	METHOD	org.apache.flink.streaming.api.datastream.SingleOutputStreamOperator	name			 org.apache.flink.streaming.api.datastream.SingleOutputStreamOperator<T>	(java.lang.String)	SingleOutputStreamOperator
f23	METHOD	org.apache.flink.streaming.api.datastream.SingleOutputStreamOperator	partitionCustom			<K> org.apache.flink.streaming.api.datastream.DataStream<T>	(org.apache.flink.api.common.functions.Partitioner<K>, org.apache.flink.api.java.functions.KeySelector<T, K>)	DataStream
f23	METHOD	org.apache.flink.streaming.api.datastream.SingleOutputStreamOperator	printToErr		@PublicEvolving	 org.apache.flink.streaming.api.datastream.DataStreamSink<T>	()	DataStream
f23	METHOD	org.apache.flink.streaming.api.datastream.SingleOutputStreamOperator	printToErr		@PublicEvolving	 org.apache.flink.streaming.api.datastream.DataStreamSink<T>	(java.lang.String)	DataStream
f23	METHOD	org.apache.flink.streaming.api.datastream.SingleOutputStreamOperator	print		@PublicEvolving	 org.apache.flink.streaming.api.datastream.DataStreamSink<T>	()	DataStream
f23	METHOD	org.apache.flink.streaming.api.datastream.SingleOutputStreamOperator	print		@PublicEvolving	 org.apache.flink.streaming.api.datastream.DataStreamSink<T>	(java.lang.String)	DataStream
f23	METHOD	org.apache.flink.streaming.api.datastream.SingleOutputStreamOperator	process		@Internal	<R> org.apache.flink.streaming.api.datastream.SingleOutputStreamOperator<R>	(org.apache.flink.streaming.api.functions.ProcessFunction<T, R>, org.apache.flink.api.common.typeinfo.TypeInformation<R>)	DataStream
f23	METHOD	org.apache.flink.streaming.api.datastream.SingleOutputStreamOperator	process		@PublicEvolving	<R> org.apache.flink.streaming.api.datastream.SingleOutputStreamOperator<R>	(org.apache.flink.streaming.api.functions.ProcessFunction<T, R>)	DataStream
f23	METHOD	org.apache.flink.streaming.api.datastream.SingleOutputStreamOperator	project		@PublicEvolving	<R> org.apache.flink.streaming.api.datastream.SingleOutputStreamOperator<R>	(int[])	DataStream
f23	METHOD	org.apache.flink.streaming.api.datastream.SingleOutputStreamOperator	rebalance			 org.apache.flink.streaming.api.datastream.DataStream<T>	()	DataStream
f23	METHOD	org.apache.flink.streaming.api.datastream.SingleOutputStreamOperator	rescale		@PublicEvolving	 org.apache.flink.streaming.api.datastream.DataStream<T>	()	DataStream
f23	METHOD	org.apache.flink.streaming.api.datastream.SingleOutputStreamOperator	returns			 org.apache.flink.streaming.api.datastream.SingleOutputStreamOperator<T>	(java.lang.Class<T>)	SingleOutputStreamOperator
f23	METHOD	org.apache.flink.streaming.api.datastream.SingleOutputStreamOperator	returns			 org.apache.flink.streaming.api.datastream.SingleOutputStreamOperator<T>	(org.apache.flink.api.common.typeinfo.TypeHint<T>)	SingleOutputStreamOperator
f23	METHOD	org.apache.flink.streaming.api.datastream.SingleOutputStreamOperator	returns			 org.apache.flink.streaming.api.datastream.SingleOutputStreamOperator<T>	(org.apache.flink.api.common.typeinfo.TypeInformation<T>)	SingleOutputStreamOperator
f23	METHOD	org.apache.flink.streaming.api.datastream.SingleOutputStreamOperator	setBufferTimeout			 org.apache.flink.streaming.api.datastream.SingleOutputStreamOperator<T>	(long)	SingleOutputStreamOperator
f23	METHOD	org.apache.flink.streaming.api.datastream.SingleOutputStreamOperator	setConnectionType	 protected		 org.apache.flink.streaming.api.datastream.DataStream<T>	(org.apache.flink.streaming.runtime.partitioner.StreamPartitioner<T>)	DataStream
f23	METHOD	org.apache.flink.streaming.api.datastream.SingleOutputStreamOperator	setDescription		@PublicEvolving	 org.apache.flink.streaming.api.datastream.SingleOutputStreamOperator<T>	(java.lang.String)	SingleOutputStreamOperator
f23	METHOD	org.apache.flink.streaming.api.datastream.SingleOutputStreamOperator	setMaxParallelism		@PublicEvolving	 org.apache.flink.streaming.api.datastream.SingleOutputStreamOperator<T>	(int)	SingleOutputStreamOperator
f23	METHOD	org.apache.flink.streaming.api.datastream.SingleOutputStreamOperator	setParallelism			 org.apache.flink.streaming.api.datastream.SingleOutputStreamOperator<T>	(int)	SingleOutputStreamOperator
f23	METHOD	org.apache.flink.streaming.api.datastream.SingleOutputStreamOperator	setUidHash		@PublicEvolving	 org.apache.flink.streaming.api.datastream.SingleOutputStreamOperator<T>	(java.lang.String)	SingleOutputStreamOperator
f23	METHOD	org.apache.flink.streaming.api.datastream.SingleOutputStreamOperator	shuffle		@PublicEvolving	 org.apache.flink.streaming.api.datastream.DataStream<T>	()	DataStream
f23	METHOD	org.apache.flink.streaming.api.datastream.SingleOutputStreamOperator	sinkTo		@PublicEvolving	 org.apache.flink.streaming.api.datastream.DataStreamSink<T>	(org.apache.flink.api.connector.sink2.Sink<T>, org.apache.flink.streaming.api.datastream.CustomSinkOperatorUidHashes)	DataStream
f23	METHOD	org.apache.flink.streaming.api.datastream.SingleOutputStreamOperator	sinkTo		@PublicEvolving	 org.apache.flink.streaming.api.datastream.DataStreamSink<T>	(org.apache.flink.api.connector.sink2.Sink<T>)	DataStream
f23	METHOD	org.apache.flink.streaming.api.datastream.SingleOutputStreamOperator	slotSharingGroup		@PublicEvolving	 org.apache.flink.streaming.api.datastream.SingleOutputStreamOperator<T>	(java.lang.String)	SingleOutputStreamOperator
f23	METHOD	org.apache.flink.streaming.api.datastream.SingleOutputStreamOperator	slotSharingGroup		@PublicEvolving	 org.apache.flink.streaming.api.datastream.SingleOutputStreamOperator<T>	(org.apache.flink.api.common.operators.SlotSharingGroup)	SingleOutputStreamOperator
f23	METHOD	org.apache.flink.streaming.api.datastream.SingleOutputStreamOperator	startNewChain		@PublicEvolving	 org.apache.flink.streaming.api.datastream.SingleOutputStreamOperator<T>	()	SingleOutputStreamOperator
f23	METHOD	org.apache.flink.streaming.api.datastream.SingleOutputStreamOperator	transform		@PublicEvolving	<R> org.apache.flink.streaming.api.datastream.SingleOutputStreamOperator<R>	(java.lang.String, org.apache.flink.api.common.typeinfo.TypeInformation<R>, org.apache.flink.streaming.api.operators.OneInputStreamOperatorFactory<T, R>)	DataStream
f23	METHOD	org.apache.flink.streaming.api.datastream.SingleOutputStreamOperator	transform		@PublicEvolving	<R> org.apache.flink.streaming.api.datastream.SingleOutputStreamOperator<R>	(java.lang.String, org.apache.flink.api.common.typeinfo.TypeInformation<R>, org.apache.flink.streaming.api.operators.OneInputStreamOperator<T, R>)	DataStream
f23	METHOD	org.apache.flink.streaming.api.datastream.SingleOutputStreamOperator	uid		@PublicEvolving	 org.apache.flink.streaming.api.datastream.SingleOutputStreamOperator<T>	(java.lang.String)	SingleOutputStreamOperator
f23	METHOD	org.apache.flink.streaming.api.datastream.SingleOutputStreamOperator	union	final		 org.apache.flink.streaming.api.datastream.DataStream<T>	(org.apache.flink.streaming.api.datastream.DataStream<T>[])	DataStream
f23	METHOD	org.apache.flink.streaming.api.datastream.SingleOutputStreamOperator	windowAll		@PublicEvolving	<W> org.apache.flink.streaming.api.datastream.AllWindowedStream<T, W>	(org.apache.flink.streaming.api.windowing.assigners.WindowAssigner<? super T, W>)	DataStream
f23	METHOD	org.apache.flink.streaming.api.datastream.SingleOutputStreamOperator	writeToSocket		@PublicEvolving	 org.apache.flink.streaming.api.datastream.DataStreamSink<T>	(java.lang.String, int, org.apache.flink.api.common.serialization.SerializationSchema<T>)	DataStream
f23	METHOD	org.apache.flink.streaming.api.datastream.SingleOutputStreamOperator	writeUsingOutputFormat		@Deprecated @PublicEvolving	 org.apache.flink.streaming.api.datastream.DataStreamSink<T>	(org.apache.flink.api.common.io.OutputFormat<T>)	DataStream
f23	FIELD	org.apache.flink.streaming.api.datastream.SingleOutputStreamOperator	nonParallel	protected		boolean		SingleOutputStreamOperator
f23	FIELD	org.apache.flink.streaming.api.datastream.SingleOutputStreamOperator	requestedSideOutputs	private		java.util.Map<org.apache.flink.util.OutputTag<?>, org.apache.flink.api.common.typeinfo.TypeInformation<?>>		SingleOutputStreamOperator
f23	FIELD	org.apache.flink.streaming.api.datastream.SingleOutputStreamOperator	environment	protected final		org.apache.flink.streaming.api.environment.StreamExecutionEnvironment		DataStream
f23	FIELD	org.apache.flink.streaming.api.datastream.SingleOutputStreamOperator	transformation	protected final		org.apache.flink.api.dag.Transformation<T>		DataStream
f23	CLASS	org.apache.flink.streaming.api.datastream.KeyedStream	-		@Public	org.apache.flink.streaming.api.datastream.DataStream<T>		
f23	CTOR	org.apache.flink.streaming.api.datastream.KeyedStream	<init>	 package	@Internal		(org.apache.flink.streaming.api.datastream.DataStream<T>, org.apache.flink.streaming.api.transformations.PartitionTransformation<T>, org.apache.flink.api.java.functions.KeySelector<T, KEY>, org.apache.flink.api.common.typeinfo.TypeInformation<KEY>)	
f23	CTOR	org.apache.flink.streaming.api.datastream.KeyedStream	<init>				(org.apache.flink.streaming.api.datastream.DataStream<T>, org.apache.flink.api.java.functions.KeySelector<T, KEY>, org.apache.flink.api.common.typeinfo.TypeInformation<KEY>)	
f23	CTOR	org.apache.flink.streaming.api.datastream.KeyedStream	<init>				(org.apache.flink.streaming.api.datastream.DataStream<T>, org.apache.flink.api.java.functions.KeySelector<T, KEY>)	
f23	METHOD	org.apache.flink.streaming.api.datastream.KeyedStream	addSink			 org.apache.flink.streaming.api.datastream.DataStreamSink<T>	(org.apache.flink.streaming.api.functions.sink.legacy.SinkFunction<T>)	KeyedStream
f23	METHOD	org.apache.flink.streaming.api.datastream.KeyedStream	aggregate	 protected		 org.apache.flink.streaming.api.datastream.SingleOutputStreamOperator<T>	(org.apache.flink.streaming.api.functions.aggregation.AggregationFunction<T>)	KeyedStream
f23	METHOD	org.apache.flink.streaming.api.datastream.KeyedStream	asQueryableState		@PublicEvolving @Deprecated	 org.apache.flink.streaming.api.datastream.QueryableStateStream<KEY, T>	(java.lang.String, org.apache.flink.api.common.state.ReducingStateDescriptor<T>)	KeyedStream
f23	METHOD	org.apache.flink.streaming.api.datastream.KeyedStream	asQueryableState		@PublicEvolving @Deprecated	 org.apache.flink.streaming.api.datastream.QueryableStateStream<KEY, T>	(java.lang.String, org.apache.flink.api.common.state.ValueStateDescriptor<T>)	KeyedStream
f23	METHOD	org.apache.flink.streaming.api.datastream.KeyedStream	asQueryableState		@PublicEvolving @Deprecated	 org.apache.flink.streaming.api.datastream.QueryableStateStream<KEY, T>	(java.lang.String)	KeyedStream
f23	METHOD	org.apache.flink.streaming.api.datastream.KeyedStream	assignTimestampsAndWatermarks			 org.apache.flink.streaming.api.datastream.SingleOutputStreamOperator<T>	(org.apache.flink.api.common.eventtime.WatermarkStrategy<T>)	DataStream
f23	METHOD	org.apache.flink.streaming.api.datastream.KeyedStream	broadcast			 org.apache.flink.streaming.api.datastream.DataStream<T>	()	DataStream
f23	METHOD	org.apache.flink.streaming.api.datastream.KeyedStream	broadcast		@PublicEvolving	 org.apache.flink.streaming.api.datastream.BroadcastStream<T>	(org.apache.flink.api.common.state.MapStateDescriptor<?, ?>[])	DataStream
f23	METHOD	org.apache.flink.streaming.api.datastream.KeyedStream	clean	 protected		<F> F	(F)	DataStream
f23	METHOD	org.apache.flink.streaming.api.datastream.KeyedStream	coGroup			<T2> org.apache.flink.streaming.api.datastream.CoGroupedStreams<T, T2>	(org.apache.flink.streaming.api.datastream.DataStream<T2>)	DataStream
f23	METHOD	org.apache.flink.streaming.api.datastream.KeyedStream	collectAsync		@Experimental	 org.apache.flink.util.CloseableIterator<T>	()	DataStream
f23	METHOD	org.apache.flink.streaming.api.datastream.KeyedStream	collectAsync		@Experimental	 void	(org.apache.flink.streaming.api.datastream.DataStream$Collector<T>)	DataStream
f23	METHOD	org.apache.flink.streaming.api.datastream.KeyedStream	connect		@PublicEvolving	<R> org.apache.flink.streaming.api.datastream.BroadcastConnectedStream<T, R>	(org.apache.flink.streaming.api.datastream.BroadcastStream<R>)	DataStream
f23	METHOD	org.apache.flink.streaming.api.datastream.KeyedStream	connect			<R> org.apache.flink.streaming.api.datastream.ConnectedStreams<T, R>	(org.apache.flink.streaming.api.datastream.DataStream<R>)	DataStream
f23	METHOD	org.apache.flink.streaming.api.datastream.KeyedStream	countWindowAll			 org.apache.flink.streaming.api.datastream.AllWindowedStream<T, org.apache.flink.streaming.api.windowing.windows.GlobalWindow>	(long, long)	DataStream
f23	METHOD	org.apache.flink.streaming.api.datastream.KeyedStream	countWindowAll			 org.apache.flink.streaming.api.datastream.AllWindowedStream<T, org.apache.flink.streaming.api.windowing.windows.GlobalWindow>	(long)	DataStream
f23	METHOD	org.apache.flink.streaming.api.datastream.KeyedStream	countWindow			 org.apache.flink.streaming.api.datastream.WindowedStream<T, KEY, org.apache.flink.streaming.api.windowing.windows.GlobalWindow>	(long, long)	KeyedStream
f23	METHOD	org.apache.flink.streaming.api.datastream.KeyedStream	countWindow			 org.apache.flink.streaming.api.datastream.WindowedStream<T, KEY, org.apache.flink.streaming.api.windowing.windows.GlobalWindow>	(long)	KeyedStream
f23	METHOD	org.apache.flink.streaming.api.datastream.KeyedStream	doTransform	 protected		<R> org.apache.flink.streaming.api.datastream.SingleOutputStreamOperator<R>	(java.lang.String, org.apache.flink.api.common.typeinfo.TypeInformation<R>, org.apache.flink.streaming.api.operators.StreamOperatorFactory<R>)	KeyedStream
f23	METHOD	org.apache.flink.streaming.api.datastream.KeyedStream	enableAsyncState		@Experimental	 org.apache.flink.streaming.api.datastream.KeyedStream<T, KEY>	()	KeyedStream
f23	METHOD	org.apache.flink.streaming.api.datastream.KeyedStream	executeAndCollect			 org.apache.flink.util.CloseableIterator<T>	()	DataStream
f23	METHOD	org.apache.flink.streaming.api.datastream.KeyedStream	executeAndCollect			 java.util.List<T>	(java.lang.String, int)	DataStream
f23	METHOD	org.apache.flink.streaming.api.datastream.KeyedStream	executeAndCollect			 org.apache.flink.util.CloseableIterator<T>	(java.lang.String)	DataStream
f23	METHOD	org.apache.flink.streaming.api.datastream.KeyedStream	executeAndCollect			 java.util.List<T>	(int)	DataStream
f23	METHOD	org.apache.flink.streaming.api.datastream.KeyedStream	filter			 org.apache.flink.streaming.api.datastream.SingleOutputStreamOperator<T>	(org.apache.flink.api.common.functions.FilterFunction<T>)	DataStream
f23	METHOD	org.apache.flink.streaming.api.datastream.KeyedStream	flatMap			<R> org.apache.flink.streaming.api.datastream.SingleOutputStreamOperator<R>	(org.apache.flink.api.common.functions.FlatMapFunction<T, R>, org.apache.flink.api.common.typeinfo.TypeInformation<R>)	KeyedStream
f23	METHOD	org.apache.flink.streaming.api.datastream.KeyedStream	flatMap			<R> org.apache.flink.streaming.api.datastream.SingleOutputStreamOperator<R>	(org.apache.flink.api.common.functions.FlatMapFunction<T, R>)	DataStream
f23	METHOD	org.apache.flink.streaming.api.datastream.KeyedStream	forward			 org.apache.flink.streaming.api.datastream.DataStream<T>	()	DataStream
f23	METHOD	org.apache.flink.streaming.api.datastream.KeyedStream	fullWindowPartition		@PublicEvolving	 org.apache.flink.streaming.api.datastream.PartitionWindowedStream<T>	()	KeyedStream
f23	METHOD	org.apache.flink.streaming.api.datastream.KeyedStream	getExecutionConfig			 org.apache.flink.api.common.ExecutionConfig	()	DataStream
f23	METHOD	org.apache.flink.streaming.api.datastream.KeyedStream	getExecutionEnvironment			 org.apache.flink.streaming.api.environment.StreamExecutionEnvironment	()	DataStream
f23	METHOD	org.apache.flink.streaming.api.datastream.KeyedStream	getId		@Internal	 int	()	DataStream
f23	METHOD	org.apache.flink.streaming.api.datastream.KeyedStream	getKeySelector		@Internal	 org.apache.flink.api.java.functions.KeySelector<T, KEY>	()	KeyedStream
f23	METHOD	org.apache.flink.streaming.api.datastream.KeyedStream	getKeyType		@Internal	 org.apache.flink.api.common.typeinfo.TypeInformation<KEY>	()	KeyedStream
f23	METHOD	org.apache.flink.streaming.api.datastream.KeyedStream	getMinResources		@PublicEvolving	 org.apache.flink.api.common.operators.ResourceSpec	()	DataStream
f23	METHOD	org.apache.flink.streaming.api.datastream.KeyedStream	getParallelism			 int	()	DataStream
f23	METHOD	org.apache.flink.streaming.api.datastream.KeyedStream	getPreferredResources		@PublicEvolving	 org.apache.flink.api.common.operators.ResourceSpec	()	DataStream
f23	METHOD	org.apache.flink.streaming.api.datastream.KeyedStream	getTransformation		@Internal	 org.apache.flink.api.dag.Transformation<T>	()	DataStream
f23	METHOD	org.apache.flink.streaming.api.datastream.KeyedStream	getType			 org.apache.flink.api.common.typeinfo.TypeInformation<T>	()	DataStream
f23	METHOD	org.apache.flink.streaming.api.datastream.KeyedStream	global		@PublicEvolving	 org.apache.flink.streaming.api.datastream.DataStream<T>	()	DataStream
f23	METHOD	org.apache.flink.streaming.api.datastream.KeyedStream	intervalJoin		@PublicEvolving	<T1> org.apache.flink.streaming.api.datastream.KeyedStream$IntervalJoin<T, T1, KEY>	(org.apache.flink.streaming.api.datastream.KeyedStream<T1, KEY>)	KeyedStream
f23	METHOD	org.apache.flink.streaming.api.datastream.KeyedStream	join			<T2> org.apache.flink.streaming.api.datastream.JoinedStreams<T, T2>	(org.apache.flink.streaming.api.datastream.DataStream<T2>)	DataStream
f23	METHOD	org.apache.flink.streaming.api.datastream.KeyedStream	keyBy	 protected		 org.apache.flink.streaming.api.datastream.KeyedStream<T, org.apache.flink.api.java.tuple.Tuple>	(org.apache.flink.api.common.operators.Keys<T>)	DataStream
f23	METHOD	org.apache.flink.streaming.api.datastream.KeyedStream	keyBy			<K> org.apache.flink.streaming.api.datastream.KeyedStream<T, K>	(org.apache.flink.api.java.functions.KeySelector<T, K>, org.apache.flink.api.common.typeinfo.TypeInformation<K>)	DataStream
f23	METHOD	org.apache.flink.streaming.api.datastream.KeyedStream	keyBy			<K> org.apache.flink.streaming.api.datastream.KeyedStream<T, K>	(org.apache.flink.api.java.functions.KeySelector<T, K>)	DataStream
f23	METHOD	org.apache.flink.streaming.api.datastream.KeyedStream	map			<R> org.apache.flink.streaming.api.datastream.SingleOutputStreamOperator<R>	(org.apache.flink.api.common.functions.MapFunction<T, R>, org.apache.flink.api.common.typeinfo.TypeInformation<R>)	DataStream
f23	METHOD	org.apache.flink.streaming.api.datastream.KeyedStream	map			<R> org.apache.flink.streaming.api.datastream.SingleOutputStreamOperator<R>	(org.apache.flink.api.common.functions.MapFunction<T, R>)	DataStream
f23	METHOD	org.apache.flink.streaming.api.datastream.KeyedStream	maxBy			 org.apache.flink.streaming.api.datastream.SingleOutputStreamOperator<T>	(java.lang.String, boolean)	KeyedStream
f23	METHOD	org.apache.flink.streaming.api.datastream.KeyedStream	maxBy			 org.apache.flink.streaming.api.datastream.SingleOutputStreamOperator<T>	(java.lang.String)	KeyedStream
f23	METHOD	org.apache.flink.streaming.api.datastream.KeyedStream	maxBy			 org.apache.flink.streaming.api.datastream.SingleOutputStreamOperator<T>	(int, boolean)	KeyedStream
f23	METHOD	org.apache.flink.streaming.api.datastream.KeyedStream	maxBy			 org.apache.flink.streaming.api.datastream.SingleOutputStreamOperator<T>	(int)	KeyedStream
f23	METHOD	org.apache.flink.streaming.api.datastream.KeyedStream	max			 org.apache.flink.streaming.api.datastream.SingleOutputStreamOperator<T>	(java.lang.String)	KeyedStream
f23	METHOD	org.apache.flink.streaming.api.datastream.KeyedStream	max			 org.apache.flink.streaming.api.datastream.SingleOutputStreamOperator<T>	(int)	KeyedStream
f23	METHOD	org.apache.flink.streaming.api.datastream.KeyedStream	minBy			 org.apache.flink.streaming.api.datastream.SingleOutputStreamOperator<T>	(java.lang.String, boolean)	KeyedStream
f23	METHOD	org.apache.flink.streaming.api.datastream.KeyedStream	minBy			 org.apache.flink.streaming.api.datastream.SingleOutputStreamOperator<T>	(java.lang.String)	KeyedStream
f23	METHOD	org.apache.flink.streaming.api.datastream.KeyedStream	minBy			 org.apache.flink.streaming.api.datastream.SingleOutputStreamOperator<T>	(int, boolean)	KeyedStream
f23	METHOD	org.apache.flink.streaming.api.datastream.KeyedStream	minBy			 org.apache.flink.streaming.api.datastream.SingleOutputStreamOperator<T>	(int)	KeyedStream
f23	METHOD	org.apache.flink.streaming.api.datastream.KeyedStream	min			 org.apache.flink.streaming.api.datastream.SingleOutputStreamOperator<T>	(java.lang.String)	KeyedStream
f23	METHOD	org.apache.flink.streaming.api.datastream.KeyedStream	min			 org.apache.flink.streaming.api.datastream.SingleOutputStreamOperator<T>	(int)	KeyedStream
f23	METHOD	org.apache.flink.streaming.api.datastream.KeyedStream	partitionCustom			<K> org.apache.flink.streaming.api.datastream.DataStream<T>	(org.apache.flink.api.common.functions.Partitioner<K>, org.apache.flink.api.java.functions.KeySelector<T, K>)	DataStream
f23	METHOD	org.apache.flink.streaming.api.datastream.KeyedStream	printToErr		@PublicEvolving	 org.apache.flink.streaming.api.datastream.DataStreamSink<T>	()	DataStream
f23	METHOD	org.apache.flink.streaming.api.datastream.KeyedStream	printToErr		@PublicEvolving	 org.apache.flink.streaming.api.datastream.DataStreamSink<T>	(java.lang.String)	DataStream
f23	METHOD	org.apache.flink.streaming.api.datastream.KeyedStream	print		@PublicEvolving	 org.apache.flink.streaming.api.datastream.DataStreamSink<T>	()	DataStream
f23	METHOD	org.apache.flink.streaming.api.datastream.KeyedStream	print		@PublicEvolving	 org.apache.flink.streaming.api.datastream.DataStreamSink<T>	(java.lang.String)	DataStream
f23	METHOD	org.apache.flink.streaming.api.datastream.KeyedStream	process		@Internal	<R> org.apache.flink.streaming.api.datastream.SingleOutputStreamOperator<R>	(org.apache.flink.streaming.api.functions.KeyedProcessFunction<KEY, T, R>, org.apache.flink.api.common.typeinfo.TypeInformation<R>)	KeyedStream
f23	METHOD	org.apache.flink.streaming.api.datastream.KeyedStream	process		@PublicEvolving	<R> org.apache.flink.streaming.api.datastream.SingleOutputStreamOperator<R>	(org.apache.flink.streaming.api.functions.KeyedProcessFunction<KEY, T, R>)	KeyedStream
f23	METHOD	org.apache.flink.streaming.api.datastream.KeyedStream	process		@Internal	<R> org.apache.flink.streaming.api.datastream.SingleOutputStreamOperator<R>	(org.apache.flink.streaming.api.functions.ProcessFunction<T, R>, org.apache.flink.api.common.typeinfo.TypeInformation<R>)	DataStream
f23	METHOD	org.apache.flink.streaming.api.datastream.KeyedStream	process		@PublicEvolving	<R> org.apache.flink.streaming.api.datastream.SingleOutputStreamOperator<R>	(org.apache.flink.streaming.api.functions.ProcessFunction<T, R>)	DataStream
f23	METHOD	org.apache.flink.streaming.api.datastream.KeyedStream	project		@PublicEvolving	<R> org.apache.flink.streaming.api.datastream.SingleOutputStreamOperator<R>	(int[])	DataStream
f23	METHOD	org.apache.flink.streaming.api.datastream.KeyedStream	rebalance			 org.apache.flink.streaming.api.datastream.DataStream<T>	()	DataStream
f23	METHOD	org.apache.flink.streaming.api.datastream.KeyedStream	reduce			 org.apache.flink.streaming.api.datastream.SingleOutputStreamOperator<T>	(org.apache.flink.api.common.functions.ReduceFunction<T>)	KeyedStream
f23	METHOD	org.apache.flink.streaming.api.datastream.KeyedStream	rescale		@PublicEvolving	 org.apache.flink.streaming.api.datastream.DataStream<T>	()	DataStream
f23	METHOD	org.apache.flink.streaming.api.datastream.KeyedStream	setConnectionType	 protected		 org.apache.flink.streaming.api.datastream.DataStream<T>	(org.apache.flink.streaming.runtime.partitioner.StreamPartitioner<T>)	KeyedStream
f23	METHOD	org.apache.flink.streaming.api.datastream.KeyedStream	shuffle		@PublicEvolving	 org.apache.flink.streaming.api.datastream.DataStream<T>	()	DataStream
f23	METHOD	org.apache.flink.streaming.api.datastream.KeyedStream	sinkTo		@PublicEvolving	 org.apache.flink.streaming.api.datastream.DataStreamSink<T>	(org.apache.flink.api.connector.sink2.Sink<T>, org.apache.flink.streaming.api.datastream.CustomSinkOperatorUidHashes)	DataStream
f23	METHOD	org.apache.flink.streaming.api.datastream.KeyedStream	sinkTo		@PublicEvolving	 org.apache.flink.streaming.api.datastream.DataStreamSink<T>	(org.apache.flink.api.connector.sink2.Sink<T>)	DataStream
f23	METHOD	org.apache.flink.streaming.api.datastream.KeyedStream	sum			 org.apache.flink.streaming.api.datastream.SingleOutputStreamOperator<T>	(java.lang.String)	KeyedStream
f23	METHOD	org.apache.flink.streaming.api.datastream.KeyedStream	sum			 org.apache.flink.streaming.api.datastream.SingleOutputStreamOperator<T>	(int)	KeyedStream
f23	METHOD	org.apache.flink.streaming.api.datastream.KeyedStream	transform		@PublicEvolving	<R> org.apache.flink.streaming.api.datastream.SingleOutputStreamOperator<R>	(java.lang.String, org.apache.flink.api.common.typeinfo.TypeInformation<R>, org.apache.flink.streaming.api.operators.OneInputStreamOperatorFactory<T, R>)	DataStream
f23	METHOD	org.apache.flink.streaming.api.datastream.KeyedStream	transform		@PublicEvolving	<R> org.apache.flink.streaming.api.datastream.SingleOutputStreamOperator<R>	(java.lang.String, org.apache.flink.api.common.typeinfo.TypeInformation<R>, org.apache.flink.streaming.api.operators.OneInputStreamOperator<T, R>)	DataStream
f23	METHOD	org.apache.flink.streaming.api.datastream.KeyedStream	union	final		 org.apache.flink.streaming.api.datastream.DataStream<T>	(org.apache.flink.streaming.api.datastream.DataStream<T>[])	DataStream
f23	METHOD	org.apache.flink.streaming.api.datastream.KeyedStream	windowAll		@PublicEvolving	<W> org.apache.flink.streaming.api.datastream.AllWindowedStream<T, W>	(org.apache.flink.streaming.api.windowing.assigners.WindowAssigner<? super T, W>)	DataStream
f23	METHOD	org.apache.flink.streaming.api.datastream.KeyedStream	window		@PublicEvolving	<W> org.apache.flink.streaming.api.datastream.WindowedStream<T, KEY, W>	(org.apache.flink.streaming.api.windowing.assigners.WindowAssigner<? super T, W>)	KeyedStream
f23	METHOD	org.apache.flink.streaming.api.datastream.KeyedStream	writeToSocket		@PublicEvolving	 org.apache.flink.streaming.api.datastream.DataStreamSink<T>	(java.lang.String, int, org.apache.flink.api.common.serialization.SerializationSchema<T>)	DataStream
f23	METHOD	org.apache.flink.streaming.api.datastream.KeyedStream	writeUsingOutputFormat		@Deprecated @PublicEvolving	 org.apache.flink.streaming.api.datastream.DataStreamSink<T>	(org.apache.flink.api.common.io.OutputFormat<T>)	DataStream
f23	FIELD	org.apache.flink.streaming.api.datastream.KeyedStream	keySelector	private final		org.apache.flink.api.java.functions.KeySelector<T, KEY>		KeyedStream
f23	FIELD	org.apache.flink.streaming.api.datastream.KeyedStream	keyType	private final		org.apache.flink.api.common.typeinfo.TypeInformation<KEY>		KeyedStream
f23	FIELD	org.apache.flink.streaming.api.datastream.KeyedStream	isEnableAsyncState	private		boolean		KeyedStream
f23	FIELD	org.apache.flink.streaming.api.datastream.KeyedStream	environment	protected final		org.apache.flink.streaming.api.environment.StreamExecutionEnvironment		DataStream
f23	FIELD	org.apache.flink.streaming.api.datastream.KeyedStream	transformation	protected final		org.apache.flink.api.dag.Transformation<T>		DataStream
f23	CLASS	org.apache.flink.streaming.api.datastream.DataStreamSource	-		@Public	org.apache.flink.streaming.api.datastream.SingleOutputStreamOperator<T>		
f23	CTOR	org.apache.flink.streaming.api.datastream.DataStreamSource	<init>				(org.apache.flink.streaming.api.environment.StreamExecutionEnvironment, org.apache.flink.api.connector.source.Source<T, ?, ?>, org.apache.flink.api.common.eventtime.WatermarkStrategy<T>, org.apache.flink.api.common.typeinfo.TypeInformation<T>, java.lang.String)	
f23	CTOR	org.apache.flink.streaming.api.datastream.DataStreamSource	<init>				(org.apache.flink.streaming.api.datastream.SingleOutputStreamOperator<T>)	
f23	CTOR	org.apache.flink.streaming.api.datastream.DataStreamSource	<init>				(org.apache.flink.streaming.api.environment.StreamExecutionEnvironment, org.apache.flink.api.common.typeinfo.TypeInformation<T>, org.apache.flink.streaming.api.operators.StreamSource<T, ?>, boolean, java.lang.String)	
f23	CTOR	org.apache.flink.streaming.api.datastream.DataStreamSource	<init>				(org.apache.flink.streaming.api.environment.StreamExecutionEnvironment, org.apache.flink.api.common.typeinfo.TypeInformation<T>, org.apache.flink.streaming.api.operators.StreamSource<T, ?>, boolean, java.lang.String, org.apache.flink.api.connector.source.Boundedness)	
f23	METHOD	org.apache.flink.streaming.api.datastream.DataStreamSource	addMetricVariable		@PublicEvolving	 org.apache.flink.streaming.api.datastream.SingleOutputStreamOperator<T>	(java.lang.String, java.lang.String)	SingleOutputStreamOperator
f23	METHOD	org.apache.flink.streaming.api.datastream.DataStreamSource	addSink			 org.apache.flink.streaming.api.datastream.DataStreamSink<T>	(org.apache.flink.streaming.api.functions.sink.legacy.SinkFunction<T>)	DataStream
f23	METHOD	org.apache.flink.streaming.api.datastream.DataStreamSource	assignTimestampsAndWatermarks			 org.apache.flink.streaming.api.datastream.SingleOutputStreamOperator<T>	(org.apache.flink.api.common.eventtime.WatermarkStrategy<T>)	DataStream
f23	METHOD	org.apache.flink.streaming.api.datastream.DataStreamSource	broadcast			 org.apache.flink.streaming.api.datastream.DataStream<T>	()	DataStream
f23	METHOD	org.apache.flink.streaming.api.datastream.DataStreamSource	broadcast		@PublicEvolving	 org.apache.flink.streaming.api.datastream.BroadcastStream<T>	(org.apache.flink.api.common.state.MapStateDescriptor<?, ?>[])	DataStream
f23	METHOD	org.apache.flink.streaming.api.datastream.DataStreamSource	cache		@PublicEvolving	 org.apache.flink.streaming.api.datastream.CachedDataStream<T>	()	SingleOutputStreamOperator
f23	METHOD	org.apache.flink.streaming.api.datastream.DataStreamSource	clean	 protected		<F> F	(F)	DataStream
f23	METHOD	org.apache.flink.streaming.api.datastream.DataStreamSource	coGroup			<T2> org.apache.flink.streaming.api.datastream.CoGroupedStreams<T, T2>	(org.apache.flink.streaming.api.datastream.DataStream<T2>)	DataStream
f23	METHOD	org.apache.flink.streaming.api.datastream.DataStreamSource	collectAsync		@Experimental	 org.apache.flink.util.CloseableIterator<T>	()	DataStream
f23	METHOD	org.apache.flink.streaming.api.datastream.DataStreamSource	collectAsync		@Experimental	 void	(org.apache.flink.streaming.api.datastream.DataStream$Collector<T>)	DataStream
f23	METHOD	org.apache.flink.streaming.api.datastream.DataStreamSource	connect		@PublicEvolving	<R> org.apache.flink.streaming.api.datastream.BroadcastConnectedStream<T, R>	(org.apache.flink.streaming.api.datastream.BroadcastStream<R>)	DataStream
f23	METHOD	org.apache.flink.streaming.api.datastream.DataStreamSource	connect			<R> org.apache.flink.streaming.api.datastream.ConnectedStreams<T, R>	(org.apache.flink.streaming.api.datastream.DataStream<R>)	DataStream
f23	METHOD	org.apache.flink.streaming.api.datastream.DataStreamSource	countWindowAll			 org.apache.flink.streaming.api.datastream.AllWindowedStream<T, org.apache.flink.streaming.api.windowing.windows.GlobalWindow>	(long, long)	DataStream
f23	METHOD	org.apache.flink.streaming.api.datastream.DataStreamSource	countWindowAll			 org.apache.flink.streaming.api.datastream.AllWindowedStream<T, org.apache.flink.streaming.api.windowing.windows.GlobalWindow>	(long)	DataStream
f23	METHOD	org.apache.flink.streaming.api.datastream.DataStreamSource	disableChaining		@PublicEvolving	 org.apache.flink.streaming.api.datastream.SingleOutputStreamOperator<T>	()	SingleOutputStreamOperator
f23	METHOD	org.apache.flink.streaming.api.datastream.DataStreamSource	doTransform	 protected		<R> org.apache.flink.streaming.api.datastream.SingleOutputStreamOperator<R>	(java.lang.String, org.apache.flink.api.common.typeinfo.TypeInformation<R>, org.apache.flink.streaming.api.operators.StreamOperatorFactory<R>)	DataStream
f23	METHOD	org.apache.flink.streaming.api.datastream.DataStreamSource	enableAsyncState		@Experimental	 org.apache.flink.streaming.api.datastream.SingleOutputStreamOperator<T>	()	SingleOutputStreamOperator
f23	METHOD	org.apache.flink.streaming.api.datastream.DataStreamSource	executeAndCollect			 org.apache.flink.util.CloseableIterator<T>	()	DataStream
f23	METHOD	org.apache.flink.streaming.api.datastream.DataStreamSource	executeAndCollect			 java.util.List<T>	(java.lang.String, int)	DataStream
f23	METHOD	org.apache.flink.streaming.api.datastream.DataStreamSource	executeAndCollect			 org.apache.flink.util.CloseableIterator<T>	(java.lang.String)	DataStream
f23	METHOD	org.apache.flink.streaming.api.datastream.DataStreamSource	executeAndCollect			 java.util.List<T>	(int)	DataStream
f23	METHOD	org.apache.flink.streaming.api.datastream.DataStreamSource	filter			 org.apache.flink.streaming.api.datastream.SingleOutputStreamOperator<T>	(org.apache.flink.api.common.functions.FilterFunction<T>)	DataStream
f23	METHOD	org.apache.flink.streaming.api.datastream.DataStreamSource	flatMap			<R> org.apache.flink.streaming.api.datastream.SingleOutputStreamOperator<R>	(org.apache.flink.api.common.functions.FlatMapFunction<T, R>, org.apache.flink.api.common.typeinfo.TypeInformation<R>)	DataStream
f23	METHOD	org.apache.flink.streaming.api.datastream.DataStreamSource	flatMap			<R> org.apache.flink.streaming.api.datastream.SingleOutputStreamOperator<R>	(org.apache.flink.api.common.functions.FlatMapFunction<T, R>)	DataStream
f23	METHOD	org.apache.flink.streaming.api.datastream.DataStreamSource	forceNonParallel		@PublicEvolving	 org.apache.flink.streaming.api.datastream.SingleOutputStreamOperator<T>	()	SingleOutputStreamOperator
f23	METHOD	org.apache.flink.streaming.api.datastream.DataStreamSource	forward			 org.apache.flink.streaming.api.datastream.DataStream<T>	()	DataStream
f23	METHOD	org.apache.flink.streaming.api.datastream.DataStreamSource	fullWindowPartition		@PublicEvolving	 org.apache.flink.streaming.api.datastream.PartitionWindowedStream<T>	()	DataStream
f23	METHOD	org.apache.flink.streaming.api.datastream.DataStreamSource	getExecutionConfig			 org.apache.flink.api.common.ExecutionConfig	()	DataStream
f23	METHOD	org.apache.flink.streaming.api.datastream.DataStreamSource	getExecutionEnvironment			 org.apache.flink.streaming.api.environment.StreamExecutionEnvironment	()	DataStream
f23	METHOD	org.apache.flink.streaming.api.datastream.DataStreamSource	getId		@Internal	 int	()	DataStream
f23	METHOD	org.apache.flink.streaming.api.datastream.DataStreamSource	getMinResources		@PublicEvolving	 org.apache.flink.api.common.operators.ResourceSpec	()	DataStream
f23	METHOD	org.apache.flink.streaming.api.datastream.DataStreamSource	getName			 java.lang.String	()	SingleOutputStreamOperator
f23	METHOD	org.apache.flink.streaming.api.datastream.DataStreamSource	getParallelism			 int	()	DataStream
f23	METHOD	org.apache.flink.streaming.api.datastream.DataStreamSource	getPreferredResources		@PublicEvolving	 org.apache.flink.api.common.operators.ResourceSpec	()	DataStream
f23	METHOD	org.apache.flink.streaming.api.datastream.DataStreamSource	getSideOutput			<X> org.apache.flink.streaming.api.datastream.SideOutputDataStream<X>	(org.apache.flink.util.OutputTag<X>)	SingleOutputStreamOperator
f23	METHOD	org.apache.flink.streaming.api.datastream.DataStreamSource	getTransformation		@Internal	 org.apache.flink.api.dag.Transformation<T>	()	DataStream
f23	METHOD	org.apache.flink.streaming.api.datastream.DataStreamSource	getType			 org.apache.flink.api.common.typeinfo.TypeInformation<T>	()	DataStream
f23	METHOD	org.apache.flink.streaming.api.datastream.DataStreamSource	global		@PublicEvolving	 org.apache.flink.streaming.api.datastream.DataStream<T>	()	DataStream
f23	METHOD	org.apache.flink.streaming.api.datastream.DataStreamSource	join			<T2> org.apache.flink.streaming.api.datastream.JoinedStreams<T, T2>	(org.apache.flink.streaming.api.datastream.DataStream<T2>)	DataStream
f23	METHOD	org.apache.flink.streaming.api.datastream.DataStreamSource	keyBy	 protected		 org.apache.flink.streaming.api.datastream.KeyedStream<T, org.apache.flink.api.java.tuple.Tuple>	(org.apache.flink.api.common.operators.Keys<T>)	DataStream
f23	METHOD	org.apache.flink.streaming.api.datastream.DataStreamSource	keyBy			<K> org.apache.flink.streaming.api.datastream.KeyedStream<T, K>	(org.apache.flink.api.java.functions.KeySelector<T, K>, org.apache.flink.api.common.typeinfo.TypeInformation<K>)	DataStream
f23	METHOD	org.apache.flink.streaming.api.datastream.DataStreamSource	keyBy			<K> org.apache.flink.streaming.api.datastream.KeyedStream<T, K>	(org.apache.flink.api.java.functions.KeySelector<T, K>)	DataStream
f23	METHOD	org.apache.flink.streaming.api.datastream.DataStreamSource	map			<R> org.apache.flink.streaming.api.datastream.SingleOutputStreamOperator<R>	(org.apache.flink.api.common.functions.MapFunction<T, R>, org.apache.flink.api.common.typeinfo.TypeInformation<R>)	DataStream
f23	METHOD	org.apache.flink.streaming.api.datastream.DataStreamSource	map			<R> org.apache.flink.streaming.api.datastream.SingleOutputStreamOperator<R>	(org.apache.flink.api.common.functions.MapFunction<T, R>)	DataStream
f23	METHOD	org.apache.flink.streaming.api.datastream.DataStreamSource	name			 org.apache.flink.streaming.api.datastream.SingleOutputStreamOperator<T>	(java.lang.String)	SingleOutputStreamOperator
f23	METHOD	org.apache.flink.streaming.api.datastream.DataStreamSource	partitionCustom			<K> org.apache.flink.streaming.api.datastream.DataStream<T>	(org.apache.flink.api.common.functions.Partitioner<K>, org.apache.flink.api.java.functions.KeySelector<T, K>)	DataStream
f23	METHOD	org.apache.flink.streaming.api.datastream.DataStreamSource	printToErr		@PublicEvolving	 org.apache.flink.streaming.api.datastream.DataStreamSink<T>	()	DataStream
f23	METHOD	org.apache.flink.streaming.api.datastream.DataStreamSource	printToErr		@PublicEvolving	 org.apache.flink.streaming.api.datastream.DataStreamSink<T>	(java.lang.String)	DataStream
f23	METHOD	org.apache.flink.streaming.api.datastream.DataStreamSource	print		@PublicEvolving	 org.apache.flink.streaming.api.datastream.DataStreamSink<T>	()	DataStream
f23	METHOD	org.apache.flink.streaming.api.datastream.DataStreamSource	print		@PublicEvolving	 org.apache.flink.streaming.api.datastream.DataStreamSink<T>	(java.lang.String)	DataStream
f23	METHOD	org.apache.flink.streaming.api.datastream.DataStreamSource	process		@Internal	<R> org.apache.flink.streaming.api.datastream.SingleOutputStreamOperator<R>	(org.apache.flink.streaming.api.functions.ProcessFunction<T, R>, org.apache.flink.api.common.typeinfo.TypeInformation<R>)	DataStream
f23	METHOD	org.apache.flink.streaming.api.datastream.DataStreamSource	process		@PublicEvolving	<R> org.apache.flink.streaming.api.datastream.SingleOutputStreamOperator<R>	(org.apache.flink.streaming.api.functions.ProcessFunction<T, R>)	DataStream
f23	METHOD	org.apache.flink.streaming.api.datastream.DataStreamSource	project		@PublicEvolving	<R> org.apache.flink.streaming.api.datastream.SingleOutputStreamOperator<R>	(int[])	DataStream
f23	METHOD	org.apache.flink.streaming.api.datastream.DataStreamSource	rebalance			 org.apache.flink.streaming.api.datastream.DataStream<T>	()	DataStream
f23	METHOD	org.apache.flink.streaming.api.datastream.DataStreamSource	rescale		@PublicEvolving	 org.apache.flink.streaming.api.datastream.DataStream<T>	()	DataStream
f23	METHOD	org.apache.flink.streaming.api.datastream.DataStreamSource	returns			 org.apache.flink.streaming.api.datastream.SingleOutputStreamOperator<T>	(java.lang.Class<T>)	SingleOutputStreamOperator
f23	METHOD	org.apache.flink.streaming.api.datastream.DataStreamSource	returns			 org.apache.flink.streaming.api.datastream.SingleOutputStreamOperator<T>	(org.apache.flink.api.common.typeinfo.TypeHint<T>)	SingleOutputStreamOperator
f23	METHOD	org.apache.flink.streaming.api.datastream.DataStreamSource	returns			 org.apache.flink.streaming.api.datastream.SingleOutputStreamOperator<T>	(org.apache.flink.api.common.typeinfo.TypeInformation<T>)	SingleOutputStreamOperator
f23	METHOD	org.apache.flink.streaming.api.datastream.DataStreamSource	setBufferTimeout			 org.apache.flink.streaming.api.datastream.SingleOutputStreamOperator<T>	(long)	SingleOutputStreamOperator
f23	METHOD	org.apache.flink.streaming.api.datastream.DataStreamSource	setConnectionType	 protected		 org.apache.flink.streaming.api.datastream.DataStream<T>	(org.apache.flink.streaming.runtime.partitioner.StreamPartitioner<T>)	DataStream
f23	METHOD	org.apache.flink.streaming.api.datastream.DataStreamSource	setDescription		@PublicEvolving	 org.apache.flink.streaming.api.datastream.SingleOutputStreamOperator<T>	(java.lang.String)	SingleOutputStreamOperator
f23	METHOD	org.apache.flink.streaming.api.datastream.DataStreamSource	setMaxParallelism		@PublicEvolving	 org.apache.flink.streaming.api.datastream.SingleOutputStreamOperator<T>	(int)	SingleOutputStreamOperator
f23	METHOD	org.apache.flink.streaming.api.datastream.DataStreamSource	setParallelism			 org.apache.flink.streaming.api.datastream.DataStreamSource<T>	(int)	DataStreamSource
f23	METHOD	org.apache.flink.streaming.api.datastream.DataStreamSource	setUidHash		@PublicEvolving	 org.apache.flink.streaming.api.datastream.SingleOutputStreamOperator<T>	(java.lang.String)	SingleOutputStreamOperator
f23	METHOD	org.apache.flink.streaming.api.datastream.DataStreamSource	shuffle		@PublicEvolving	 org.apache.flink.streaming.api.datastream.DataStream<T>	()	DataStream
f23	METHOD	org.apache.flink.streaming.api.datastream.DataStreamSource	sinkTo		@PublicEvolving	 org.apache.flink.streaming.api.datastream.DataStreamSink<T>	(org.apache.flink.api.connector.sink2.Sink<T>, org.apache.flink.streaming.api.datastream.CustomSinkOperatorUidHashes)	DataStream
f23	METHOD	org.apache.flink.streaming.api.datastream.DataStreamSource	sinkTo		@PublicEvolving	 org.apache.flink.streaming.api.datastream.DataStreamSink<T>	(org.apache.flink.api.connector.sink2.Sink<T>)	DataStream
f23	METHOD	org.apache.flink.streaming.api.datastream.DataStreamSource	slotSharingGroup		@PublicEvolving	 org.apache.flink.streaming.api.datastream.SingleOutputStreamOperator<T>	(java.lang.String)	SingleOutputStreamOperator
f23	METHOD	org.apache.flink.streaming.api.datastream.DataStreamSource	slotSharingGroup		@PublicEvolving	 org.apache.flink.streaming.api.datastream.SingleOutputStreamOperator<T>	(org.apache.flink.api.common.operators.SlotSharingGroup)	SingleOutputStreamOperator
f23	METHOD	org.apache.flink.streaming.api.datastream.DataStreamSource	startNewChain		@PublicEvolving	 org.apache.flink.streaming.api.datastream.SingleOutputStreamOperator<T>	()	SingleOutputStreamOperator
f23	METHOD	org.apache.flink.streaming.api.datastream.DataStreamSource	transform		@PublicEvolving	<R> org.apache.flink.streaming.api.datastream.SingleOutputStreamOperator<R>	(java.lang.String, org.apache.flink.api.common.typeinfo.TypeInformation<R>, org.apache.flink.streaming.api.operators.OneInputStreamOperatorFactory<T, R>)	DataStream
f23	METHOD	org.apache.flink.streaming.api.datastream.DataStreamSource	transform		@PublicEvolving	<R> org.apache.flink.streaming.api.datastream.SingleOutputStreamOperator<R>	(java.lang.String, org.apache.flink.api.common.typeinfo.TypeInformation<R>, org.apache.flink.streaming.api.operators.OneInputStreamOperator<T, R>)	DataStream
f23	METHOD	org.apache.flink.streaming.api.datastream.DataStreamSource	uid		@PublicEvolving	 org.apache.flink.streaming.api.datastream.SingleOutputStreamOperator<T>	(java.lang.String)	SingleOutputStreamOperator
f23	METHOD	org.apache.flink.streaming.api.datastream.DataStreamSource	union	final		 org.apache.flink.streaming.api.datastream.DataStream<T>	(org.apache.flink.streaming.api.datastream.DataStream<T>[])	DataStream
f23	METHOD	org.apache.flink.streaming.api.datastream.DataStreamSource	windowAll		@PublicEvolving	<W> org.apache.flink.streaming.api.datastream.AllWindowedStream<T, W>	(org.apache.flink.streaming.api.windowing.assigners.WindowAssigner<? super T, W>)	DataStream
f23	METHOD	org.apache.flink.streaming.api.datastream.DataStreamSource	writeToSocket		@PublicEvolving	 org.apache.flink.streaming.api.datastream.DataStreamSink<T>	(java.lang.String, int, org.apache.flink.api.common.serialization.SerializationSchema<T>)	DataStream
f23	METHOD	org.apache.flink.streaming.api.datastream.DataStreamSource	writeUsingOutputFormat		@Deprecated @PublicEvolving	 org.apache.flink.streaming.api.datastream.DataStreamSink<T>	(org.apache.flink.api.common.io.OutputFormat<T>)	DataStream
f23	FIELD	org.apache.flink.streaming.api.datastream.DataStreamSource	isParallel	private		boolean		DataStreamSource
f23	FIELD	org.apache.flink.streaming.api.datastream.DataStreamSource	nonParallel	protected		boolean		SingleOutputStreamOperator
f23	FIELD	org.apache.flink.streaming.api.datastream.DataStreamSource	requestedSideOutputs	private		java.util.Map<org.apache.flink.util.OutputTag<?>, org.apache.flink.api.common.typeinfo.TypeInformation<?>>		SingleOutputStreamOperator
f23	FIELD	org.apache.flink.streaming.api.datastream.DataStreamSource	environment	protected final		org.apache.flink.streaming.api.environment.StreamExecutionEnvironment		DataStream
f23	FIELD	org.apache.flink.streaming.api.datastream.DataStreamSource	transformation	protected final		org.apache.flink.api.dag.Transformation<T>		DataStream
f23	CLASS	org.apache.flink.streaming.api.datastream.SideOutputDataStream	-		@Public	org.apache.flink.streaming.api.datastream.DataStream<T>		
f23	CTOR	org.apache.flink.streaming.api.datastream.SideOutputDataStream	<init>				(org.apache.flink.streaming.api.environment.StreamExecutionEnvironment, org.apache.flink.streaming.api.transformations.SideOutputTransformation<T>)	
f23	METHOD	org.apache.flink.streaming.api.datastream.SideOutputDataStream	addSink			 org.apache.flink.streaming.api.datastream.DataStreamSink<T>	(org.apache.flink.streaming.api.functions.sink.legacy.SinkFunction<T>)	DataStream
f23	METHOD	org.apache.flink.streaming.api.datastream.SideOutputDataStream	assignTimestampsAndWatermarks			 org.apache.flink.streaming.api.datastream.SingleOutputStreamOperator<T>	(org.apache.flink.api.common.eventtime.WatermarkStrategy<T>)	DataStream
f23	METHOD	org.apache.flink.streaming.api.datastream.SideOutputDataStream	broadcast			 org.apache.flink.streaming.api.datastream.DataStream<T>	()	DataStream
f23	METHOD	org.apache.flink.streaming.api.datastream.SideOutputDataStream	broadcast		@PublicEvolving	 org.apache.flink.streaming.api.datastream.BroadcastStream<T>	(org.apache.flink.api.common.state.MapStateDescriptor<?, ?>[])	DataStream
f23	METHOD	org.apache.flink.streaming.api.datastream.SideOutputDataStream	cache		@PublicEvolving	 org.apache.flink.streaming.api.datastream.CachedDataStream<T>	()	SideOutputDataStream
f23	METHOD	org.apache.flink.streaming.api.datastream.SideOutputDataStream	clean	 protected		<F> F	(F)	DataStream
f23	METHOD	org.apache.flink.streaming.api.datastream.SideOutputDataStream	coGroup			<T2> org.apache.flink.streaming.api.datastream.CoGroupedStreams<T, T2>	(org.apache.flink.streaming.api.datastream.DataStream<T2>)	DataStream
f23	METHOD	org.apache.flink.streaming.api.datastream.SideOutputDataStream	collectAsync		@Experimental	 org.apache.flink.util.CloseableIterator<T>	()	DataStream
f23	METHOD	org.apache.flink.streaming.api.datastream.SideOutputDataStream	collectAsync		@Experimental	 void	(org.apache.flink.streaming.api.datastream.DataStream$Collector<T>)	DataStream
f23	METHOD	org.apache.flink.streaming.api.datastream.SideOutputDataStream	connect		@PublicEvolving	<R> org.apache.flink.streaming.api.datastream.BroadcastConnectedStream<T, R>	(org.apache.flink.streaming.api.datastream.BroadcastStream<R>)	DataStream
f23	METHOD	org.apache.flink.streaming.api.datastream.SideOutputDataStream	connect			<R> org.apache.flink.streaming.api.datastream.ConnectedStreams<T, R>	(org.apache.flink.streaming.api.datastream.DataStream<R>)	DataStream
f23	METHOD	org.apache.flink.streaming.api.datastream.SideOutputDataStream	countWindowAll			 org.apache.flink.streaming.api.datastream.AllWindowedStream<T, org.apache.flink.streaming.api.windowing.windows.GlobalWindow>	(long, long)	DataStream
f23	METHOD	org.apache.flink.streaming.api.datastream.SideOutputDataStream	countWindowAll			 org.apache.flink.streaming.api.datastream.AllWindowedStream<T, org.apache.flink.streaming.api.windowing.windows.GlobalWindow>	(long)	DataStream
f23	METHOD	org.apache.flink.streaming.api.datastream.SideOutputDataStream	doTransform	 protected		<R> org.apache.flink.streaming.api.datastream.SingleOutputStreamOperator<R>	(java.lang.String, org.apache.flink.api.common.typeinfo.TypeInformation<R>, org.apache.flink.streaming.api.operators.StreamOperatorFactory<R>)	DataStream
f23	METHOD	org.apache.flink.streaming.api.datastream.SideOutputDataStream	executeAndCollect			 org.apache.flink.util.CloseableIterator<T>	()	DataStream
f23	METHOD	org.apache.flink.streaming.api.datastream.SideOutputDataStream	executeAndCollect			 java.util.List<T>	(java.lang.String, int)	DataStream
f23	METHOD	org.apache.flink.streaming.api.datastream.SideOutputDataStream	executeAndCollect			 org.apache.flink.util.CloseableIterator<T>	(java.lang.String)	DataStream
f23	METHOD	org.apache.flink.streaming.api.datastream.SideOutputDataStream	executeAndCollect			 java.util.List<T>	(int)	DataStream
f23	METHOD	org.apache.flink.streaming.api.datastream.SideOutputDataStream	filter			 org.apache.flink.streaming.api.datastream.SingleOutputStreamOperator<T>	(org.apache.flink.api.common.functions.FilterFunction<T>)	DataStream
f23	METHOD	org.apache.flink.streaming.api.datastream.SideOutputDataStream	flatMap			<R> org.apache.flink.streaming.api.datastream.SingleOutputStreamOperator<R>	(org.apache.flink.api.common.functions.FlatMapFunction<T, R>, org.apache.flink.api.common.typeinfo.TypeInformation<R>)	DataStream
f23	METHOD	org.apache.flink.streaming.api.datastream.SideOutputDataStream	flatMap			<R> org.apache.flink.streaming.api.datastream.SingleOutputStreamOperator<R>	(org.apache.flink.api.common.functions.FlatMapFunction<T, R>)	DataStream
f23	METHOD	org.apache.flink.streaming.api.datastream.SideOutputDataStream	forward			 org.apache.flink.streaming.api.datastream.DataStream<T>	()	DataStream
f23	METHOD	org.apache.flink.streaming.api.datastream.SideOutputDataStream	fullWindowPartition		@PublicEvolving	 org.apache.flink.streaming.api.datastream.PartitionWindowedStream<T>	()	DataStream
f23	METHOD	org.apache.flink.streaming.api.datastream.SideOutputDataStream	getExecutionConfig			 org.apache.flink.api.common.ExecutionConfig	()	DataStream
f23	METHOD	org.apache.flink.streaming.api.datastream.SideOutputDataStream	getExecutionEnvironment			 org.apache.flink.streaming.api.environment.StreamExecutionEnvironment	()	DataStream
f23	METHOD	org.apache.flink.streaming.api.datastream.SideOutputDataStream	getId		@Internal	 int	()	DataStream
f23	METHOD	org.apache.flink.streaming.api.datastream.SideOutputDataStream	getMinResources		@PublicEvolving	 org.apache.flink.api.common.operators.ResourceSpec	()	DataStream
f23	METHOD	org.apache.flink.streaming.api.datastream.SideOutputDataStream	getParallelism			 int	()	DataStream
f23	METHOD	org.apache.flink.streaming.api.datastream.SideOutputDataStream	getPreferredResources		@PublicEvolving	 org.apache.flink.api.common.operators.ResourceSpec	()	DataStream
f23	METHOD	org.apache.flink.streaming.api.datastream.SideOutputDataStream	getTransformation		@Internal	 org.apache.flink.api.dag.Transformation<T>	()	DataStream
f23	METHOD	org.apache.flink.streaming.api.datastream.SideOutputDataStream	getType			 org.apache.flink.api.common.typeinfo.TypeInformation<T>	()	DataStream
f23	METHOD	org.apache.flink.streaming.api.datastream.SideOutputDataStream	global		@PublicEvolving	 org.apache.flink.streaming.api.datastream.DataStream<T>	()	DataStream
f23	METHOD	org.apache.flink.streaming.api.datastream.SideOutputDataStream	join			<T2> org.apache.flink.streaming.api.datastream.JoinedStreams<T, T2>	(org.apache.flink.streaming.api.datastream.DataStream<T2>)	DataStream
f23	METHOD	org.apache.flink.streaming.api.datastream.SideOutputDataStream	keyBy	 protected		 org.apache.flink.streaming.api.datastream.KeyedStream<T, org.apache.flink.api.java.tuple.Tuple>	(org.apache.flink.api.common.operators.Keys<T>)	DataStream
f23	METHOD	org.apache.flink.streaming.api.datastream.SideOutputDataStream	keyBy			<K> org.apache.flink.streaming.api.datastream.KeyedStream<T, K>	(org.apache.flink.api.java.functions.KeySelector<T, K>, org.apache.flink.api.common.typeinfo.TypeInformation<K>)	DataStream
f23	METHOD	org.apache.flink.streaming.api.datastream.SideOutputDataStream	keyBy			<K> org.apache.flink.streaming.api.datastream.KeyedStream<T, K>	(org.apache.flink.api.java.functions.KeySelector<T, K>)	DataStream
f23	METHOD	org.apache.flink.streaming.api.datastream.SideOutputDataStream	map			<R> org.apache.flink.streaming.api.datastream.SingleOutputStreamOperator<R>	(org.apache.flink.api.common.functions.MapFunction<T, R>, org.apache.flink.api.common.typeinfo.TypeInformation<R>)	DataStream
f23	METHOD	org.apache.flink.streaming.api.datastream.SideOutputDataStream	map			<R> org.apache.flink.streaming.api.datastream.SingleOutputStreamOperator<R>	(org.apache.flink.api.common.functions.MapFunction<T, R>)	DataStream
f23	METHOD	org.apache.flink.streaming.api.datastream.SideOutputDataStream	partitionCustom			<K> org.apache.flink.streaming.api.datastream.DataStream<T>	(org.apache.flink.api.common.functions.Partitioner<K>, org.apache.flink.api.java.functions.KeySelector<T, K>)	DataStream
f23	METHOD	org.apache.flink.streaming.api.datastream.SideOutputDataStream	printToErr		@PublicEvolving	 org.apache.flink.streaming.api.datastream.DataStreamSink<T>	()	DataStream
f23	METHOD	org.apache.flink.streaming.api.datastream.SideOutputDataStream	printToErr		@PublicEvolving	 org.apache.flink.streaming.api.datastream.DataStreamSink<T>	(java.lang.String)	DataStream
f23	METHOD	org.apache.flink.streaming.api.datastream.SideOutputDataStream	print		@PublicEvolving	 org.apache.flink.streaming.api.datastream.DataStreamSink<T>	()	DataStream
f23	METHOD	org.apache.flink.streaming.api.datastream.SideOutputDataStream	print		@PublicEvolving	 org.apache.flink.streaming.api.datastream.DataStreamSink<T>	(java.lang.String)	DataStream
f23	METHOD	org.apache.flink.streaming.api.datastream.SideOutputDataStream	process		@Internal	<R> org.apache.flink.streaming.api.datastream.SingleOutputStreamOperator<R>	(org.apache.flink.streaming.api.functions.ProcessFunction<T, R>, org.apache.flink.api.common.typeinfo.TypeInformation<R>)	DataStream
f23	METHOD	org.apache.flink.streaming.api.datastream.SideOutputDataStream	process		@PublicEvolving	<R> org.apache.flink.streaming.api.datastream.SingleOutputStreamOperator<R>	(org.apache.flink.streaming.api.functions.ProcessFunction<T, R>)	DataStream
f23	METHOD	org.apache.flink.streaming.api.datastream.SideOutputDataStream	project		@PublicEvolving	<R> org.apache.flink.streaming.api.datastream.SingleOutputStreamOperator<R>	(int[])	DataStream
f23	METHOD	org.apache.flink.streaming.api.datastream.SideOutputDataStream	rebalance			 org.apache.flink.streaming.api.datastream.DataStream<T>	()	DataStream
f23	METHOD	org.apache.flink.streaming.api.datastream.SideOutputDataStream	rescale		@PublicEvolving	 org.apache.flink.streaming.api.datastream.DataStream<T>	()	DataStream
f23	METHOD	org.apache.flink.streaming.api.datastream.SideOutputDataStream	setConnectionType	 protected		 org.apache.flink.streaming.api.datastream.DataStream<T>	(org.apache.flink.streaming.runtime.partitioner.StreamPartitioner<T>)	DataStream
f23	METHOD	org.apache.flink.streaming.api.datastream.SideOutputDataStream	shuffle		@PublicEvolving	 org.apache.flink.streaming.api.datastream.DataStream<T>	()	DataStream
f23	METHOD	org.apache.flink.streaming.api.datastream.SideOutputDataStream	sinkTo		@PublicEvolving	 org.apache.flink.streaming.api.datastream.DataStreamSink<T>	(org.apache.flink.api.connector.sink2.Sink<T>, org.apache.flink.streaming.api.datastream.CustomSinkOperatorUidHashes)	DataStream
f23	METHOD	org.apache.flink.streaming.api.datastream.SideOutputDataStream	sinkTo		@PublicEvolving	 org.apache.flink.streaming.api.datastream.DataStreamSink<T>	(org.apache.flink.api.connector.sink2.Sink<T>)	DataStream
f23	METHOD	org.apache.flink.streaming.api.datastream.SideOutputDataStream	transform		@PublicEvolving	<R> org.apache.flink.streaming.api.datastream.SingleOutputStreamOperator<R>	(java.lang.String, org.apache.flink.api.common.typeinfo.TypeInformation<R>, org.apache.flink.streaming.api.operators.OneInputStreamOperatorFactory<T, R>)	DataStream
f23	METHOD	org.apache.flink.streaming.api.datastream.SideOutputDataStream	transform		@PublicEvolving	<R> org.apache.flink.streaming.api.datastream.SingleOutputStreamOperator<R>	(java.lang.String, org.apache.flink.api.common.typeinfo.TypeInformation<R>, org.apache.flink.streaming.api.operators.OneInputStreamOperator<T, R>)	DataStream
f23	METHOD	org.apache.flink.streaming.api.datastream.SideOutputDataStream	union	final		 org.apache.flink.streaming.api.datastream.DataStream<T>	(org.apache.flink.streaming.api.datastream.DataStream<T>[])	DataStream
f23	METHOD	org.apache.flink.streaming.api.datastream.SideOutputDataStream	windowAll		@PublicEvolving	<W> org.apache.flink.streaming.api.datastream.AllWindowedStream<T, W>	(org.apache.flink.streaming.api.windowing.assigners.WindowAssigner<? super T, W>)	DataStream
f23	METHOD	org.apache.flink.streaming.api.datastream.SideOutputDataStream	writeToSocket		@PublicEvolving	 org.apache.flink.streaming.api.datastream.DataStreamSink<T>	(java.lang.String, int, org.apache.flink.api.common.serialization.SerializationSchema<T>)	DataStream
f23	METHOD	org.apache.flink.streaming.api.datastream.SideOutputDataStream	writeUsingOutputFormat		@Deprecated @PublicEvolving	 org.apache.flink.streaming.api.datastream.DataStreamSink<T>	(org.apache.flink.api.common.io.OutputFormat<T>)	DataStream
f23	FIELD	org.apache.flink.streaming.api.datastream.SideOutputDataStream	environment	protected final		org.apache.flink.streaming.api.environment.StreamExecutionEnvironment		DataStream
f23	FIELD	org.apache.flink.streaming.api.datastream.SideOutputDataStream	transformation	protected final		org.apache.flink.api.dag.Transformation<T>		DataStream
f23	CLASS	org.apache.flink.streaming.api.datastream.ConnectedStreams	-		@Public	class java.lang.Object		
f23	CTOR	org.apache.flink.streaming.api.datastream.ConnectedStreams	<init>				(org.apache.flink.streaming.api.environment.StreamExecutionEnvironment, org.apache.flink.streaming.api.datastream.DataStream<IN1>, org.apache.flink.streaming.api.datastream.DataStream<IN2>)	
f23	METHOD	org.apache.flink.streaming.api.datastream.ConnectedStreams	enableAsyncState		@Experimental	 org.apache.flink.streaming.api.datastream.ConnectedStreams<IN1, IN2>	()	ConnectedStreams
f23	METHOD	org.apache.flink.streaming.api.datastream.ConnectedStreams	flatMap			<R> org.apache.flink.streaming.api.datastream.SingleOutputStreamOperator<R>	(org.apache.flink.streaming.api.functions.co.CoFlatMapFunction<IN1, IN2, R>, org.apache.flink.api.common.typeinfo.TypeInformation<R>)	ConnectedStreams
f23	METHOD	org.apache.flink.streaming.api.datastream.ConnectedStreams	flatMap			<R> org.apache.flink.streaming.api.datastream.SingleOutputStreamOperator<R>	(org.apache.flink.streaming.api.functions.co.CoFlatMapFunction<IN1, IN2, R>)	ConnectedStreams
f23	METHOD	org.apache.flink.streaming.api.datastream.ConnectedStreams	getExecutionEnvironment			 org.apache.flink.streaming.api.environment.StreamExecutionEnvironment	()	ConnectedStreams
f23	METHOD	org.apache.flink.streaming.api.datastream.ConnectedStreams	getFirstInput			 org.apache.flink.streaming.api.datastream.DataStream<IN1>	()	ConnectedStreams
f23	METHOD	org.apache.flink.streaming.api.datastream.ConnectedStreams	getSecondInput			 org.apache.flink.streaming.api.datastream.DataStream<IN2>	()	ConnectedStreams
f23	METHOD	org.apache.flink.streaming.api.datastream.ConnectedStreams	getType1			 org.apache.flink.api.common.typeinfo.TypeInformation<IN1>	()	ConnectedStreams
f23	METHOD	org.apache.flink.streaming.api.datastream.ConnectedStreams	getType2			 org.apache.flink.api.common.typeinfo.TypeInformation<IN2>	()	ConnectedStreams
f23	METHOD	org.apache.flink.streaming.api.datastream.ConnectedStreams	keyBy		@Deprecated	 org.apache.flink.streaming.api.datastream.ConnectedStreams<IN1, IN2>	(int[], int[])	ConnectedStreams
f23	METHOD	org.apache.flink.streaming.api.datastream.ConnectedStreams	keyBy		@Deprecated	 org.apache.flink.streaming.api.datastream.ConnectedStreams<IN1, IN2>	(java.lang.String[], java.lang.String[])	ConnectedStreams
f23	METHOD	org.apache.flink.streaming.api.datastream.ConnectedStreams	keyBy		@Deprecated	 org.apache.flink.streaming.api.datastream.ConnectedStreams<IN1, IN2>	(java.lang.String, java.lang.String)	ConnectedStreams
f23	METHOD	org.apache.flink.streaming.api.datastream.ConnectedStreams	keyBy		@Deprecated	 org.apache.flink.streaming.api.datastream.ConnectedStreams<IN1, IN2>	(int, int)	ConnectedStreams
f23	METHOD	org.apache.flink.streaming.api.datastream.ConnectedStreams	keyBy			<KEY> org.apache.flink.streaming.api.datastream.ConnectedStreams<IN1, IN2>	(org.apache.flink.api.java.functions.KeySelector<IN1, KEY>, org.apache.flink.api.java.functions.KeySelector<IN2, KEY>, org.apache.flink.api.common.typeinfo.TypeInformation<KEY>)	ConnectedStreams
f23	METHOD	org.apache.flink.streaming.api.datastream.ConnectedStreams	keyBy			<KEY> org.apache.flink.streaming.api.datastream.ConnectedStreams<IN1, IN2>	(org.apache.flink.api.java.functions.KeySelector<IN1, KEY>, org.apache.flink.api.java.functions.KeySelector<IN2, KEY>)	ConnectedStreams
f23	METHOD	org.apache.flink.streaming.api.datastream.ConnectedStreams	map			<R> org.apache.flink.streaming.api.datastream.SingleOutputStreamOperator<R>	(org.apache.flink.streaming.api.functions.co.CoMapFunction<IN1, IN2, R>, org.apache.flink.api.common.typeinfo.TypeInformation<R>)	ConnectedStreams
f23	METHOD	org.apache.flink.streaming.api.datastream.ConnectedStreams	map			<R> org.apache.flink.streaming.api.datastream.SingleOutputStreamOperator<R>	(org.apache.flink.streaming.api.functions.co.CoMapFunction<IN1, IN2, R>)	ConnectedStreams
f23	METHOD	org.apache.flink.streaming.api.datastream.ConnectedStreams	process		@Internal	<R> org.apache.flink.streaming.api.datastream.SingleOutputStreamOperator<R>	(org.apache.flink.streaming.api.functions.co.CoProcessFunction<IN1, IN2, R>, org.apache.flink.api.common.typeinfo.TypeInformation<R>)	ConnectedStreams
f23	METHOD	org.apache.flink.streaming.api.datastream.ConnectedStreams	process		@PublicEvolving	<R> org.apache.flink.streaming.api.datastream.SingleOutputStreamOperator<R>	(org.apache.flink.streaming.api.functions.co.CoProcessFunction<IN1, IN2, R>)	ConnectedStreams
f23	METHOD	org.apache.flink.streaming.api.datastream.ConnectedStreams	process		@Internal	<K,R> org.apache.flink.streaming.api.datastream.SingleOutputStreamOperator<R>	(org.apache.flink.streaming.api.functions.co.KeyedCoProcessFunction<K, IN1, IN2, R>, org.apache.flink.api.common.typeinfo.TypeInformation<R>)	ConnectedStreams
f23	METHOD	org.apache.flink.streaming.api.datastream.ConnectedStreams	process		@PublicEvolving	<K,R> org.apache.flink.streaming.api.datastream.SingleOutputStreamOperator<R>	(org.apache.flink.streaming.api.functions.co.KeyedCoProcessFunction<K, IN1, IN2, R>)	ConnectedStreams
f23	METHOD	org.apache.flink.streaming.api.datastream.ConnectedStreams	transform		@PublicEvolving	<R> org.apache.flink.streaming.api.datastream.SingleOutputStreamOperator<R>	(java.lang.String, org.apache.flink.api.common.typeinfo.TypeInformation<R>, org.apache.flink.streaming.api.operators.TwoInputStreamOperatorFactory<IN1, IN2, R>)	ConnectedStreams
f23	METHOD	org.apache.flink.streaming.api.datastream.ConnectedStreams	transform		@PublicEvolving	<R> org.apache.flink.streaming.api.datastream.SingleOutputStreamOperator<R>	(java.lang.String, org.apache.flink.api.common.typeinfo.TypeInformation<R>, org.apache.flink.streaming.api.operators.TwoInputStreamOperator<IN1, IN2, R>)	ConnectedStreams
f23	FIELD	org.apache.flink.streaming.api.datastream.ConnectedStreams	environment	protected final		org.apache.flink.streaming.api.environment.StreamExecutionEnvironment		ConnectedStreams
f23	FIELD	org.apache.flink.streaming.api.datastream.ConnectedStreams	inputStream1	protected final		org.apache.flink.streaming.api.datastream.DataStream<IN1>		ConnectedStreams
f23	FIELD	org.apache.flink.streaming.api.datastream.ConnectedStreams	inputStream2	protected final		org.apache.flink.streaming.api.datastream.DataStream<IN2>		ConnectedStreams
f23	FIELD	org.apache.flink.streaming.api.datastream.ConnectedStreams	isEnableAsyncState	protected		boolean		ConnectedStreams
f23	CLASS	org.apache.flink.streaming.api.datastream.BroadcastConnectedStream	-		@PublicEvolving	class java.lang.Object		
f23	CTOR	org.apache.flink.streaming.api.datastream.BroadcastConnectedStream	<init>				(org.apache.flink.streaming.api.environment.StreamExecutionEnvironment, org.apache.flink.streaming.api.datastream.DataStream<IN1>, org.apache.flink.streaming.api.datastream.BroadcastStream<IN2>, java.util.List<org.apache.flink.api.common.state.MapStateDescriptor<?, ?>>)	
f23	METHOD	org.apache.flink.streaming.api.datastream.BroadcastConnectedStream	clean	 protected		<F> F	(F)	BroadcastConnectedStream
f23	METHOD	org.apache.flink.streaming.api.datastream.BroadcastConnectedStream	getExecutionEnvironment			 org.apache.flink.streaming.api.environment.StreamExecutionEnvironment	()	BroadcastConnectedStream
f23	METHOD	org.apache.flink.streaming.api.datastream.BroadcastConnectedStream	getFirstInput			 org.apache.flink.streaming.api.datastream.DataStream<IN1>	()	BroadcastConnectedStream
f23	METHOD	org.apache.flink.streaming.api.datastream.BroadcastConnectedStream	getSecondInput			 org.apache.flink.streaming.api.datastream.BroadcastStream<IN2>	()	BroadcastConnectedStream
f23	METHOD	org.apache.flink.streaming.api.datastream.BroadcastConnectedStream	getType1			 org.apache.flink.api.common.typeinfo.TypeInformation<IN1>	()	BroadcastConnectedStream
f23	METHOD	org.apache.flink.streaming.api.datastream.BroadcastConnectedStream	getType2			 org.apache.flink.api.common.typeinfo.TypeInformation<IN2>	()	BroadcastConnectedStream
f23	METHOD	org.apache.flink.streaming.api.datastream.BroadcastConnectedStream	process		@PublicEvolving	<OUT> org.apache.flink.streaming.api.datastream.SingleOutputStreamOperator<OUT>	(org.apache.flink.streaming.api.functions.co.BroadcastProcessFunction<IN1, IN2, OUT>, org.apache.flink.api.common.typeinfo.TypeInformation<OUT>)	BroadcastConnectedStream
f23	METHOD	org.apache.flink.streaming.api.datastream.BroadcastConnectedStream	process		@PublicEvolving	<OUT> org.apache.flink.streaming.api.datastream.SingleOutputStreamOperator<OUT>	(org.apache.flink.streaming.api.functions.co.BroadcastProcessFunction<IN1, IN2, OUT>)	BroadcastConnectedStream
f23	METHOD	org.apache.flink.streaming.api.datastream.BroadcastConnectedStream	process		@PublicEvolving	<KEY,OUT> org.apache.flink.streaming.api.datastream.SingleOutputStreamOperator<OUT>	(org.apache.flink.streaming.api.functions.co.KeyedBroadcastProcessFunction<KEY, IN1, IN2, OUT>, org.apache.flink.api.common.typeinfo.TypeInformation<OUT>)	BroadcastConnectedStream
f23	METHOD	org.apache.flink.streaming.api.datastream.BroadcastConnectedStream	process		@PublicEvolving	<KEY,OUT> org.apache.flink.streaming.api.datastream.SingleOutputStreamOperator<OUT>	(org.apache.flink.streaming.api.functions.co.KeyedBroadcastProcessFunction<KEY, IN1, IN2, OUT>)	BroadcastConnectedStream
f23	FIELD	org.apache.flink.streaming.api.datastream.BroadcastConnectedStream	environment	private final		org.apache.flink.streaming.api.environment.StreamExecutionEnvironment		BroadcastConnectedStream
f23	FIELD	org.apache.flink.streaming.api.datastream.BroadcastConnectedStream	nonBroadcastStream	private final		org.apache.flink.streaming.api.datastream.DataStream<IN1>		BroadcastConnectedStream
f23	FIELD	org.apache.flink.streaming.api.datastream.BroadcastConnectedStream	broadcastStream	private final		org.apache.flink.streaming.api.datastream.BroadcastStream<IN2>		BroadcastConnectedStream
f23	FIELD	org.apache.flink.streaming.api.datastream.BroadcastConnectedStream	broadcastStateDescriptors	private final		java.util.List<org.apache.flink.api.common.state.MapStateDescriptor<?, ?>>		BroadcastConnectedStream
f23	CLASS	org.apache.flink.streaming.api.datastream.BroadcastStream	-		@PublicEvolving	class java.lang.Object		
f23	CTOR	org.apache.flink.streaming.api.datastream.BroadcastStream	<init>				(org.apache.flink.streaming.api.environment.StreamExecutionEnvironment, org.apache.flink.streaming.api.datastream.DataStream<T>, org.apache.flink.api.common.state.MapStateDescriptor<?, ?>[])	
f23	METHOD	org.apache.flink.streaming.api.datastream.BroadcastStream	clean			<F> F	(F)	BroadcastStream
f23	METHOD	org.apache.flink.streaming.api.datastream.BroadcastStream	getBroadcastStateDescriptors			 java.util.List<org.apache.flink.api.common.state.MapStateDescriptor<?, ?>>	()	BroadcastStream
f23	METHOD	org.apache.flink.streaming.api.datastream.BroadcastStream	getEnvironment			 org.apache.flink.streaming.api.environment.StreamExecutionEnvironment	()	BroadcastStream
f23	METHOD	org.apache.flink.streaming.api.datastream.BroadcastStream	getTransformation			 org.apache.flink.api.dag.Transformation<T>	()	BroadcastStream
f23	METHOD	org.apache.flink.streaming.api.datastream.BroadcastStream	getType			 org.apache.flink.api.common.typeinfo.TypeInformation<T>	()	BroadcastStream
f23	FIELD	org.apache.flink.streaming.api.datastream.BroadcastStream	environment	private final		org.apache.flink.streaming.api.environment.StreamExecutionEnvironment		BroadcastStream
f23	FIELD	org.apache.flink.streaming.api.datastream.BroadcastStream	inputStream	private final		org.apache.flink.streaming.api.datastream.DataStream<T>		BroadcastStream
f23	FIELD	org.apache.flink.streaming.api.datastream.BroadcastStream	broadcastStateDescriptors	private final		java.util.List<org.apache.flink.api.common.state.MapStateDescriptor<?, ?>>		BroadcastStream
f23	CLASS	org.apache.flink.streaming.api.datastream.WindowedStream	-		@Public	class java.lang.Object		
f23	CTOR	org.apache.flink.streaming.api.datastream.WindowedStream	<init>		@PublicEvolving		(org.apache.flink.streaming.api.datastream.KeyedStream<T, K>, org.apache.flink.streaming.api.windowing.assigners.WindowAssigner<? super T, W>)	
f23	METHOD	org.apache.flink.streaming.api.datastream.WindowedStream	aggregate		@PublicEvolving	<ACC,R> org.apache.flink.streaming.api.datastream.SingleOutputStreamOperator<R>	(org.apache.flink.api.common.functions.AggregateFunction<T, ACC, R>, org.apache.flink.api.common.typeinfo.TypeInformation<ACC>, org.apache.flink.api.common.typeinfo.TypeInformation<R>)	WindowedStream
f23	METHOD	org.apache.flink.streaming.api.datastream.WindowedStream	aggregate		@PublicEvolving	<ACC,V,R> org.apache.flink.streaming.api.datastream.SingleOutputStreamOperator<R>	(org.apache.flink.api.common.functions.AggregateFunction<T, ACC, V>, org.apache.flink.streaming.api.functions.windowing.ProcessWindowFunction<V, R, K, W>, org.apache.flink.api.common.typeinfo.TypeInformation<ACC>, org.apache.flink.api.common.typeinfo.TypeInformation<V>, org.apache.flink.api.common.typeinfo.TypeInformation<R>)	WindowedStream
f23	METHOD	org.apache.flink.streaming.api.datastream.WindowedStream	aggregate		@PublicEvolving	<ACC,V,R> org.apache.flink.streaming.api.datastream.SingleOutputStreamOperator<R>	(org.apache.flink.api.common.functions.AggregateFunction<T, ACC, V>, org.apache.flink.streaming.api.functions.windowing.ProcessWindowFunction<V, R, K, W>)	WindowedStream
f23	METHOD	org.apache.flink.streaming.api.datastream.WindowedStream	aggregate		@PublicEvolving	<ACC,V,R> org.apache.flink.streaming.api.datastream.SingleOutputStreamOperator<R>	(org.apache.flink.api.common.functions.AggregateFunction<T, ACC, V>, org.apache.flink.streaming.api.functions.windowing.WindowFunction<V, R, K, W>, org.apache.flink.api.common.typeinfo.TypeInformation<ACC>, org.apache.flink.api.common.typeinfo.TypeInformation<R>)	WindowedStream
f23	METHOD	org.apache.flink.streaming.api.datastream.WindowedStream	aggregate		@PublicEvolving	<ACC,V,R> org.apache.flink.streaming.api.datastream.SingleOutputStreamOperator<R>	(org.apache.flink.api.common.functions.AggregateFunction<T, ACC, V>, org.apache.flink.streaming.api.functions.windowing.WindowFunction<V, R, K, W>)	WindowedStream
f23	METHOD	org.apache.flink.streaming.api.datastream.WindowedStream	aggregate		@PublicEvolving	<ACC,R> org.apache.flink.streaming.api.datastream.SingleOutputStreamOperator<R>	(org.apache.flink.api.common.functions.AggregateFunction<T, ACC, R>)	WindowedStream
f23	METHOD	org.apache.flink.streaming.api.datastream.WindowedStream	allowedLateness		@PublicEvolving	 org.apache.flink.streaming.api.datastream.WindowedStream<T, K, W>	(java.time.Duration)	WindowedStream
f23	METHOD	org.apache.flink.streaming.api.datastream.WindowedStream	apply			<R> org.apache.flink.streaming.api.datastream.SingleOutputStreamOperator<R>	(org.apache.flink.streaming.api.functions.windowing.WindowFunction<T, R, K, W>, org.apache.flink.api.common.typeinfo.TypeInformation<R>)	WindowedStream
f23	METHOD	org.apache.flink.streaming.api.datastream.WindowedStream	apply			<R> org.apache.flink.streaming.api.datastream.SingleOutputStreamOperator<R>	(org.apache.flink.streaming.api.functions.windowing.WindowFunction<T, R, K, W>)	WindowedStream
f23	METHOD	org.apache.flink.streaming.api.datastream.WindowedStream	enableAsyncState		@Experimental	 org.apache.flink.streaming.api.datastream.WindowedStream<T, K, W>	()	WindowedStream
f23	METHOD	org.apache.flink.streaming.api.datastream.WindowedStream	evictor		@PublicEvolving	 org.apache.flink.streaming.api.datastream.WindowedStream<T, K, W>	(org.apache.flink.streaming.api.windowing.evictors.Evictor<? super T, ? super W>)	WindowedStream
f23	METHOD	org.apache.flink.streaming.api.datastream.WindowedStream	getExecutionEnvironment			 org.apache.flink.streaming.api.environment.StreamExecutionEnvironment	()	WindowedStream
f23	METHOD	org.apache.flink.streaming.api.datastream.WindowedStream	getInputType			 org.apache.flink.api.common.typeinfo.TypeInformation<T>	()	WindowedStream
f23	METHOD	org.apache.flink.streaming.api.datastream.WindowedStream	maxBy			 org.apache.flink.streaming.api.datastream.SingleOutputStreamOperator<T>	(java.lang.String, boolean)	WindowedStream
f23	METHOD	org.apache.flink.streaming.api.datastream.WindowedStream	maxBy			 org.apache.flink.streaming.api.datastream.SingleOutputStreamOperator<T>	(java.lang.String)	WindowedStream
f23	METHOD	org.apache.flink.streaming.api.datastream.WindowedStream	maxBy			 org.apache.flink.streaming.api.datastream.SingleOutputStreamOperator<T>	(int, boolean)	WindowedStream
f23	METHOD	org.apache.flink.streaming.api.datastream.WindowedStream	maxBy			 org.apache.flink.streaming.api.datastream.SingleOutputStreamOperator<T>	(int)	WindowedStream
f23	METHOD	org.apache.flink.streaming.api.datastream.WindowedStream	max			 org.apache.flink.streaming.api.datastream.SingleOutputStreamOperator<T>	(java.lang.String)	WindowedStream
f23	METHOD	org.apache.flink.streaming.api.datastream.WindowedStream	max			 org.apache.flink.streaming.api.datastream.SingleOutputStreamOperator<T>	(int)	WindowedStream
f23	METHOD	org.apache.flink.streaming.api.datastream.WindowedStream	minBy			 org.apache.flink.streaming.api.datastream.SingleOutputStreamOperator<T>	(java.lang.String, boolean)	WindowedStream
f23	METHOD	org.apache.flink.streaming.api.datastream.WindowedStream	minBy			 org.apache.flink.streaming.api.datastream.SingleOutputStreamOperator<T>	(java.lang.String)	WindowedStream
f23	METHOD	org.apache.flink.streaming.api.datastream.WindowedStream	minBy			 org.apache.flink.streaming.api.datastream.SingleOutputStreamOperator<T>	(int, boolean)	WindowedStream
f23	METHOD	org.apache.flink.streaming.api.datastream.WindowedStream	minBy			 org.apache.flink.streaming.api.datastream.SingleOutputStreamOperator<T>	(int)	WindowedStream
f23	METHOD	org.apache.flink.streaming.api.datastream.WindowedStream	min			 org.apache.flink.streaming.api.datastream.SingleOutputStreamOperator<T>	(java.lang.String)	WindowedStream
f23	METHOD	org.apache.flink.streaming.api.datastream.WindowedStream	min			 org.apache.flink.streaming.api.datastream.SingleOutputStreamOperator<T>	(int)	WindowedStream
f23	METHOD	org.apache.flink.streaming.api.datastream.WindowedStream	process		@Internal	<R> org.apache.flink.streaming.api.datastream.SingleOutputStreamOperator<R>	(org.apache.flink.streaming.api.functions.windowing.ProcessWindowFunction<T, R, K, W>, org.apache.flink.api.common.typeinfo.TypeInformation<R>)	WindowedStream
f23	METHOD	org.apache.flink.streaming.api.datastream.WindowedStream	process		@PublicEvolving	<R> org.apache.flink.streaming.api.datastream.SingleOutputStreamOperator<R>	(org.apache.flink.streaming.api.functions.windowing.ProcessWindowFunction<T, R, K, W>)	WindowedStream
f23	METHOD	org.apache.flink.streaming.api.datastream.WindowedStream	reduce		@Internal	<R> org.apache.flink.streaming.api.datastream.SingleOutputStreamOperator<R>	(org.apache.flink.api.common.functions.ReduceFunction<T>, org.apache.flink.streaming.api.functions.windowing.ProcessWindowFunction<T, R, K, W>, org.apache.flink.api.common.typeinfo.TypeInformation<R>)	WindowedStream
f23	METHOD	org.apache.flink.streaming.api.datastream.WindowedStream	reduce		@PublicEvolving	<R> org.apache.flink.streaming.api.datastream.SingleOutputStreamOperator<R>	(org.apache.flink.api.common.functions.ReduceFunction<T>, org.apache.flink.streaming.api.functions.windowing.ProcessWindowFunction<T, R, K, W>)	WindowedStream
f23	METHOD	org.apache.flink.streaming.api.datastream.WindowedStream	reduce			<R> org.apache.flink.streaming.api.datastream.SingleOutputStreamOperator<R>	(org.apache.flink.api.common.functions.ReduceFunction<T>, org.apache.flink.streaming.api.functions.windowing.WindowFunction<T, R, K, W>, org.apache.flink.api.common.typeinfo.TypeInformation<R>)	WindowedStream
f23	METHOD	org.apache.flink.streaming.api.datastream.WindowedStream	reduce			<R> org.apache.flink.streaming.api.datastream.SingleOutputStreamOperator<R>	(org.apache.flink.api.common.functions.ReduceFunction<T>, org.apache.flink.streaming.api.functions.windowing.WindowFunction<T, R, K, W>)	WindowedStream
f23	METHOD	org.apache.flink.streaming.api.datastream.WindowedStream	reduce			 org.apache.flink.streaming.api.datastream.SingleOutputStreamOperator<T>	(org.apache.flink.api.common.functions.ReduceFunction<T>)	WindowedStream
f23	METHOD	org.apache.flink.streaming.api.datastream.WindowedStream	sideOutputLateData		@PublicEvolving	 org.apache.flink.streaming.api.datastream.WindowedStream<T, K, W>	(org.apache.flink.util.OutputTag<T>)	WindowedStream
f23	METHOD	org.apache.flink.streaming.api.datastream.WindowedStream	sum			 org.apache.flink.streaming.api.datastream.SingleOutputStreamOperator<T>	(java.lang.String)	WindowedStream
f23	METHOD	org.apache.flink.streaming.api.datastream.WindowedStream	sum			 org.apache.flink.streaming.api.datastream.SingleOutputStreamOperator<T>	(int)	WindowedStream
f23	METHOD	org.apache.flink.streaming.api.datastream.WindowedStream	trigger		@Experimental	 org.apache.flink.streaming.api.datastream.WindowedStream<T, K, W>	(org.apache.flink.runtime.asyncprocessing.operators.windowing.triggers.AsyncTrigger<? super T, ? super W>)	WindowedStream
f23	METHOD	org.apache.flink.streaming.api.datastream.WindowedStream	trigger		@PublicEvolving	 org.apache.flink.streaming.api.datastream.WindowedStream<T, K, W>	(org.apache.flink.streaming.api.windowing.triggers.Trigger<? super T, ? super W>)	WindowedStream
f23	FIELD	org.apache.flink.streaming.api.datastream.WindowedStream	input	private final		org.apache.flink.streaming.api.datastream.KeyedStream<T, K>		WindowedStream
f23	FIELD	org.apache.flink.streaming.api.datastream.WindowedStream	builder	private final		org.apache.flink.streaming.runtime.operators.windowing.WindowOperatorBuilder<T, K, W>		WindowedStream
f23	FIELD	org.apache.flink.streaming.api.datastream.WindowedStream	isEnableAsyncState	private		boolean		WindowedStream
f23	CLASS	org.apache.flink.streaming.api.datastream.AllWindowedStream	-		@Public	class java.lang.Object		
f23	CTOR	org.apache.flink.streaming.api.datastream.AllWindowedStream	<init>		@PublicEvolving		(org.apache.flink.streaming.api.datastream.DataStream<T>, org.apache.flink.streaming.api.windowing.assigners.WindowAssigner<? super T, W>)	
f23	METHOD	org.apache.flink.streaming.api.datastream.AllWindowedStream	aggregate		@PublicEvolving	<ACC,R> org.apache.flink.streaming.api.datastream.SingleOutputStreamOperator<R>	(org.apache.flink.api.common.functions.AggregateFunction<T, ACC, R>, org.apache.flink.api.common.typeinfo.TypeInformation<ACC>, org.apache.flink.api.common.typeinfo.TypeInformation<R>)	AllWindowedStream
f23	METHOD	org.apache.flink.streaming.api.datastream.AllWindowedStream	aggregate		@PublicEvolving	<ACC,V,R> org.apache.flink.streaming.api.datastream.SingleOutputStreamOperator<R>	(org.apache.flink.api.common.functions.AggregateFunction<T, ACC, V>, org.apache.flink.streaming.api.functions.windowing.ProcessAllWindowFunction<V, R, W>, org.apache.flink.api.common.typeinfo.TypeInformation<ACC>, org.apache.flink.api.common.typeinfo.TypeInformation<V>, org.apache.flink.api.common.typeinfo.TypeInformation<R>)	AllWindowedStream
f23	METHOD	org.apache.flink.streaming.api.datastream.AllWindowedStream	aggregate		@PublicEvolving	<ACC,V,R> org.apache.flink.streaming.api.datastream.SingleOutputStreamOperator<R>	(org.apache.flink.api.common.functions.AggregateFunction<T, ACC, V>, org.apache.flink.streaming.api.functions.windowing.ProcessAllWindowFunction<V, R, W>)	AllWindowedStream
f23	METHOD	org.apache.flink.streaming.api.datastream.AllWindowedStream	aggregate		@PublicEvolving	<ACC,V,R> org.apache.flink.streaming.api.datastream.SingleOutputStreamOperator<R>	(org.apache.flink.api.common.functions.AggregateFunction<T, ACC, V>, org.apache.flink.streaming.api.functions.windowing.AllWindowFunction<V, R, W>, org.apache.flink.api.common.typeinfo.TypeInformation<ACC>, org.apache.flink.api.common.typeinfo.TypeInformation<R>)	AllWindowedStream
f23	METHOD	org.apache.flink.streaming.api.datastream.AllWindowedStream	aggregate		@PublicEvolving	<ACC,V,R> org.apache.flink.streaming.api.datastream.SingleOutputStreamOperator<R>	(org.apache.flink.api.common.functions.AggregateFunction<T, ACC, V>, org.apache.flink.streaming.api.functions.windowing.AllWindowFunction<V, R, W>)	AllWindowedStream
f23	METHOD	org.apache.flink.streaming.api.datastream.AllWindowedStream	aggregate		@PublicEvolving	<ACC,R> org.apache.flink.streaming.api.datastream.SingleOutputStreamOperator<R>	(org.apache.flink.api.common.functions.AggregateFunction<T, ACC, R>)	AllWindowedStream
f23	METHOD	org.apache.flink.streaming.api.datastream.AllWindowedStream	allowedLateness		@PublicEvolving	 org.apache.flink.streaming.api.datastream.AllWindowedStream<T, W>	(java.time.Duration)	AllWindowedStream
f23	METHOD	org.apache.flink.streaming.api.datastream.AllWindowedStream	apply			<R> org.apache.flink.streaming.api.datastream.SingleOutputStreamOperator<R>	(org.apache.flink.streaming.api.functions.windowing.AllWindowFunction<T, R, W>, org.apache.flink.api.common.typeinfo.TypeInformation<R>)	AllWindowedStream
f23	METHOD	org.apache.flink.streaming.api.datastream.AllWindowedStream	apply			<R> org.apache.flink.streaming.api.datastream.SingleOutputStreamOperator<R>	(org.apache.flink.streaming.api.functions.windowing.AllWindowFunction<T, R, W>)	AllWindowedStream
f23	METHOD	org.apache.flink.streaming.api.datastream.AllWindowedStream	evictor		@PublicEvolving	 org.apache.flink.streaming.api.datastream.AllWindowedStream<T, W>	(org.apache.flink.streaming.api.windowing.evictors.Evictor<? super T, ? super W>)	AllWindowedStream
f23	METHOD	org.apache.flink.streaming.api.datastream.AllWindowedStream	getExecutionEnvironment			 org.apache.flink.streaming.api.environment.StreamExecutionEnvironment	()	AllWindowedStream
f23	METHOD	org.apache.flink.streaming.api.datastream.AllWindowedStream	getInputType			 org.apache.flink.api.common.typeinfo.TypeInformation<T>	()	AllWindowedStream
f23	METHOD	org.apache.flink.streaming.api.datastream.AllWindowedStream	maxBy			 org.apache.flink.streaming.api.datastream.SingleOutputStreamOperator<T>	(java.lang.String, boolean)	AllWindowedStream
f23	METHOD	org.apache.flink.streaming.api.datastream.AllWindowedStream	maxBy			 org.apache.flink.streaming.api.datastream.SingleOutputStreamOperator<T>	(java.lang.String)	AllWindowedStream
f23	METHOD	org.apache.flink.streaming.api.datastream.AllWindowedStream	maxBy			 org.apache.flink.streaming.api.datastream.SingleOutputStreamOperator<T>	(int, boolean)	AllWindowedStream
f23	METHOD	org.apache.flink.streaming.api.datastream.AllWindowedStream	maxBy			 org.apache.flink.streaming.api.datastream.SingleOutputStreamOperator<T>	(int)	AllWindowedStream
f23	METHOD	org.apache.flink.streaming.api.datastream.AllWindowedStream	max			 org.apache.flink.streaming.api.datastream.SingleOutputStreamOperator<T>	(java.lang.String)	AllWindowedStream
f23	METHOD	org.apache.flink.streaming.api.datastream.AllWindowedStream	max			 org.apache.flink.streaming.api.datastream.SingleOutputStreamOperator<T>	(int)	AllWindowedStream
f23	METHOD	org.apache.flink.streaming.api.datastream.AllWindowedStream	minBy			 org.apache.flink.streaming.api.datastream.SingleOutputStreamOperator<T>	(java.lang.String, boolean)	AllWindowedStream
f23	METHOD	org.apache.flink.streaming.api.datastream.AllWindowedStream	minBy			 org.apache.flink.streaming.api.datastream.SingleOutputStreamOperator<T>	(java.lang.String)	AllWindowedStream
f23	METHOD	org.apache.flink.streaming.api.datastream.AllWindowedStream	minBy			 org.apache.flink.streaming.api.datastream.SingleOutputStreamOperator<T>	(int, boolean)	AllWindowedStream
f23	METHOD	org.apache.flink.streaming.api.datastream.AllWindowedStream	minBy			 org.apache.flink.streaming.api.datastream.SingleOutputStreamOperator<T>	(int)	AllWindowedStream
f23	METHOD	org.apache.flink.streaming.api.datastream.AllWindowedStream	min			 org.apache.flink.streaming.api.datastream.SingleOutputStreamOperator<T>	(java.lang.String)	AllWindowedStream
f23	METHOD	org.apache.flink.streaming.api.datastream.AllWindowedStream	min			 org.apache.flink.streaming.api.datastream.SingleOutputStreamOperator<T>	(int)	AllWindowedStream
f23	METHOD	org.apache.flink.streaming.api.datastream.AllWindowedStream	process		@PublicEvolving	<R> org.apache.flink.streaming.api.datastream.SingleOutputStreamOperator<R>	(org.apache.flink.streaming.api.functions.windowing.ProcessAllWindowFunction<T, R, W>, org.apache.flink.api.common.typeinfo.TypeInformation<R>)	AllWindowedStream
f23	METHOD	org.apache.flink.streaming.api.datastream.AllWindowedStream	process		@PublicEvolving	<R> org.apache.flink.streaming.api.datastream.SingleOutputStreamOperator<R>	(org.apache.flink.streaming.api.functions.windowing.ProcessAllWindowFunction<T, R, W>)	AllWindowedStream
f23	METHOD	org.apache.flink.streaming.api.datastream.AllWindowedStream	reduce		@PublicEvolving	<R> org.apache.flink.streaming.api.datastream.SingleOutputStreamOperator<R>	(org.apache.flink.api.common.functions.ReduceFunction<T>, org.apache.flink.streaming.api.functions.windowing.ProcessAllWindowFunction<T, R, W>, org.apache.flink.api.common.typeinfo.TypeInformation<R>)	AllWindowedStream
f23	METHOD	org.apache.flink.streaming.api.datastream.AllWindowedStream	reduce		@PublicEvolving	<R> org.apache.flink.streaming.api.datastream.SingleOutputStreamOperator<R>	(org.apache.flink.api.common.functions.ReduceFunction<T>, org.apache.flink.streaming.api.functions.windowing.ProcessAllWindowFunction<T, R, W>)	AllWindowedStream
f23	METHOD	org.apache.flink.streaming.api.datastream.AllWindowedStream	reduce		@PublicEvolving	<R> org.apache.flink.streaming.api.datastream.SingleOutputStreamOperator<R>	(org.apache.flink.api.common.functions.ReduceFunction<T>, org.apache.flink.streaming.api.functions.windowing.AllWindowFunction<T, R, W>, org.apache.flink.api.common.typeinfo.TypeInformation<R>)	AllWindowedStream
f23	METHOD	org.apache.flink.streaming.api.datastream.AllWindowedStream	reduce		@PublicEvolving	<R> org.apache.flink.streaming.api.datastream.SingleOutputStreamOperator<R>	(org.apache.flink.api.common.functions.ReduceFunction<T>, org.apache.flink.streaming.api.functions.windowing.AllWindowFunction<T, R, W>)	AllWindowedStream
f23	METHOD	org.apache.flink.streaming.api.datastream.AllWindowedStream	reduce			 org.apache.flink.streaming.api.datastream.SingleOutputStreamOperator<T>	(org.apache.flink.api.common.functions.ReduceFunction<T>)	AllWindowedStream
f23	METHOD	org.apache.flink.streaming.api.datastream.AllWindowedStream	sideOutputLateData		@PublicEvolving	 org.apache.flink.streaming.api.datastream.AllWindowedStream<T, W>	(org.apache.flink.util.OutputTag<T>)	AllWindowedStream
f23	METHOD	org.apache.flink.streaming.api.datastream.AllWindowedStream	sum			 org.apache.flink.streaming.api.datastream.SingleOutputStreamOperator<T>	(java.lang.String)	AllWindowedStream
f23	METHOD	org.apache.flink.streaming.api.datastream.AllWindowedStream	sum			 org.apache.flink.streaming.api.datastream.SingleOutputStreamOperator<T>	(int)	AllWindowedStream
f23	METHOD	org.apache.flink.streaming.api.datastream.AllWindowedStream	trigger		@PublicEvolving	 org.apache.flink.streaming.api.datastream.AllWindowedStream<T, W>	(org.apache.flink.streaming.api.windowing.triggers.Trigger<? super T, ? super W>)	AllWindowedStream
f23	FIELD	org.apache.flink.streaming.api.datastream.AllWindowedStream	input	private final		org.apache.flink.streaming.api.datastream.KeyedStream<T, java.lang.Byte>		AllWindowedStream
f23	FIELD	org.apache.flink.streaming.api.datastream.AllWindowedStream	windowAssigner	private final		org.apache.flink.streaming.api.windowing.assigners.WindowAssigner<? super T, W>		AllWindowedStream
f23	FIELD	org.apache.flink.streaming.api.datastream.AllWindowedStream	trigger	private		org.apache.flink.streaming.api.windowing.triggers.Trigger<? super T, ? super W>		AllWindowedStream
f23	FIELD	org.apache.flink.streaming.api.datastream.AllWindowedStream	evictor	private		org.apache.flink.streaming.api.windowing.evictors.Evictor<? super T, ? super W>		AllWindowedStream
f23	FIELD	org.apache.flink.streaming.api.datastream.AllWindowedStream	allowedLateness	private		long		AllWindowedStream
f23	FIELD	org.apache.flink.streaming.api.datastream.AllWindowedStream	lateDataOutputTag	private		org.apache.flink.util.OutputTag<T>		AllWindowedStream
f23	CLASS	org.apache.flink.streaming.api.datastream.JoinedStreams	-		@Public	class java.lang.Object		
f23	CTOR	org.apache.flink.streaming.api.datastream.JoinedStreams	<init>				(org.apache.flink.streaming.api.datastream.DataStream<T1>, org.apache.flink.streaming.api.datastream.DataStream<T2>)	
f23	METHOD	org.apache.flink.streaming.api.datastream.JoinedStreams	where			<KEY> org.apache.flink.streaming.api.datastream.JoinedStreams<T1, T2>$Where<KEY>	(org.apache.flink.api.java.functions.KeySelector<T1, KEY>, org.apache.flink.api.common.typeinfo.TypeInformation<KEY>)	JoinedStreams
f23	METHOD	org.apache.flink.streaming.api.datastream.JoinedStreams	where			<KEY> org.apache.flink.streaming.api.datastream.JoinedStreams<T1, T2>$Where<KEY>	(org.apache.flink.api.java.functions.KeySelector<T1, KEY>)	JoinedStreams
f23	FIELD	org.apache.flink.streaming.api.datastream.JoinedStreams	input1	private final		org.apache.flink.streaming.api.datastream.DataStream<T1>		JoinedStreams
f23	FIELD	org.apache.flink.streaming.api.datastream.JoinedStreams	input2	private final		org.apache.flink.streaming.api.datastream.DataStream<T2>		JoinedStreams
f23	CLASS	org.apache.flink.streaming.api.datastream.CoGroupedStreams	-		@Public	class java.lang.Object		
f23	CTOR	org.apache.flink.streaming.api.datastream.CoGroupedStreams	<init>				(org.apache.flink.streaming.api.datastream.DataStream<T1>, org.apache.flink.streaming.api.datastream.DataStream<T2>)	
f23	METHOD	org.apache.flink.streaming.api.datastream.CoGroupedStreams	where			<KEY> org.apache.flink.streaming.api.datastream.CoGroupedStreams<T1, T2>$Where<KEY>	(org.apache.flink.api.java.functions.KeySelector<T1, KEY>, org.apache.flink.api.common.typeinfo.TypeInformation<KEY>)	CoGroupedStreams
f23	METHOD	org.apache.flink.streaming.api.datastream.CoGroupedStreams	where			<KEY> org.apache.flink.streaming.api.datastream.CoGroupedStreams<T1, T2>$Where<KEY>	(org.apache.flink.api.java.functions.KeySelector<T1, KEY>)	CoGroupedStreams
f23	FIELD	org.apache.flink.streaming.api.datastream.CoGroupedStreams	input1	private final		org.apache.flink.streaming.api.datastream.DataStream<T1>		CoGroupedStreams
f23	FIELD	org.apache.flink.streaming.api.datastream.CoGroupedStreams	input2	private final		org.apache.flink.streaming.api.datastream.DataStream<T2>		CoGroupedStreams
f23	CLASS	org.apache.flink.streaming.api.datastream.IterativeStream	-	absent				
f23	CLASS	org.apache.flink.streaming.api.datastream.PartitionWindowedStream	-	abstract	@PublicEvolving	null		
f23	METHOD	org.apache.flink.streaming.api.datastream.PartitionWindowedStream	aggregate	abstract		<ACC,R> org.apache.flink.streaming.api.datastream.SingleOutputStreamOperator<R>	(org.apache.flink.api.common.functions.AggregateFunction<T, ACC, R>)	PartitionWindowedStream
f23	METHOD	org.apache.flink.streaming.api.datastream.PartitionWindowedStream	mapPartition	abstract		<R> org.apache.flink.streaming.api.datastream.SingleOutputStreamOperator<R>	(org.apache.flink.api.common.functions.MapPartitionFunction<T, R>)	PartitionWindowedStream
f23	METHOD	org.apache.flink.streaming.api.datastream.PartitionWindowedStream	reduce	abstract		 org.apache.flink.streaming.api.datastream.SingleOutputStreamOperator<T>	(org.apache.flink.api.common.functions.ReduceFunction<T>)	PartitionWindowedStream
f23	METHOD	org.apache.flink.streaming.api.datastream.PartitionWindowedStream	sortPartition	abstract		 org.apache.flink.streaming.api.datastream.SingleOutputStreamOperator<T>	(java.lang.String, org.apache.flink.api.common.operators.Order)	PartitionWindowedStream
f23	METHOD	org.apache.flink.streaming.api.datastream.PartitionWindowedStream	sortPartition	abstract		 org.apache.flink.streaming.api.datastream.SingleOutputStreamOperator<T>	(int, org.apache.flink.api.common.operators.Order)	PartitionWindowedStream
f23	METHOD	org.apache.flink.streaming.api.datastream.PartitionWindowedStream	sortPartition	abstract		<K> org.apache.flink.streaming.api.datastream.SingleOutputStreamOperator<T>	(org.apache.flink.api.java.functions.KeySelector<T, K>, org.apache.flink.api.common.operators.Order)	PartitionWindowedStream
f23	CLASS	org.apache.flink.streaming.api.datastream.KeyedPartitionWindowedStream	-		@Internal	class java.lang.Object		
f23	CTOR	org.apache.flink.streaming.api.datastream.KeyedPartitionWindowedStream	<init>				(org.apache.flink.streaming.api.environment.StreamExecutionEnvironment, org.apache.flink.streaming.api.datastream.KeyedStream<T, KEY>)	
f23	METHOD	org.apache.flink.streaming.api.datastream.KeyedPartitionWindowedStream	aggregate			<ACC,R> org.apache.flink.streaming.api.datastream.SingleOutputStreamOperator<R>	(org.apache.flink.api.common.functions.AggregateFunction<T, ACC, R>)	KeyedPartitionWindowedStream
f23	METHOD	org.apache.flink.streaming.api.datastream.KeyedPartitionWindowedStream	mapPartition			<R> org.apache.flink.streaming.api.datastream.SingleOutputStreamOperator<R>	(org.apache.flink.api.common.functions.MapPartitionFunction<T, R>)	KeyedPartitionWindowedStream
f23	METHOD	org.apache.flink.streaming.api.datastream.KeyedPartitionWindowedStream	reduce			 org.apache.flink.streaming.api.datastream.SingleOutputStreamOperator<T>	(org.apache.flink.api.common.functions.ReduceFunction<T>)	KeyedPartitionWindowedStream
f23	METHOD	org.apache.flink.streaming.api.datastream.KeyedPartitionWindowedStream	sortPartition			 org.apache.flink.streaming.api.datastream.SingleOutputStreamOperator<T>	(java.lang.String, org.apache.flink.api.common.operators.Order)	KeyedPartitionWindowedStream
f23	METHOD	org.apache.flink.streaming.api.datastream.KeyedPartitionWindowedStream	sortPartition			 org.apache.flink.streaming.api.datastream.SingleOutputStreamOperator<T>	(int, org.apache.flink.api.common.operators.Order)	KeyedPartitionWindowedStream
f23	METHOD	org.apache.flink.streaming.api.datastream.KeyedPartitionWindowedStream	sortPartition			<K> org.apache.flink.streaming.api.datastream.SingleOutputStreamOperator<T>	(org.apache.flink.api.java.functions.KeySelector<T, K>, org.apache.flink.api.common.operators.Order)	KeyedPartitionWindowedStream
f23	FIELD	org.apache.flink.streaming.api.datastream.KeyedPartitionWindowedStream	environment	private final		org.apache.flink.streaming.api.environment.StreamExecutionEnvironment		KeyedPartitionWindowedStream
f23	FIELD	org.apache.flink.streaming.api.datastream.KeyedPartitionWindowedStream	input	private final		org.apache.flink.streaming.api.datastream.KeyedStream<T, KEY>		KeyedPartitionWindowedStream
f23	CLASS	org.apache.flink.streaming.api.datastream.NonKeyedPartitionWindowedStream	-		@Internal	class java.lang.Object		
f23	CTOR	org.apache.flink.streaming.api.datastream.NonKeyedPartitionWindowedStream	<init>				(org.apache.flink.streaming.api.environment.StreamExecutionEnvironment, org.apache.flink.streaming.api.datastream.DataStream<T>)	
f23	METHOD	org.apache.flink.streaming.api.datastream.NonKeyedPartitionWindowedStream	aggregate			<ACC,R> org.apache.flink.streaming.api.datastream.SingleOutputStreamOperator<R>	(org.apache.flink.api.common.functions.AggregateFunction<T, ACC, R>)	NonKeyedPartitionWindowedStream
f23	METHOD	org.apache.flink.streaming.api.datastream.NonKeyedPartitionWindowedStream	mapPartition			<R> org.apache.flink.streaming.api.datastream.SingleOutputStreamOperator<R>	(org.apache.flink.api.common.functions.MapPartitionFunction<T, R>)	NonKeyedPartitionWindowedStream
f23	METHOD	org.apache.flink.streaming.api.datastream.NonKeyedPartitionWindowedStream	reduce			 org.apache.flink.streaming.api.datastream.SingleOutputStreamOperator<T>	(org.apache.flink.api.common.functions.ReduceFunction<T>)	NonKeyedPartitionWindowedStream
f23	METHOD	org.apache.flink.streaming.api.datastream.NonKeyedPartitionWindowedStream	sortPartition			 org.apache.flink.streaming.api.datastream.SingleOutputStreamOperator<T>	(java.lang.String, org.apache.flink.api.common.operators.Order)	NonKeyedPartitionWindowedStream
f23	METHOD	org.apache.flink.streaming.api.datastream.NonKeyedPartitionWindowedStream	sortPartition			 org.apache.flink.streaming.api.datastream.SingleOutputStreamOperator<T>	(int, org.apache.flink.api.common.operators.Order)	NonKeyedPartitionWindowedStream
f23	METHOD	org.apache.flink.streaming.api.datastream.NonKeyedPartitionWindowedStream	sortPartition			<K> org.apache.flink.streaming.api.datastream.SingleOutputStreamOperator<T>	(org.apache.flink.api.java.functions.KeySelector<T, K>, org.apache.flink.api.common.operators.Order)	NonKeyedPartitionWindowedStream
f23	FIELD	org.apache.flink.streaming.api.datastream.NonKeyedPartitionWindowedStream	environment	private final		org.apache.flink.streaming.api.environment.StreamExecutionEnvironment		NonKeyedPartitionWindowedStream
f23	FIELD	org.apache.flink.streaming.api.datastream.NonKeyedPartitionWindowedStream	input	private final		org.apache.flink.streaming.api.datastream.DataStream<T>		NonKeyedPartitionWindowedStream
f23	CLASS	org.apache.flink.streaming.api.datastream.CachedDataStream	-		@PublicEvolving	org.apache.flink.streaming.api.datastream.DataStream<T>		
f23	CTOR	org.apache.flink.streaming.api.datastream.CachedDataStream	<init>				(org.apache.flink.streaming.api.environment.StreamExecutionEnvironment, org.apache.flink.api.dag.Transformation<T>)	
f23	METHOD	org.apache.flink.streaming.api.datastream.CachedDataStream	addSink			 org.apache.flink.streaming.api.datastream.DataStreamSink<T>	(org.apache.flink.streaming.api.functions.sink.legacy.SinkFunction<T>)	DataStream
f23	METHOD	org.apache.flink.streaming.api.datastream.CachedDataStream	assignTimestampsAndWatermarks			 org.apache.flink.streaming.api.datastream.SingleOutputStreamOperator<T>	(org.apache.flink.api.common.eventtime.WatermarkStrategy<T>)	DataStream
f23	METHOD	org.apache.flink.streaming.api.datastream.CachedDataStream	broadcast			 org.apache.flink.streaming.api.datastream.DataStream<T>	()	DataStream
f23	METHOD	org.apache.flink.streaming.api.datastream.CachedDataStream	broadcast		@PublicEvolving	 org.apache.flink.streaming.api.datastream.BroadcastStream<T>	(org.apache.flink.api.common.state.MapStateDescriptor<?, ?>[])	DataStream
f23	METHOD	org.apache.flink.streaming.api.datastream.CachedDataStream	clean	 protected		<F> F	(F)	DataStream
f23	METHOD	org.apache.flink.streaming.api.datastream.CachedDataStream	coGroup			<T2> org.apache.flink.streaming.api.datastream.CoGroupedStreams<T, T2>	(org.apache.flink.streaming.api.datastream.DataStream<T2>)	DataStream
f23	METHOD	org.apache.flink.streaming.api.datastream.CachedDataStream	collectAsync		@Experimental	 org.apache.flink.util.CloseableIterator<T>	()	DataStream
f23	METHOD	org.apache.flink.streaming.api.datastream.CachedDataStream	collectAsync		@Experimental	 void	(org.apache.flink.streaming.api.datastream.DataStream$Collector<T>)	DataStream
f23	METHOD	org.apache.flink.streaming.api.datastream.CachedDataStream	connect		@PublicEvolving	<R> org.apache.flink.streaming.api.datastream.BroadcastConnectedStream<T, R>	(org.apache.flink.streaming.api.datastream.BroadcastStream<R>)	DataStream
f23	METHOD	org.apache.flink.streaming.api.datastream.CachedDataStream	connect			<R> org.apache.flink.streaming.api.datastream.ConnectedStreams<T, R>	(org.apache.flink.streaming.api.datastream.DataStream<R>)	DataStream
f23	METHOD	org.apache.flink.streaming.api.datastream.CachedDataStream	countWindowAll			 org.apache.flink.streaming.api.datastream.AllWindowedStream<T, org.apache.flink.streaming.api.windowing.windows.GlobalWindow>	(long, long)	DataStream
f23	METHOD	org.apache.flink.streaming.api.datastream.CachedDataStream	countWindowAll			 org.apache.flink.streaming.api.datastream.AllWindowedStream<T, org.apache.flink.streaming.api.windowing.windows.GlobalWindow>	(long)	DataStream
f23	METHOD	org.apache.flink.streaming.api.datastream.CachedDataStream	doTransform	 protected		<R> org.apache.flink.streaming.api.datastream.SingleOutputStreamOperator<R>	(java.lang.String, org.apache.flink.api.common.typeinfo.TypeInformation<R>, org.apache.flink.streaming.api.operators.StreamOperatorFactory<R>)	DataStream
f23	METHOD	org.apache.flink.streaming.api.datastream.CachedDataStream	executeAndCollect			 org.apache.flink.util.CloseableIterator<T>	()	DataStream
f23	METHOD	org.apache.flink.streaming.api.datastream.CachedDataStream	executeAndCollect			 java.util.List<T>	(java.lang.String, int)	DataStream
f23	METHOD	org.apache.flink.streaming.api.datastream.CachedDataStream	executeAndCollect			 org.apache.flink.util.CloseableIterator<T>	(java.lang.String)	DataStream
f23	METHOD	org.apache.flink.streaming.api.datastream.CachedDataStream	executeAndCollect			 java.util.List<T>	(int)	DataStream
f23	METHOD	org.apache.flink.streaming.api.datastream.CachedDataStream	filter			 org.apache.flink.streaming.api.datastream.SingleOutputStreamOperator<T>	(org.apache.flink.api.common.functions.FilterFunction<T>)	DataStream
f23	METHOD	org.apache.flink.streaming.api.datastream.CachedDataStream	flatMap			<R> org.apache.flink.streaming.api.datastream.SingleOutputStreamOperator<R>	(org.apache.flink.api.common.functions.FlatMapFunction<T, R>, org.apache.flink.api.common.typeinfo.TypeInformation<R>)	DataStream
f23	METHOD	org.apache.flink.streaming.api.datastream.CachedDataStream	flatMap			<R> org.apache.flink.streaming.api.datastream.SingleOutputStreamOperator<R>	(org.apache.flink.api.common.functions.FlatMapFunction<T, R>)	DataStream
f23	METHOD	org.apache.flink.streaming.api.datastream.CachedDataStream	forward			 org.apache.flink.streaming.api.datastream.DataStream<T>	()	DataStream
f23	METHOD	org.apache.flink.streaming.api.datastream.CachedDataStream	fullWindowPartition		@PublicEvolving	 org.apache.flink.streaming.api.datastream.PartitionWindowedStream<T>	()	DataStream
f23	METHOD	org.apache.flink.streaming.api.datastream.CachedDataStream	getExecutionConfig			 org.apache.flink.api.common.ExecutionConfig	()	DataStream
f23	METHOD	org.apache.flink.streaming.api.datastream.CachedDataStream	getExecutionEnvironment			 org.apache.flink.streaming.api.environment.StreamExecutionEnvironment	()	DataStream
f23	METHOD	org.apache.flink.streaming.api.datastream.CachedDataStream	getId		@Internal	 int	()	DataStream
f23	METHOD	org.apache.flink.streaming.api.datastream.CachedDataStream	getMinResources		@PublicEvolving	 org.apache.flink.api.common.operators.ResourceSpec	()	DataStream
f23	METHOD	org.apache.flink.streaming.api.datastream.CachedDataStream	getParallelism			 int	()	DataStream
f23	METHOD	org.apache.flink.streaming.api.datastream.CachedDataStream	getPreferredResources		@PublicEvolving	 org.apache.flink.api.common.operators.ResourceSpec	()	DataStream
f23	METHOD	org.apache.flink.streaming.api.datastream.CachedDataStream	getTransformation		@Internal	 org.apache.flink.api.dag.Transformation<T>	()	DataStream
f23	METHOD	org.apache.flink.streaming.api.datastream.CachedDataStream	getType			 org.apache.flink.api.common.typeinfo.TypeInformation<T>	()	DataStream
f23	METHOD	org.apache.flink.streaming.api.datastream.CachedDataStream	global		@PublicEvolving	 org.apache.flink.streaming.api.datastream.DataStream<T>	()	DataStream
f23	METHOD	org.apache.flink.streaming.api.datastream.CachedDataStream	invalidate			 void	()	CachedDataStream
f23	METHOD	org.apache.flink.streaming.api.datastream.CachedDataStream	join			<T2> org.apache.flink.streaming.api.datastream.JoinedStreams<T, T2>	(org.apache.flink.streaming.api.datastream.DataStream<T2>)	DataStream
f23	METHOD	org.apache.flink.streaming.api.datastream.CachedDataStream	keyBy	 protected		 org.apache.flink.streaming.api.datastream.KeyedStream<T, org.apache.flink.api.java.tuple.Tuple>	(org.apache.flink.api.common.operators.Keys<T>)	DataStream
f23	METHOD	org.apache.flink.streaming.api.datastream.CachedDataStream	keyBy			<K> org.apache.flink.streaming.api.datastream.KeyedStream<T, K>	(org.apache.flink.api.java.functions.KeySelector<T, K>, org.apache.flink.api.common.typeinfo.TypeInformation<K>)	DataStream
f23	METHOD	org.apache.flink.streaming.api.datastream.CachedDataStream	keyBy			<K> org.apache.flink.streaming.api.datastream.KeyedStream<T, K>	(org.apache.flink.api.java.functions.KeySelector<T, K>)	DataStream
f23	METHOD	org.apache.flink.streaming.api.datastream.CachedDataStream	map			<R> org.apache.flink.streaming.api.datastream.SingleOutputStreamOperator<R>	(org.apache.flink.api.common.functions.MapFunction<T, R>, org.apache.flink.api.common.typeinfo.TypeInformation<R>)	DataStream
f23	METHOD	org.apache.flink.streaming.api.datastream.CachedDataStream	map			<R> org.apache.flink.streaming.api.datastream.SingleOutputStreamOperator<R>	(org.apache.flink.api.common.functions.MapFunction<T, R>)	DataStream
f23	METHOD	org.apache.flink.streaming.api.datastream.CachedDataStream	partitionCustom			<K> org.apache.flink.streaming.api.datastream.DataStream<T>	(org.apache.flink.api.common.functions.Partitioner<K>, org.apache.flink.api.java.functions.KeySelector<T, K>)	DataStream
f23	METHOD	org.apache.flink.streaming.api.datastream.CachedDataStream	printToErr		@PublicEvolving	 org.apache.flink.streaming.api.datastream.DataStreamSink<T>	()	DataStream
f23	METHOD	org.apache.flink.streaming.api.datastream.CachedDataStream	printToErr		@PublicEvolving	 org.apache.flink.streaming.api.datastream.DataStreamSink<T>	(java.lang.String)	DataStream
f23	METHOD	org.apache.flink.streaming.api.datastream.CachedDataStream	print		@PublicEvolving	 org.apache.flink.streaming.api.datastream.DataStreamSink<T>	()	DataStream
f23	METHOD	org.apache.flink.streaming.api.datastream.CachedDataStream	print		@PublicEvolving	 org.apache.flink.streaming.api.datastream.DataStreamSink<T>	(java.lang.String)	DataStream
f23	METHOD	org.apache.flink.streaming.api.datastream.CachedDataStream	process		@Internal	<R> org.apache.flink.streaming.api.datastream.SingleOutputStreamOperator<R>	(org.apache.flink.streaming.api.functions.ProcessFunction<T, R>, org.apache.flink.api.common.typeinfo.TypeInformation<R>)	DataStream
f23	METHOD	org.apache.flink.streaming.api.datastream.CachedDataStream	process		@PublicEvolving	<R> org.apache.flink.streaming.api.datastream.SingleOutputStreamOperator<R>	(org.apache.flink.streaming.api.functions.ProcessFunction<T, R>)	DataStream
f23	METHOD	org.apache.flink.streaming.api.datastream.CachedDataStream	project		@PublicEvolving	<R> org.apache.flink.streaming.api.datastream.SingleOutputStreamOperator<R>	(int[])	DataStream
f23	METHOD	org.apache.flink.streaming.api.datastream.CachedDataStream	rebalance			 org.apache.flink.streaming.api.datastream.DataStream<T>	()	DataStream
f23	METHOD	org.apache.flink.streaming.api.datastream.CachedDataStream	rescale		@PublicEvolving	 org.apache.flink.streaming.api.datastream.DataStream<T>	()	DataStream
f23	METHOD	org.apache.flink.streaming.api.datastream.CachedDataStream	setConnectionType	 protected		 org.apache.flink.streaming.api.datastream.DataStream<T>	(org.apache.flink.streaming.runtime.partitioner.StreamPartitioner<T>)	DataStream
f23	METHOD	org.apache.flink.streaming.api.datastream.CachedDataStream	shuffle		@PublicEvolving	 org.apache.flink.streaming.api.datastream.DataStream<T>	()	DataStream
f23	METHOD	org.apache.flink.streaming.api.datastream.CachedDataStream	sinkTo		@PublicEvolving	 org.apache.flink.streaming.api.datastream.DataStreamSink<T>	(org.apache.flink.api.connector.sink2.Sink<T>, org.apache.flink.streaming.api.datastream.CustomSinkOperatorUidHashes)	DataStream
f23	METHOD	org.apache.flink.streaming.api.datastream.CachedDataStream	sinkTo		@PublicEvolving	 org.apache.flink.streaming.api.datastream.DataStreamSink<T>	(org.apache.flink.api.connector.sink2.Sink<T>)	DataStream
f23	METHOD	org.apache.flink.streaming.api.datastream.CachedDataStream	transform		@PublicEvolving	<R> org.apache.flink.streaming.api.datastream.SingleOutputStreamOperator<R>	(java.lang.String, org.apache.flink.api.common.typeinfo.TypeInformation<R>, org.apache.flink.streaming.api.operators.OneInputStreamOperatorFactory<T, R>)	DataStream
f23	METHOD	org.apache.flink.streaming.api.datastream.CachedDataStream	transform		@PublicEvolving	<R> org.apache.flink.streaming.api.datastream.SingleOutputStreamOperator<R>	(java.lang.String, org.apache.flink.api.common.typeinfo.TypeInformation<R>, org.apache.flink.streaming.api.operators.OneInputStreamOperator<T, R>)	DataStream
f23	METHOD	org.apache.flink.streaming.api.datastream.CachedDataStream	union	final		 org.apache.flink.streaming.api.datastream.DataStream<T>	(org.apache.flink.streaming.api.datastream.DataStream<T>[])	DataStream
f23	METHOD	org.apache.flink.streaming.api.datastream.CachedDataStream	windowAll		@PublicEvolving	<W> org.apache.flink.streaming.api.datastream.AllWindowedStream<T, W>	(org.apache.flink.streaming.api.windowing.assigners.WindowAssigner<? super T, W>)	DataStream
f23	METHOD	org.apache.flink.streaming.api.datastream.CachedDataStream	writeToSocket		@PublicEvolving	 org.apache.flink.streaming.api.datastream.DataStreamSink<T>	(java.lang.String, int, org.apache.flink.api.common.serialization.SerializationSchema<T>)	DataStream
f23	METHOD	org.apache.flink.streaming.api.datastream.CachedDataStream	writeUsingOutputFormat		@Deprecated @PublicEvolving	 org.apache.flink.streaming.api.datastream.DataStreamSink<T>	(org.apache.flink.api.common.io.OutputFormat<T>)	DataStream
f23	FIELD	org.apache.flink.streaming.api.datastream.CachedDataStream	environment	protected final		org.apache.flink.streaming.api.environment.StreamExecutionEnvironment		DataStream
f23	FIELD	org.apache.flink.streaming.api.datastream.CachedDataStream	transformation	protected final		org.apache.flink.api.dag.Transformation<T>		DataStream
f23	CLASS	org.apache.flink.streaming.api.datastream.DataStreamSink	-		@Public	class java.lang.Object		
f23	CTOR	org.apache.flink.streaming.api.datastream.DataStreamSink	<init>				(org.apache.flink.streaming.api.transformations.PhysicalTransformation<T>)	
f23	METHOD	org.apache.flink.streaming.api.datastream.DataStreamSink	addMetricVariable		@PublicEvolving	 org.apache.flink.streaming.api.datastream.DataStreamSink<T>	(java.lang.String, java.lang.String)	DataStreamSink
f23	METHOD	org.apache.flink.streaming.api.datastream.DataStreamSink	disableChaining		@PublicEvolving	 org.apache.flink.streaming.api.datastream.DataStreamSink<T>	()	DataStreamSink
f23	METHOD	org.apache.flink.streaming.api.datastream.DataStreamSink	forSink	static	@Internal	<T> org.apache.flink.streaming.api.datastream.DataStreamSink<T>	(org.apache.flink.streaming.api.datastream.DataStream<T>, org.apache.flink.api.connector.sink2.Sink<T>, org.apache.flink.streaming.api.datastream.CustomSinkOperatorUidHashes)	DataStreamSink
f23	METHOD	org.apache.flink.streaming.api.datastream.DataStreamSink	getLegacyTransformation		@Internal	 org.apache.flink.streaming.api.transformations.LegacySinkTransformation<T>	()	DataStreamSink
f23	METHOD	org.apache.flink.streaming.api.datastream.DataStreamSink	getTransformation		@Internal	 org.apache.flink.api.dag.Transformation<T>	()	DataStreamSink
f23	METHOD	org.apache.flink.streaming.api.datastream.DataStreamSink	name			 org.apache.flink.streaming.api.datastream.DataStreamSink<T>	(java.lang.String)	DataStreamSink
f23	METHOD	org.apache.flink.streaming.api.datastream.DataStreamSink	setDescription		@PublicEvolving	 org.apache.flink.streaming.api.datastream.DataStreamSink<T>	(java.lang.String)	DataStreamSink
f23	METHOD	org.apache.flink.streaming.api.datastream.DataStreamSink	setMaxParallelism			 org.apache.flink.streaming.api.datastream.DataStreamSink<T>	(int)	DataStreamSink
f23	METHOD	org.apache.flink.streaming.api.datastream.DataStreamSink	setParallelism			 org.apache.flink.streaming.api.datastream.DataStreamSink<T>	(int)	DataStreamSink
f23	METHOD	org.apache.flink.streaming.api.datastream.DataStreamSink	setUidHash		@PublicEvolving	 org.apache.flink.streaming.api.datastream.DataStreamSink<T>	(java.lang.String)	DataStreamSink
f23	METHOD	org.apache.flink.streaming.api.datastream.DataStreamSink	slotSharingGroup		@PublicEvolving	 org.apache.flink.streaming.api.datastream.DataStreamSink<T>	(java.lang.String)	DataStreamSink
f23	METHOD	org.apache.flink.streaming.api.datastream.DataStreamSink	slotSharingGroup		@PublicEvolving	 org.apache.flink.streaming.api.datastream.DataStreamSink<T>	(org.apache.flink.api.common.operators.SlotSharingGroup)	DataStreamSink
f23	METHOD	org.apache.flink.streaming.api.datastream.DataStreamSink	uid		@PublicEvolving	 org.apache.flink.streaming.api.datastream.DataStreamSink<T>	(java.lang.String)	DataStreamSink
f23	FIELD	org.apache.flink.streaming.api.datastream.DataStreamSink	transformation	private final		org.apache.flink.streaming.api.transformations.PhysicalTransformation<T>		DataStreamSink
f23	CLASS	org.apache.flink.streaming.api.datastream.KeyedStream$IntervalJoin	-	static	@PublicEvolving	class java.lang.Object		
f23	CTOR	org.apache.flink.streaming.api.datastream.KeyedStream$IntervalJoin	<init>	 package			(org.apache.flink.streaming.api.datastream.KeyedStream<T1, KEY>, org.apache.flink.streaming.api.datastream.KeyedStream<T2, KEY>)	
f23	METHOD	org.apache.flink.streaming.api.datastream.KeyedStream$IntervalJoin	between		@PublicEvolving	 org.apache.flink.streaming.api.datastream.KeyedStream$IntervalJoined<T1, T2, KEY>	(java.time.Duration, java.time.Duration)	IntervalJoin
f23	METHOD	org.apache.flink.streaming.api.datastream.KeyedStream$IntervalJoin	inEventTime			 org.apache.flink.streaming.api.datastream.KeyedStream$IntervalJoin<T1, T2, KEY>	()	IntervalJoin
f23	METHOD	org.apache.flink.streaming.api.datastream.KeyedStream$IntervalJoin	inProcessingTime			 org.apache.flink.streaming.api.datastream.KeyedStream$IntervalJoin<T1, T2, KEY>	()	IntervalJoin
f23	FIELD	org.apache.flink.streaming.api.datastream.KeyedStream$IntervalJoin	streamOne	private final		org.apache.flink.streaming.api.datastream.KeyedStream<T1, KEY>		IntervalJoin
f23	FIELD	org.apache.flink.streaming.api.datastream.KeyedStream$IntervalJoin	streamTwo	private final		org.apache.flink.streaming.api.datastream.KeyedStream<T2, KEY>		IntervalJoin
f23	FIELD	org.apache.flink.streaming.api.datastream.KeyedStream$IntervalJoin	timeBehaviour	private		org.apache.flink.streaming.api.datastream.KeyedStream$IntervalJoin$TimeBehaviour		IntervalJoin
f23	CLASS	org.apache.flink.streaming.api.datastream.KeyedStream$IntervalJoined	-	static	@PublicEvolving	class java.lang.Object		
f23	CTOR	org.apache.flink.streaming.api.datastream.KeyedStream$IntervalJoined	<init>				(org.apache.flink.streaming.api.datastream.KeyedStream<IN1, KEY>, org.apache.flink.streaming.api.datastream.KeyedStream<IN2, KEY>, long, long, boolean, boolean)	
f23	METHOD	org.apache.flink.streaming.api.datastream.KeyedStream$IntervalJoined	enableAsyncState		@Experimental	 org.apache.flink.streaming.api.datastream.KeyedStream$IntervalJoined<IN1, IN2, KEY>	()	IntervalJoined
f23	METHOD	org.apache.flink.streaming.api.datastream.KeyedStream$IntervalJoined	lowerBoundExclusive		@PublicEvolving	 org.apache.flink.streaming.api.datastream.KeyedStream$IntervalJoined<IN1, IN2, KEY>	()	IntervalJoined
f23	METHOD	org.apache.flink.streaming.api.datastream.KeyedStream$IntervalJoined	process		@PublicEvolving	<OUT> org.apache.flink.streaming.api.datastream.SingleOutputStreamOperator<OUT>	(org.apache.flink.streaming.api.functions.co.ProcessJoinFunction<IN1, IN2, OUT>, org.apache.flink.api.common.typeinfo.TypeInformation<OUT>)	IntervalJoined
f23	METHOD	org.apache.flink.streaming.api.datastream.KeyedStream$IntervalJoined	process		@PublicEvolving	<OUT> org.apache.flink.streaming.api.datastream.SingleOutputStreamOperator<OUT>	(org.apache.flink.streaming.api.functions.co.ProcessJoinFunction<IN1, IN2, OUT>)	IntervalJoined
f23	METHOD	org.apache.flink.streaming.api.datastream.KeyedStream$IntervalJoined	sideOutputLeftLateData		@PublicEvolving	 org.apache.flink.streaming.api.datastream.KeyedStream$IntervalJoined<IN1, IN2, KEY>	(org.apache.flink.util.OutputTag<IN1>)	IntervalJoined
f23	METHOD	org.apache.flink.streaming.api.datastream.KeyedStream$IntervalJoined	sideOutputRightLateData		@PublicEvolving	 org.apache.flink.streaming.api.datastream.KeyedStream$IntervalJoined<IN1, IN2, KEY>	(org.apache.flink.util.OutputTag<IN2>)	IntervalJoined
f23	METHOD	org.apache.flink.streaming.api.datastream.KeyedStream$IntervalJoined	upperBoundExclusive		@PublicEvolving	 org.apache.flink.streaming.api.datastream.KeyedStream$IntervalJoined<IN1, IN2, KEY>	()	IntervalJoined
f23	FIELD	org.apache.flink.streaming.api.datastream.KeyedStream$IntervalJoined	left	private final		org.apache.flink.streaming.api.datastream.KeyedStream<IN1, KEY>		IntervalJoined
f23	FIELD	org.apache.flink.streaming.api.datastream.KeyedStream$IntervalJoined	right	private final		org.apache.flink.streaming.api.datastream.KeyedStream<IN2, KEY>		IntervalJoined
f23	FIELD	org.apache.flink.streaming.api.datastream.KeyedStream$IntervalJoined	lowerBound	private final		long		IntervalJoined
f23	FIELD	org.apache.flink.streaming.api.datastream.KeyedStream$IntervalJoined	upperBound	private final		long		IntervalJoined
f23	FIELD	org.apache.flink.streaming.api.datastream.KeyedStream$IntervalJoined	keySelector1	private final		org.apache.flink.api.java.functions.KeySelector<IN1, KEY>		IntervalJoined
f23	FIELD	org.apache.flink.streaming.api.datastream.KeyedStream$IntervalJoined	keySelector2	private final		org.apache.flink.api.java.functions.KeySelector<IN2, KEY>		IntervalJoined
f23	FIELD	org.apache.flink.streaming.api.datastream.KeyedStream$IntervalJoined	lowerBoundInclusive	private		boolean		IntervalJoined
f23	FIELD	org.apache.flink.streaming.api.datastream.KeyedStream$IntervalJoined	upperBoundInclusive	private		boolean		IntervalJoined
f23	FIELD	org.apache.flink.streaming.api.datastream.KeyedStream$IntervalJoined	leftLateDataOutputTag	private		org.apache.flink.util.OutputTag<IN1>		IntervalJoined
f23	FIELD	org.apache.flink.streaming.api.datastream.KeyedStream$IntervalJoined	rightLateDataOutputTag	private		org.apache.flink.util.OutputTag<IN2>		IntervalJoined
f23	FIELD	org.apache.flink.streaming.api.datastream.KeyedStream$IntervalJoined	isEnableAsyncState	private		boolean		IntervalJoined
f23	CLASS	org.apache.flink.streaming.api.datastream.AsyncDataStream	-		@PublicEvolving	class java.lang.Object		
f23	CTOR	org.apache.flink.streaming.api.datastream.AsyncDataStream	<init>				()	
f23	METHOD	org.apache.flink.streaming.api.datastream.AsyncDataStream	orderedWaitWithRetry	static		<IN,OUT> org.apache.flink.streaming.api.datastream.SingleOutputStreamOperator<OUT>	(org.apache.flink.streaming.api.datastream.DataStream<IN>, org.apache.flink.streaming.api.functions.async.AsyncFunction<IN, OUT>, long, java.util.concurrent.TimeUnit, int, org.apache.flink.streaming.api.functions.async.AsyncRetryStrategy<OUT>)	AsyncDataStream
f23	METHOD	org.apache.flink.streaming.api.datastream.AsyncDataStream	orderedWaitWithRetry	static		<IN,OUT> org.apache.flink.streaming.api.datastream.SingleOutputStreamOperator<OUT>	(org.apache.flink.streaming.api.datastream.DataStream<IN>, org.apache.flink.streaming.api.functions.async.AsyncFunction<IN, OUT>, long, java.util.concurrent.TimeUnit, org.apache.flink.streaming.api.functions.async.AsyncRetryStrategy<OUT>)	AsyncDataStream
f23	METHOD	org.apache.flink.streaming.api.datastream.AsyncDataStream	orderedWait	static		<IN,OUT> org.apache.flink.streaming.api.datastream.SingleOutputStreamOperator<OUT>	(org.apache.flink.streaming.api.datastream.DataStream<IN>, org.apache.flink.streaming.api.functions.async.AsyncFunction<IN, OUT>, long, java.util.concurrent.TimeUnit, int)	AsyncDataStream
f23	METHOD	org.apache.flink.streaming.api.datastream.AsyncDataStream	orderedWait	static		<IN,OUT> org.apache.flink.streaming.api.datastream.SingleOutputStreamOperator<OUT>	(org.apache.flink.streaming.api.datastream.DataStream<IN>, org.apache.flink.streaming.api.functions.async.AsyncFunction<IN, OUT>, long, java.util.concurrent.TimeUnit)	AsyncDataStream
f23	METHOD	org.apache.flink.streaming.api.datastream.AsyncDataStream	unorderedWaitWithRetry	static		<IN,OUT> org.apache.flink.streaming.api.datastream.SingleOutputStreamOperator<OUT>	(org.apache.flink.streaming.api.datastream.DataStream<IN>, org.apache.flink.streaming.api.functions.async.AsyncFunction<IN, OUT>, long, java.util.concurrent.TimeUnit, int, org.apache.flink.streaming.api.functions.async.AsyncRetryStrategy<OUT>)	AsyncDataStream
f23	METHOD	org.apache.flink.streaming.api.datastream.AsyncDataStream	unorderedWaitWithRetry	static		<IN,OUT> org.apache.flink.streaming.api.datastream.SingleOutputStreamOperator<OUT>	(org.apache.flink.streaming.api.datastream.DataStream<IN>, org.apache.flink.streaming.api.functions.async.AsyncFunction<IN, OUT>, long, java.util.concurrent.TimeUnit, org.apache.flink.streaming.api.functions.async.AsyncRetryStrategy<OUT>)	AsyncDataStream
f23	METHOD	org.apache.flink.streaming.api.datastream.AsyncDataStream	unorderedWait	static		<IN,OUT> org.apache.flink.streaming.api.datastream.SingleOutputStreamOperator<OUT>	(org.apache.flink.streaming.api.datastream.DataStream<IN>, org.apache.flink.streaming.api.functions.async.AsyncFunction<IN, OUT>, long, java.util.concurrent.TimeUnit, int)	AsyncDataStream
f23	METHOD	org.apache.flink.streaming.api.datastream.AsyncDataStream	unorderedWait	static		<IN,OUT> org.apache.flink.streaming.api.datastream.SingleOutputStreamOperator<OUT>	(org.apache.flink.streaming.api.datastream.DataStream<IN>, org.apache.flink.streaming.api.functions.async.AsyncFunction<IN, OUT>, long, java.util.concurrent.TimeUnit)	AsyncDataStream
f23	CLASS	org.apache.flink.streaming.api.datastream.DataStreamUtils	-	final	@Experimental	class java.lang.Object		
f23	METHOD	org.apache.flink.streaming.api.datastream.DataStreamUtils	reinterpretAsKeyedStream	static		<T,K> org.apache.flink.streaming.api.datastream.KeyedStream<T, K>	(org.apache.flink.streaming.api.datastream.DataStream<T>, org.apache.flink.api.java.functions.KeySelector<T, K>, org.apache.flink.api.common.typeinfo.TypeInformation<K>)	DataStreamUtils
f23	METHOD	org.apache.flink.streaming.api.datastream.DataStreamUtils	reinterpretAsKeyedStream	static		<T,K> org.apache.flink.streaming.api.datastream.KeyedStream<T, K>	(org.apache.flink.streaming.api.datastream.DataStream<T>, org.apache.flink.api.java.functions.KeySelector<T, K>)	DataStreamUtils
f23	CLASS	org.apache.flink.streaming.api.environment.StreamExecutionEnvironment	-		@Public	class java.lang.Object		
f23	CTOR	org.apache.flink.streaming.api.environment.StreamExecutionEnvironment	<init>		@PublicEvolving		(org.apache.flink.core.execution.PipelineExecutorServiceLoader, org.apache.flink.configuration.Configuration, java.lang.ClassLoader)	
f23	CTOR	org.apache.flink.streaming.api.environment.StreamExecutionEnvironment	<init>		@PublicEvolving		(org.apache.flink.configuration.Configuration)	
f23	CTOR	org.apache.flink.streaming.api.environment.StreamExecutionEnvironment	<init>				()	
f23	CTOR	org.apache.flink.streaming.api.environment.StreamExecutionEnvironment	<init>		@PublicEvolving		(org.apache.flink.configuration.Configuration, java.lang.ClassLoader)	
f23	METHOD	org.apache.flink.streaming.api.environment.StreamExecutionEnvironment	addOperator		@Internal	 void	(org.apache.flink.api.dag.Transformation<?>)	StreamExecutionEnvironment
f23	METHOD	org.apache.flink.streaming.api.environment.StreamExecutionEnvironment	addSource		@Internal	<OUT> org.apache.flink.streaming.api.datastream.DataStreamSource<OUT>	(org.apache.flink.streaming.api.functions.source.legacy.SourceFunction<OUT>, java.lang.String, org.apache.flink.api.common.typeinfo.TypeInformation<OUT>)	StreamExecutionEnvironment
f23	METHOD	org.apache.flink.streaming.api.environment.StreamExecutionEnvironment	addSource		@Internal	<OUT> org.apache.flink.streaming.api.datastream.DataStreamSource<OUT>	(org.apache.flink.streaming.api.functions.source.legacy.SourceFunction<OUT>, java.lang.String)	StreamExecutionEnvironment
f23	METHOD	org.apache.flink.streaming.api.environment.StreamExecutionEnvironment	addSource		@Internal	<OUT> org.apache.flink.streaming.api.datastream.DataStreamSource<OUT>	(org.apache.flink.streaming.api.functions.source.legacy.SourceFunction<OUT>, org.apache.flink.api.common.typeinfo.TypeInformation<OUT>)	StreamExecutionEnvironment
f23	METHOD	org.apache.flink.streaming.api.environment.StreamExecutionEnvironment	addSource		@Deprecated	<OUT> org.apache.flink.streaming.api.datastream.DataStreamSource<OUT>	(org.apache.flink.streaming.api.functions.source.legacy.SourceFunction<OUT>)	StreamExecutionEnvironment
f23	METHOD	org.apache.flink.streaming.api.environment.StreamExecutionEnvironment	areExplicitEnvironmentsAllowed	static	@Internal	 boolean	()	StreamExecutionEnvironment
f23	METHOD	org.apache.flink.streaming.api.environment.StreamExecutionEnvironment	clean		@Internal	<F> F	(F)	StreamExecutionEnvironment
f23	METHOD	org.apache.flink.streaming.api.environment.StreamExecutionEnvironment	clearJobListeners		@PublicEvolving	 void	()	StreamExecutionEnvironment
f23	METHOD	org.apache.flink.streaming.api.environment.StreamExecutionEnvironment	close			 void	()	StreamExecutionEnvironment
f23	METHOD	org.apache.flink.streaming.api.environment.StreamExecutionEnvironment	configure		@PublicEvolving	 void	(org.apache.flink.configuration.ReadableConfig, java.lang.ClassLoader)	StreamExecutionEnvironment
f23	METHOD	org.apache.flink.streaming.api.environment.StreamExecutionEnvironment	configure		@PublicEvolving	 void	(org.apache.flink.configuration.ReadableConfig)	StreamExecutionEnvironment
f23	METHOD	org.apache.flink.streaming.api.environment.StreamExecutionEnvironment	createInput		@PublicEvolving	<OUT> org.apache.flink.streaming.api.datastream.DataStreamSource<OUT>	(org.apache.flink.api.common.io.InputFormat<OUT, ?>, org.apache.flink.api.common.typeinfo.TypeInformation<OUT>)	StreamExecutionEnvironment
f23	METHOD	org.apache.flink.streaming.api.environment.StreamExecutionEnvironment	createInput		@PublicEvolving	<OUT> org.apache.flink.streaming.api.datastream.DataStreamSource<OUT>	(org.apache.flink.api.common.io.InputFormat<OUT, ?>)	StreamExecutionEnvironment
f23	METHOD	org.apache.flink.streaming.api.environment.StreamExecutionEnvironment	createLocalEnvironmentWithWebUI	static	@PublicEvolving	 org.apache.flink.streaming.api.environment.StreamExecutionEnvironment	(org.apache.flink.configuration.Configuration)	StreamExecutionEnvironment
f23	METHOD	org.apache.flink.streaming.api.environment.StreamExecutionEnvironment	createLocalEnvironment	static		 org.apache.flink.streaming.api.environment.LocalStreamEnvironment	()	StreamExecutionEnvironment
f23	METHOD	org.apache.flink.streaming.api.environment.StreamExecutionEnvironment	createLocalEnvironment	static		 org.apache.flink.streaming.api.environment.LocalStreamEnvironment	(org.apache.flink.configuration.Configuration)	StreamExecutionEnvironment
f23	METHOD	org.apache.flink.streaming.api.environment.StreamExecutionEnvironment	createLocalEnvironment	static		 org.apache.flink.streaming.api.environment.LocalStreamEnvironment	(int, org.apache.flink.configuration.Configuration)	StreamExecutionEnvironment
f23	METHOD	org.apache.flink.streaming.api.environment.StreamExecutionEnvironment	createLocalEnvironment	static		 org.apache.flink.streaming.api.environment.LocalStreamEnvironment	(int)	StreamExecutionEnvironment
f23	METHOD	org.apache.flink.streaming.api.environment.StreamExecutionEnvironment	createRemoteEnvironment	static		 org.apache.flink.streaming.api.environment.StreamExecutionEnvironment	(java.lang.String, int, java.lang.String[])	StreamExecutionEnvironment
f23	METHOD	org.apache.flink.streaming.api.environment.StreamExecutionEnvironment	createRemoteEnvironment	static		 org.apache.flink.streaming.api.environment.StreamExecutionEnvironment	(java.lang.String, int, org.apache.flink.configuration.Configuration, java.lang.String[])	StreamExecutionEnvironment
f23	METHOD	org.apache.flink.streaming.api.environment.StreamExecutionEnvironment	createRemoteEnvironment	static		 org.apache.flink.streaming.api.environment.StreamExecutionEnvironment	(java.lang.String, int, int, java.lang.String[])	StreamExecutionEnvironment
f23	METHOD	org.apache.flink.streaming.api.environment.StreamExecutionEnvironment	disableOperatorChaining		@PublicEvolving	 org.apache.flink.streaming.api.environment.StreamExecutionEnvironment	()	StreamExecutionEnvironment
f23	METHOD	org.apache.flink.streaming.api.environment.StreamExecutionEnvironment	enableChangelogStateBackend		@PublicEvolving	 org.apache.flink.streaming.api.environment.StreamExecutionEnvironment	(boolean)	StreamExecutionEnvironment
f23	METHOD	org.apache.flink.streaming.api.environment.StreamExecutionEnvironment	enableCheckpointing			 org.apache.flink.streaming.api.environment.StreamExecutionEnvironment	(long, org.apache.flink.core.execution.CheckpointingMode)	StreamExecutionEnvironment
f23	METHOD	org.apache.flink.streaming.api.environment.StreamExecutionEnvironment	enableCheckpointing		@Deprecated	 org.apache.flink.streaming.api.environment.StreamExecutionEnvironment	(long, org.apache.flink.streaming.api.CheckpointingMode)	StreamExecutionEnvironment
f23	METHOD	org.apache.flink.streaming.api.environment.StreamExecutionEnvironment	enableCheckpointing			 org.apache.flink.streaming.api.environment.StreamExecutionEnvironment	(long)	StreamExecutionEnvironment
f23	METHOD	org.apache.flink.streaming.api.environment.StreamExecutionEnvironment	executeAsync	final	@PublicEvolving	 org.apache.flink.core.execution.JobClient	()	StreamExecutionEnvironment
f23	METHOD	org.apache.flink.streaming.api.environment.StreamExecutionEnvironment	executeAsync		@PublicEvolving	 org.apache.flink.core.execution.JobClient	(java.lang.String)	StreamExecutionEnvironment
f23	METHOD	org.apache.flink.streaming.api.environment.StreamExecutionEnvironment	executeAsync		@Internal	 org.apache.flink.core.execution.JobClient	(org.apache.flink.streaming.api.graph.StreamGraph)	StreamExecutionEnvironment
f23	METHOD	org.apache.flink.streaming.api.environment.StreamExecutionEnvironment	execute			 org.apache.flink.api.common.JobExecutionResult	()	StreamExecutionEnvironment
f23	METHOD	org.apache.flink.streaming.api.environment.StreamExecutionEnvironment	execute			 org.apache.flink.api.common.JobExecutionResult	(java.lang.String)	StreamExecutionEnvironment
f23	METHOD	org.apache.flink.streaming.api.environment.StreamExecutionEnvironment	execute		@Internal	 org.apache.flink.api.common.JobExecutionResult	(org.apache.flink.streaming.api.graph.StreamGraph)	StreamExecutionEnvironment
f23	METHOD	org.apache.flink.streaming.api.environment.StreamExecutionEnvironment	fromCollection			<OUT> org.apache.flink.streaming.api.datastream.DataStreamSource<OUT>	(java.util.Collection<OUT>, org.apache.flink.api.common.typeinfo.TypeInformation<OUT>)	StreamExecutionEnvironment
f23	METHOD	org.apache.flink.streaming.api.environment.StreamExecutionEnvironment	fromCollection			<OUT> org.apache.flink.streaming.api.datastream.DataStreamSource<OUT>	(java.util.Collection<OUT>)	StreamExecutionEnvironment
f23	METHOD	org.apache.flink.streaming.api.environment.StreamExecutionEnvironment	fromCollection			<OUT> org.apache.flink.streaming.api.datastream.DataStreamSource<OUT>	(java.util.Iterator<OUT>, java.lang.Class<OUT>)	StreamExecutionEnvironment
f23	METHOD	org.apache.flink.streaming.api.environment.StreamExecutionEnvironment	fromCollection			<OUT> org.apache.flink.streaming.api.datastream.DataStreamSource<OUT>	(java.util.Iterator<OUT>, org.apache.flink.api.common.typeinfo.TypeInformation<OUT>)	StreamExecutionEnvironment
f23	METHOD	org.apache.flink.streaming.api.environment.StreamExecutionEnvironment	fromData	final		<OUT> org.apache.flink.streaming.api.datastream.DataStreamSource<OUT>	(OUT[])	StreamExecutionEnvironment
f23	METHOD	org.apache.flink.streaming.api.environment.StreamExecutionEnvironment	fromData	final		<OUT> org.apache.flink.streaming.api.datastream.DataStreamSource<OUT>	(java.lang.Class<OUT>, OUT[])	StreamExecutionEnvironment
f23	METHOD	org.apache.flink.streaming.api.environment.StreamExecutionEnvironment	fromData	final		<OUT> org.apache.flink.streaming.api.datastream.DataStreamSource<OUT>	(org.apache.flink.api.common.typeinfo.TypeInformation<OUT>, OUT[])	StreamExecutionEnvironment
f23	METHOD	org.apache.flink.streaming.api.environment.StreamExecutionEnvironment	fromData			<OUT> org.apache.flink.streaming.api.datastream.DataStreamSource<OUT>	(java.util.Collection<OUT>, org.apache.flink.api.common.typeinfo.TypeInformation<OUT>)	StreamExecutionEnvironment
f23	METHOD	org.apache.flink.streaming.api.environment.StreamExecutionEnvironment	fromData			<OUT> org.apache.flink.streaming.api.datastream.DataStreamSource<OUT>	(java.util.Collection<OUT>)	StreamExecutionEnvironment
f23	METHOD	org.apache.flink.streaming.api.environment.StreamExecutionEnvironment	fromElements	final	@Deprecated	<OUT> org.apache.flink.streaming.api.datastream.DataStreamSource<OUT>	(OUT[])	StreamExecutionEnvironment
f23	METHOD	org.apache.flink.streaming.api.environment.StreamExecutionEnvironment	fromElements	final	@Deprecated	<OUT> org.apache.flink.streaming.api.datastream.DataStreamSource<OUT>	(java.lang.Class<OUT>, OUT[])	StreamExecutionEnvironment
f23	METHOD	org.apache.flink.streaming.api.environment.StreamExecutionEnvironment	fromParallelCollection			<OUT> org.apache.flink.streaming.api.datastream.DataStreamSource<OUT>	(org.apache.flink.util.SplittableIterator<OUT>, java.lang.Class<OUT>)	StreamExecutionEnvironment
f23	METHOD	org.apache.flink.streaming.api.environment.StreamExecutionEnvironment	fromParallelCollection			<OUT> org.apache.flink.streaming.api.datastream.DataStreamSource<OUT>	(org.apache.flink.util.SplittableIterator<OUT>, org.apache.flink.api.common.typeinfo.TypeInformation<OUT>)	StreamExecutionEnvironment
f23	METHOD	org.apache.flink.streaming.api.environment.StreamExecutionEnvironment	fromSequence			 org.apache.flink.streaming.api.datastream.DataStreamSource<java.lang.Long>	(long, long)	StreamExecutionEnvironment
f23	METHOD	org.apache.flink.streaming.api.environment.StreamExecutionEnvironment	fromSource		@Experimental	<OUT> org.apache.flink.streaming.api.datastream.DataStreamSource<OUT>	(org.apache.flink.api.connector.source.Source<OUT, ?, ?>, org.apache.flink.api.common.eventtime.WatermarkStrategy<OUT>, java.lang.String, org.apache.flink.api.common.typeinfo.TypeInformation<OUT>)	StreamExecutionEnvironment
f23	METHOD	org.apache.flink.streaming.api.environment.StreamExecutionEnvironment	fromSource		@PublicEvolving	<OUT> org.apache.flink.streaming.api.datastream.DataStreamSource<OUT>	(org.apache.flink.api.connector.source.Source<OUT, ?, ?>, org.apache.flink.api.common.eventtime.WatermarkStrategy<OUT>, java.lang.String)	StreamExecutionEnvironment
f23	METHOD	org.apache.flink.streaming.api.environment.StreamExecutionEnvironment	generateSequence		@Deprecated	 org.apache.flink.streaming.api.datastream.DataStreamSource<java.lang.Long>	(long, long)	StreamExecutionEnvironment
f23	METHOD	org.apache.flink.streaming.api.environment.StreamExecutionEnvironment	generateStreamGraph		@Internal	 org.apache.flink.streaming.api.graph.StreamGraph	(java.util.List<org.apache.flink.api.dag.Transformation<?>>)	StreamExecutionEnvironment
f23	METHOD	org.apache.flink.streaming.api.environment.StreamExecutionEnvironment	getBufferTimeout			 long	()	StreamExecutionEnvironment
f23	METHOD	org.apache.flink.streaming.api.environment.StreamExecutionEnvironment	getCachedFiles			 java.util.List<org.apache.flink.api.java.tuple.Tuple2<java.lang.String, org.apache.flink.api.common.cache.DistributedCache$DistributedCacheEntry>>	()	StreamExecutionEnvironment
f23	METHOD	org.apache.flink.streaming.api.environment.StreamExecutionEnvironment	getCheckpointConfig			 org.apache.flink.streaming.api.environment.CheckpointConfig	()	StreamExecutionEnvironment
f23	METHOD	org.apache.flink.streaming.api.environment.StreamExecutionEnvironment	getCheckpointInterval			 long	()	StreamExecutionEnvironment
f23	METHOD	org.apache.flink.streaming.api.environment.StreamExecutionEnvironment	getCheckpointingConsistencyMode			 org.apache.flink.core.execution.CheckpointingMode	()	StreamExecutionEnvironment
f23	METHOD	org.apache.flink.streaming.api.environment.StreamExecutionEnvironment	getCheckpointingMode		@Deprecated	 org.apache.flink.streaming.api.CheckpointingMode	()	StreamExecutionEnvironment
f23	METHOD	org.apache.flink.streaming.api.environment.StreamExecutionEnvironment	getConfig			 org.apache.flink.api.common.ExecutionConfig	()	StreamExecutionEnvironment
f23	METHOD	org.apache.flink.streaming.api.environment.StreamExecutionEnvironment	getConfiguration		@Internal	 org.apache.flink.configuration.ReadableConfig	()	StreamExecutionEnvironment
f23	METHOD	org.apache.flink.streaming.api.environment.StreamExecutionEnvironment	getDefaultLocalParallelism	static	@PublicEvolving	 int	()	StreamExecutionEnvironment
f23	METHOD	org.apache.flink.streaming.api.environment.StreamExecutionEnvironment	getDefaultSavepointDirectory		@PublicEvolving	 org.apache.flink.core.fs.Path	()	StreamExecutionEnvironment
f23	METHOD	org.apache.flink.streaming.api.environment.StreamExecutionEnvironment	getExecutionEnvironment	static		 org.apache.flink.streaming.api.environment.StreamExecutionEnvironment	()	StreamExecutionEnvironment
f23	METHOD	org.apache.flink.streaming.api.environment.StreamExecutionEnvironment	getExecutionEnvironment	static		 org.apache.flink.streaming.api.environment.StreamExecutionEnvironment	(org.apache.flink.configuration.Configuration)	StreamExecutionEnvironment
f23	METHOD	org.apache.flink.streaming.api.environment.StreamExecutionEnvironment	getExecutionPlan			 java.lang.String	()	StreamExecutionEnvironment
f23	METHOD	org.apache.flink.streaming.api.environment.StreamExecutionEnvironment	getJobListeners		@PublicEvolving	 java.util.List<org.apache.flink.core.execution.JobListener>	()	StreamExecutionEnvironment
f23	METHOD	org.apache.flink.streaming.api.environment.StreamExecutionEnvironment	getMaxParallelism			 int	()	StreamExecutionEnvironment
f23	METHOD	org.apache.flink.streaming.api.environment.StreamExecutionEnvironment	getParallelism			 int	()	StreamExecutionEnvironment
f23	METHOD	org.apache.flink.streaming.api.environment.StreamExecutionEnvironment	getStreamGraph		@Internal	 org.apache.flink.streaming.api.graph.StreamGraph	()	StreamExecutionEnvironment
f23	METHOD	org.apache.flink.streaming.api.environment.StreamExecutionEnvironment	getStreamGraph		@Internal	 org.apache.flink.streaming.api.graph.StreamGraph	(boolean)	StreamExecutionEnvironment
f23	METHOD	org.apache.flink.streaming.api.environment.StreamExecutionEnvironment	getTransformations		@Internal	 java.util.List<org.apache.flink.api.dag.Transformation<?>>	()	StreamExecutionEnvironment
f23	METHOD	org.apache.flink.streaming.api.environment.StreamExecutionEnvironment	getUserClassloader	 protected		 java.lang.ClassLoader	()	StreamExecutionEnvironment
f23	METHOD	org.apache.flink.streaming.api.environment.StreamExecutionEnvironment	initializeContextEnvironment	static protected		 void	(org.apache.flink.streaming.api.environment.StreamExecutionEnvironmentFactory)	StreamExecutionEnvironment
f23	METHOD	org.apache.flink.streaming.api.environment.StreamExecutionEnvironment	invalidateClusterDataset		@Internal	 void	(org.apache.flink.util.AbstractID)	StreamExecutionEnvironment
f23	METHOD	org.apache.flink.streaming.api.environment.StreamExecutionEnvironment	isChainingEnabled		@PublicEvolving	 boolean	()	StreamExecutionEnvironment
f23	METHOD	org.apache.flink.streaming.api.environment.StreamExecutionEnvironment	isChainingOfOperatorsWithDifferentMaxParallelismEnabled		@PublicEvolving	 boolean	()	StreamExecutionEnvironment
f23	METHOD	org.apache.flink.streaming.api.environment.StreamExecutionEnvironment	isChangelogStateBackendEnabled		@PublicEvolving	 org.apache.flink.util.TernaryBoolean	()	StreamExecutionEnvironment
f23	METHOD	org.apache.flink.streaming.api.environment.StreamExecutionEnvironment	isForceUnalignedCheckpoints		@PublicEvolving	 boolean	()	StreamExecutionEnvironment
f23	METHOD	org.apache.flink.streaming.api.environment.StreamExecutionEnvironment	isUnalignedCheckpointsEnabled		@PublicEvolving	 boolean	()	StreamExecutionEnvironment
f23	METHOD	org.apache.flink.streaming.api.environment.StreamExecutionEnvironment	listCompletedClusterDatasets	 protected		 java.util.Set<org.apache.flink.util.AbstractID>	()	StreamExecutionEnvironment
f23	METHOD	org.apache.flink.streaming.api.environment.StreamExecutionEnvironment	readFileStream		@Deprecated	 org.apache.flink.streaming.api.datastream.DataStream<java.lang.String>	(java.lang.String, long, org.apache.flink.streaming.api.functions.source.legacy.FileMonitoringFunction$WatchType)	StreamExecutionEnvironment
f23	METHOD	org.apache.flink.streaming.api.environment.StreamExecutionEnvironment	readFile		@PublicEvolving @Deprecated	<OUT> org.apache.flink.streaming.api.datastream.DataStreamSource<OUT>	(org.apache.flink.api.common.io.FileInputFormat<OUT>, java.lang.String, org.apache.flink.streaming.api.functions.source.FileProcessingMode, long, org.apache.flink.api.common.io.FilePathFilter)	StreamExecutionEnvironment
f23	METHOD	org.apache.flink.streaming.api.environment.StreamExecutionEnvironment	readFile		@Deprecated @PublicEvolving	<OUT> org.apache.flink.streaming.api.datastream.DataStreamSource<OUT>	(org.apache.flink.api.common.io.FileInputFormat<OUT>, java.lang.String, org.apache.flink.streaming.api.functions.source.FileProcessingMode, long, org.apache.flink.api.common.typeinfo.TypeInformation<OUT>)	StreamExecutionEnvironment
f23	METHOD	org.apache.flink.streaming.api.environment.StreamExecutionEnvironment	readFile		@Deprecated @PublicEvolving	<OUT> org.apache.flink.streaming.api.datastream.DataStreamSource<OUT>	(org.apache.flink.api.common.io.FileInputFormat<OUT>, java.lang.String, org.apache.flink.streaming.api.functions.source.FileProcessingMode, long)	StreamExecutionEnvironment
f23	METHOD	org.apache.flink.streaming.api.environment.StreamExecutionEnvironment	readFile		@Deprecated	<OUT> org.apache.flink.streaming.api.datastream.DataStreamSource<OUT>	(org.apache.flink.api.common.io.FileInputFormat<OUT>, java.lang.String)	StreamExecutionEnvironment
f23	METHOD	org.apache.flink.streaming.api.environment.StreamExecutionEnvironment	registerCacheTransformation		@Internal	<T> void	(org.apache.flink.util.AbstractID, org.apache.flink.streaming.api.transformations.CacheTransformation<T>)	StreamExecutionEnvironment
f23	METHOD	org.apache.flink.streaming.api.environment.StreamExecutionEnvironment	registerCachedFile			 void	(java.lang.String, java.lang.String, boolean)	StreamExecutionEnvironment
f23	METHOD	org.apache.flink.streaming.api.environment.StreamExecutionEnvironment	registerCachedFile			 void	(java.lang.String, java.lang.String)	StreamExecutionEnvironment
f23	METHOD	org.apache.flink.streaming.api.environment.StreamExecutionEnvironment	registerCollectIterator		@Internal	 void	(org.apache.flink.streaming.api.operators.collect.CollectResultIterator<?>)	StreamExecutionEnvironment
f23	METHOD	org.apache.flink.streaming.api.environment.StreamExecutionEnvironment	registerJobListener		@PublicEvolving	 void	(org.apache.flink.core.execution.JobListener)	StreamExecutionEnvironment
f23	METHOD	org.apache.flink.streaming.api.environment.StreamExecutionEnvironment	registerSlotSharingGroup		@PublicEvolving	 org.apache.flink.streaming.api.environment.StreamExecutionEnvironment	(org.apache.flink.api.common.operators.SlotSharingGroup)	StreamExecutionEnvironment
f23	METHOD	org.apache.flink.streaming.api.environment.StreamExecutionEnvironment	resetContextEnvironment	static protected		 void	()	StreamExecutionEnvironment
f23	METHOD	org.apache.flink.streaming.api.environment.StreamExecutionEnvironment	setBufferTimeout			 org.apache.flink.streaming.api.environment.StreamExecutionEnvironment	(long)	StreamExecutionEnvironment
f23	METHOD	org.apache.flink.streaming.api.environment.StreamExecutionEnvironment	setDefaultLocalParallelism	static	@PublicEvolving	 void	(int)	StreamExecutionEnvironment
f23	METHOD	org.apache.flink.streaming.api.environment.StreamExecutionEnvironment	setDefaultSavepointDirectory		@PublicEvolving	 org.apache.flink.streaming.api.environment.StreamExecutionEnvironment	(java.lang.String)	StreamExecutionEnvironment
f23	METHOD	org.apache.flink.streaming.api.environment.StreamExecutionEnvironment	setDefaultSavepointDirectory		@PublicEvolving	 org.apache.flink.streaming.api.environment.StreamExecutionEnvironment	(java.net.URI)	StreamExecutionEnvironment
f23	METHOD	org.apache.flink.streaming.api.environment.StreamExecutionEnvironment	setDefaultSavepointDirectory		@PublicEvolving	 org.apache.flink.streaming.api.environment.StreamExecutionEnvironment	(org.apache.flink.core.fs.Path)	StreamExecutionEnvironment
f23	METHOD	org.apache.flink.streaming.api.environment.StreamExecutionEnvironment	setMaxParallelism			 org.apache.flink.streaming.api.environment.StreamExecutionEnvironment	(int)	StreamExecutionEnvironment
f23	METHOD	org.apache.flink.streaming.api.environment.StreamExecutionEnvironment	setParallelism			 org.apache.flink.streaming.api.environment.StreamExecutionEnvironment	(int)	StreamExecutionEnvironment
f23	METHOD	org.apache.flink.streaming.api.environment.StreamExecutionEnvironment	setRuntimeMode		@PublicEvolving	 org.apache.flink.streaming.api.environment.StreamExecutionEnvironment	(org.apache.flink.api.common.RuntimeExecutionMode)	StreamExecutionEnvironment
f23	METHOD	org.apache.flink.streaming.api.environment.StreamExecutionEnvironment	socketTextStream		@Deprecated	 org.apache.flink.streaming.api.datastream.DataStreamSource<java.lang.String>	(java.lang.String, int, char, long)	StreamExecutionEnvironment
f23	METHOD	org.apache.flink.streaming.api.environment.StreamExecutionEnvironment	socketTextStream		@Deprecated	 org.apache.flink.streaming.api.datastream.DataStreamSource<java.lang.String>	(java.lang.String, int, char)	StreamExecutionEnvironment
f23	METHOD	org.apache.flink.streaming.api.environment.StreamExecutionEnvironment	socketTextStream		@PublicEvolving	 org.apache.flink.streaming.api.datastream.DataStreamSource<java.lang.String>	(java.lang.String, int, java.lang.String, long)	StreamExecutionEnvironment
f23	METHOD	org.apache.flink.streaming.api.environment.StreamExecutionEnvironment	socketTextStream		@PublicEvolving	 org.apache.flink.streaming.api.datastream.DataStreamSource<java.lang.String>	(java.lang.String, int, java.lang.String)	StreamExecutionEnvironment
f23	METHOD	org.apache.flink.streaming.api.environment.StreamExecutionEnvironment	socketTextStream		@PublicEvolving	 org.apache.flink.streaming.api.datastream.DataStreamSource<java.lang.String>	(java.lang.String, int)	StreamExecutionEnvironment
f23	FIELD	org.apache.flink.streaming.api.environment.StreamExecutionEnvironment	collectIterators	private final		java.util.List<org.apache.flink.streaming.api.operators.collect.CollectResultIterator<?>>		StreamExecutionEnvironment
f23	FIELD	org.apache.flink.streaming.api.environment.StreamExecutionEnvironment	config	protected final		org.apache.flink.api.common.ExecutionConfig		StreamExecutionEnvironment
f23	FIELD	org.apache.flink.streaming.api.environment.StreamExecutionEnvironment	checkpointCfg	protected final		org.apache.flink.streaming.api.environment.CheckpointConfig		StreamExecutionEnvironment
f23	FIELD	org.apache.flink.streaming.api.environment.StreamExecutionEnvironment	transformations	protected final		java.util.List<org.apache.flink.api.dag.Transformation<?>>		StreamExecutionEnvironment
f23	FIELD	org.apache.flink.streaming.api.environment.StreamExecutionEnvironment	cachedTransformations	private final		java.util.Map<org.apache.flink.util.AbstractID, org.apache.flink.streaming.api.transformations.CacheTransformation<?>>		StreamExecutionEnvironment
f23	FIELD	org.apache.flink.streaming.api.environment.StreamExecutionEnvironment	cacheFile	protected final		java.util.List<org.apache.flink.api.java.tuple.Tuple2<java.lang.String, org.apache.flink.api.common.cache.DistributedCache$DistributedCacheEntry>>		StreamExecutionEnvironment
f23	FIELD	org.apache.flink.streaming.api.environment.StreamExecutionEnvironment	executorServiceLoader	private final		org.apache.flink.core.execution.PipelineExecutorServiceLoader		StreamExecutionEnvironment
f23	FIELD	org.apache.flink.streaming.api.environment.StreamExecutionEnvironment	configuration	protected final		org.apache.flink.configuration.Configuration		StreamExecutionEnvironment
f23	FIELD	org.apache.flink.streaming.api.environment.StreamExecutionEnvironment	userClassloader	private final		java.lang.ClassLoader		StreamExecutionEnvironment
f23	FIELD	org.apache.flink.streaming.api.environment.StreamExecutionEnvironment	jobListeners	private final		java.util.List<org.apache.flink.core.execution.JobListener>		StreamExecutionEnvironment
f23	FIELD	org.apache.flink.streaming.api.environment.StreamExecutionEnvironment	slotSharingGroupResources	private final		java.util.Map<java.lang.String, org.apache.flink.runtime.clusterframework.types.ResourceProfile>		StreamExecutionEnvironment
f23	CLASS	org.apache.flink.api.common.typeinfo.TypeInformation	-	abstract	@Public	class java.lang.Object		
f23	CTOR	org.apache.flink.api.common.typeinfo.TypeInformation	<init>				()	
f23	METHOD	org.apache.flink.api.common.typeinfo.TypeInformation	canEqual	abstract		 boolean	(java.lang.Object)	TypeInformation
f23	METHOD	org.apache.flink.api.common.typeinfo.TypeInformation	createSerializer	abstract	@PublicEvolving	 org.apache.flink.api.common.typeutils.TypeSerializer<T>	(org.apache.flink.api.common.serialization.SerializerConfig)	TypeInformation
f23	METHOD	org.apache.flink.api.common.typeinfo.TypeInformation	equals	abstract		 boolean	(java.lang.Object)	TypeInformation
f23	METHOD	org.apache.flink.api.common.typeinfo.TypeInformation	getArity	abstract	@PublicEvolving	 int	()	TypeInformation
f23	METHOD	org.apache.flink.api.common.typeinfo.TypeInformation	getGenericParameters		@PublicEvolving	 java.util.Map<java.lang.String, org.apache.flink.api.common.typeinfo.TypeInformation<?>>	()	TypeInformation
f23	METHOD	org.apache.flink.api.common.typeinfo.TypeInformation	getTotalFields	abstract	@PublicEvolving	 int	()	TypeInformation
f23	METHOD	org.apache.flink.api.common.typeinfo.TypeInformation	getTypeClass	abstract	@PublicEvolving	 java.lang.Class<T>	()	TypeInformation
f23	METHOD	org.apache.flink.api.common.typeinfo.TypeInformation	hashCode	abstract		 int	()	TypeInformation
f23	METHOD	org.apache.flink.api.common.typeinfo.TypeInformation	isBasicType	abstract	@PublicEvolving	 boolean	()	TypeInformation
f23	METHOD	org.apache.flink.api.common.typeinfo.TypeInformation	isKeyType	abstract	@PublicEvolving	 boolean	()	TypeInformation
f23	METHOD	org.apache.flink.api.common.typeinfo.TypeInformation	isSortKeyType		@PublicEvolving	 boolean	()	TypeInformation
f23	METHOD	org.apache.flink.api.common.typeinfo.TypeInformation	isTupleType	abstract	@PublicEvolving	 boolean	()	TypeInformation
f23	METHOD	org.apache.flink.api.common.typeinfo.TypeInformation	of	static		<T> org.apache.flink.api.common.typeinfo.TypeInformation<T>	(java.lang.Class<T>)	TypeInformation
f23	METHOD	org.apache.flink.api.common.typeinfo.TypeInformation	of	static		<T> org.apache.flink.api.common.typeinfo.TypeInformation<T>	(org.apache.flink.api.common.typeinfo.TypeHint<T>)	TypeInformation
f23	METHOD	org.apache.flink.api.common.typeinfo.TypeInformation	toString	abstract		 java.lang.String	()	TypeInformation
f23	CLASS	org.apache.flink.api.common.typeutils.TypeSerializer	-	abstract	@PublicEvolving	class java.lang.Object		
f23	CTOR	org.apache.flink.api.common.typeutils.TypeSerializer	<init>				()	
f23	METHOD	org.apache.flink.api.common.typeutils.TypeSerializer	copy	abstract		 T	(T, T)	TypeSerializer
f23	METHOD	org.apache.flink.api.common.typeutils.TypeSerializer	copy	abstract		 T	(T)	TypeSerializer
f23	METHOD	org.apache.flink.api.common.typeutils.TypeSerializer	copy	abstract		 void	(org.apache.flink.core.memory.DataInputView, org.apache.flink.core.memory.DataOutputView)	TypeSerializer
f23	METHOD	org.apache.flink.api.common.typeutils.TypeSerializer	createInstance	abstract		 T	()	TypeSerializer
f23	METHOD	org.apache.flink.api.common.typeutils.TypeSerializer	deserialize	abstract		 T	(T, org.apache.flink.core.memory.DataInputView)	TypeSerializer
f23	METHOD	org.apache.flink.api.common.typeutils.TypeSerializer	deserialize	abstract		 T	(org.apache.flink.core.memory.DataInputView)	TypeSerializer
f23	METHOD	org.apache.flink.api.common.typeutils.TypeSerializer	duplicate	abstract		 org.apache.flink.api.common.typeutils.TypeSerializer<T>	()	TypeSerializer
f23	METHOD	org.apache.flink.api.common.typeutils.TypeSerializer	equals	abstract		 boolean	(java.lang.Object)	TypeSerializer
f23	METHOD	org.apache.flink.api.common.typeutils.TypeSerializer	getLength	abstract		 int	()	TypeSerializer
f23	METHOD	org.apache.flink.api.common.typeutils.TypeSerializer	hashCode	abstract		 int	()	TypeSerializer
f23	METHOD	org.apache.flink.api.common.typeutils.TypeSerializer	isImmutableType	abstract		 boolean	()	TypeSerializer
f23	METHOD	org.apache.flink.api.common.typeutils.TypeSerializer	serialize	abstract		 void	(T, org.apache.flink.core.memory.DataOutputView)	TypeSerializer
f23	METHOD	org.apache.flink.api.common.typeutils.TypeSerializer	snapshotConfiguration	abstract		 org.apache.flink.api.common.typeutils.TypeSerializerSnapshot<T>	()	TypeSerializer
f23	CLASS	org.apache.flink.api.common.typeutils.TypeSerializerSnapshot	-	abstract	@PublicEvolving	null		
f23	METHOD	org.apache.flink.api.common.typeutils.TypeSerializerSnapshot	getCurrentVersion	abstract		 int	()	TypeSerializerSnapshot
f23	METHOD	org.apache.flink.api.common.typeutils.TypeSerializerSnapshot	readSnapshot	abstract		 void	(int, org.apache.flink.core.memory.DataInputView, java.lang.ClassLoader)	TypeSerializerSnapshot
f23	METHOD	org.apache.flink.api.common.typeutils.TypeSerializerSnapshot	readVersionedSnapshot	static		<T> org.apache.flink.api.common.typeutils.TypeSerializerSnapshot<T>	(org.apache.flink.core.memory.DataInputView, java.lang.ClassLoader)	TypeSerializerSnapshot
f23	METHOD	org.apache.flink.api.common.typeutils.TypeSerializerSnapshot	resolveSchemaCompatibility	abstract		 org.apache.flink.api.common.typeutils.TypeSerializerSchemaCompatibility<T>	(org.apache.flink.api.common.typeutils.TypeSerializerSnapshot<T>)	TypeSerializerSnapshot
f23	METHOD	org.apache.flink.api.common.typeutils.TypeSerializerSnapshot	restoreSerializer	abstract		 org.apache.flink.api.common.typeutils.TypeSerializer<T>	()	TypeSerializerSnapshot
f23	METHOD	org.apache.flink.api.common.typeutils.TypeSerializerSnapshot	writeSnapshot	abstract		 void	(org.apache.flink.core.memory.DataOutputView)	TypeSerializerSnapshot
f23	METHOD	org.apache.flink.api.common.typeutils.TypeSerializerSnapshot	writeVersionedSnapshot	static		 void	(org.apache.flink.core.memory.DataOutputView, org.apache.flink.api.common.typeutils.TypeSerializerSnapshot<?>)	TypeSerializerSnapshot
f23	CLASS	org.apache.flink.api.common.functions.RuntimeContext	-	abstract	@Public	null		
f23	METHOD	org.apache.flink.api.common.functions.RuntimeContext	addAccumulator	abstract		<V,A> void	(java.lang.String, org.apache.flink.api.common.accumulators.Accumulator<V, A>)	RuntimeContext
f23	METHOD	org.apache.flink.api.common.functions.RuntimeContext	createSerializer	abstract	@PublicEvolving	<T> org.apache.flink.api.common.typeutils.TypeSerializer<T>	(org.apache.flink.api.common.typeinfo.TypeInformation<T>)	RuntimeContext
f23	METHOD	org.apache.flink.api.common.functions.RuntimeContext	getAccumulator	abstract		<V,A> org.apache.flink.api.common.accumulators.Accumulator<V, A>	(java.lang.String)	RuntimeContext
f23	METHOD	org.apache.flink.api.common.functions.RuntimeContext	getAggregatingState	abstract	@PublicEvolving	<IN,ACC,OUT> org.apache.flink.api.common.state.AggregatingState<IN, OUT>	(org.apache.flink.api.common.state.AggregatingStateDescriptor<IN, ACC, OUT>)	RuntimeContext
f23	METHOD	org.apache.flink.api.common.functions.RuntimeContext	getAggregatingState	abstract	@Experimental	<IN,ACC,OUT> org.apache.flink.api.common.state.v2.AggregatingState<IN, OUT>	(org.apache.flink.api.common.state.v2.AggregatingStateDescriptor<IN, ACC, OUT>)	RuntimeContext
f23	METHOD	org.apache.flink.api.common.functions.RuntimeContext	getBroadcastVariableWithInitializer	abstract		<T,C> C	(java.lang.String, org.apache.flink.api.common.functions.BroadcastVariableInitializer<T, C>)	RuntimeContext
f23	METHOD	org.apache.flink.api.common.functions.RuntimeContext	getBroadcastVariable	abstract		<RT> java.util.List<RT>	(java.lang.String)	RuntimeContext
f23	METHOD	org.apache.flink.api.common.functions.RuntimeContext	getDistributedCache	abstract		 org.apache.flink.api.common.cache.DistributedCache	()	RuntimeContext
f23	METHOD	org.apache.flink.api.common.functions.RuntimeContext	getDoubleCounter	abstract	@PublicEvolving	 org.apache.flink.api.common.accumulators.DoubleCounter	(java.lang.String)	RuntimeContext
f23	METHOD	org.apache.flink.api.common.functions.RuntimeContext	getExternalResourceInfos	abstract	@PublicEvolving	 java.util.Set<org.apache.flink.api.common.externalresource.ExternalResourceInfo>	(java.lang.String)	RuntimeContext
f23	METHOD	org.apache.flink.api.common.functions.RuntimeContext	getGlobalJobParameters	abstract	@PublicEvolving	 java.util.Map<java.lang.String, java.lang.String>	()	RuntimeContext
f23	METHOD	org.apache.flink.api.common.functions.RuntimeContext	getHistogram	abstract	@PublicEvolving	 org.apache.flink.api.common.accumulators.Histogram	(java.lang.String)	RuntimeContext
f23	METHOD	org.apache.flink.api.common.functions.RuntimeContext	getIntCounter	abstract	@PublicEvolving	 org.apache.flink.api.common.accumulators.IntCounter	(java.lang.String)	RuntimeContext
f23	METHOD	org.apache.flink.api.common.functions.RuntimeContext	getJobInfo	abstract	@PublicEvolving	 org.apache.flink.api.common.JobInfo	()	RuntimeContext
f23	METHOD	org.apache.flink.api.common.functions.RuntimeContext	getListState	abstract	@PublicEvolving	<T> org.apache.flink.api.common.state.ListState<T>	(org.apache.flink.api.common.state.ListStateDescriptor<T>)	RuntimeContext
f23	METHOD	org.apache.flink.api.common.functions.RuntimeContext	getListState	abstract	@Experimental	<T> org.apache.flink.api.common.state.v2.ListState<T>	(org.apache.flink.api.common.state.v2.ListStateDescriptor<T>)	RuntimeContext
f23	METHOD	org.apache.flink.api.common.functions.RuntimeContext	getLongCounter	abstract	@PublicEvolving	 org.apache.flink.api.common.accumulators.LongCounter	(java.lang.String)	RuntimeContext
f23	METHOD	org.apache.flink.api.common.functions.RuntimeContext	getMapState	abstract	@PublicEvolving	<UK,UV> org.apache.flink.api.common.state.MapState<UK, UV>	(org.apache.flink.api.common.state.MapStateDescriptor<UK, UV>)	RuntimeContext
f23	METHOD	org.apache.flink.api.common.functions.RuntimeContext	getMapState	abstract	@Experimental	<UK,UV> org.apache.flink.api.common.state.v2.MapState<UK, UV>	(org.apache.flink.api.common.state.v2.MapStateDescriptor<UK, UV>)	RuntimeContext
f23	METHOD	org.apache.flink.api.common.functions.RuntimeContext	getMetricGroup	abstract	@PublicEvolving	 org.apache.flink.metrics.groups.OperatorMetricGroup	()	RuntimeContext
f23	METHOD	org.apache.flink.api.common.functions.RuntimeContext	getReducingState	abstract	@PublicEvolving	<T> org.apache.flink.api.common.state.ReducingState<T>	(org.apache.flink.api.common.state.ReducingStateDescriptor<T>)	RuntimeContext
f23	METHOD	org.apache.flink.api.common.functions.RuntimeContext	getReducingState	abstract	@Experimental	<T> org.apache.flink.api.common.state.v2.ReducingState<T>	(org.apache.flink.api.common.state.v2.ReducingStateDescriptor<T>)	RuntimeContext
f23	METHOD	org.apache.flink.api.common.functions.RuntimeContext	getState	abstract	@PublicEvolving	<T> org.apache.flink.api.common.state.ValueState<T>	(org.apache.flink.api.common.state.ValueStateDescriptor<T>)	RuntimeContext
f23	METHOD	org.apache.flink.api.common.functions.RuntimeContext	getState	abstract	@Experimental	<T> org.apache.flink.api.common.state.v2.ValueState<T>	(org.apache.flink.api.common.state.v2.ValueStateDescriptor<T>)	RuntimeContext
f23	METHOD	org.apache.flink.api.common.functions.RuntimeContext	getTaskInfo	abstract	@PublicEvolving	 org.apache.flink.api.common.TaskInfo	()	RuntimeContext
f23	METHOD	org.apache.flink.api.common.functions.RuntimeContext	getUserCodeClassLoader	abstract		 java.lang.ClassLoader	()	RuntimeContext
f23	METHOD	org.apache.flink.api.common.functions.RuntimeContext	hasBroadcastVariable	abstract	@PublicEvolving	 boolean	(java.lang.String)	RuntimeContext
f23	METHOD	org.apache.flink.api.common.functions.RuntimeContext	isObjectReuseEnabled	abstract	@PublicEvolving	 boolean	()	RuntimeContext
f23	METHOD	org.apache.flink.api.common.functions.RuntimeContext	registerUserCodeClassLoaderReleaseHookIfAbsent	abstract	@PublicEvolving	 void	(java.lang.String, java.lang.Runnable)	RuntimeContext
f23	CLASS	org.apache.flink.api.common.state.StateDescriptor	-	abstract	@PublicEvolving	class java.lang.Object		
f23	CTOR	org.apache.flink.api.common.state.StateDescriptor	<init>				(java.lang.String, java.lang.Class<T>, T)	
f23	CTOR	org.apache.flink.api.common.state.StateDescriptor	<init>				(java.lang.String, org.apache.flink.api.common.typeinfo.TypeInformation<T>, T)	
f23	CTOR	org.apache.flink.api.common.state.StateDescriptor	<init>				(java.lang.String, org.apache.flink.api.common.typeutils.TypeSerializer<T>, T)	
f23	METHOD	org.apache.flink.api.common.state.StateDescriptor	enableTimeToLive			 void	(org.apache.flink.api.common.state.StateTtlConfig)	StateDescriptor
f23	METHOD	org.apache.flink.api.common.state.StateDescriptor	equals	final		 boolean	(java.lang.Object)	StateDescriptor
f23	METHOD	org.apache.flink.api.common.state.StateDescriptor	getDefaultValue			 T	()	StateDescriptor
f23	METHOD	org.apache.flink.api.common.state.StateDescriptor	getName			 java.lang.String	()	StateDescriptor
f23	METHOD	org.apache.flink.api.common.state.StateDescriptor	getQueryableStateName		@Deprecated	 java.lang.String	()	StateDescriptor
f23	METHOD	org.apache.flink.api.common.state.StateDescriptor	getSerializer			 org.apache.flink.api.common.typeutils.TypeSerializer<T>	()	StateDescriptor
f23	METHOD	org.apache.flink.api.common.state.StateDescriptor	getTtlConfig		@Internal	 org.apache.flink.api.common.state.StateTtlConfig	()	StateDescriptor
f23	METHOD	org.apache.flink.api.common.state.StateDescriptor	getType	abstract		 org.apache.flink.api.common.state.StateDescriptor$Type	()	StateDescriptor
f23	METHOD	org.apache.flink.api.common.state.StateDescriptor	hashCode	final		 int	()	StateDescriptor
f23	METHOD	org.apache.flink.api.common.state.StateDescriptor	initializeSerializerUnlessSet			 void	(org.apache.flink.api.common.ExecutionConfig)	StateDescriptor
f23	METHOD	org.apache.flink.api.common.state.StateDescriptor	initializeSerializerUnlessSet		@Internal	 void	(org.apache.flink.api.common.functions.SerializerFactory)	StateDescriptor
f23	METHOD	org.apache.flink.api.common.state.StateDescriptor	isQueryable		@Deprecated	 boolean	()	StateDescriptor
f23	METHOD	org.apache.flink.api.common.state.StateDescriptor	isSerializerInitialized			 boolean	()	StateDescriptor
f23	METHOD	org.apache.flink.api.common.state.StateDescriptor	setQueryable		@Deprecated	 void	(java.lang.String)	StateDescriptor
f23	METHOD	org.apache.flink.api.common.state.StateDescriptor	toString			 java.lang.String	()	StateDescriptor
f23	FIELD	org.apache.flink.api.common.state.StateDescriptor	name	protected final		java.lang.String		StateDescriptor
f23	FIELD	org.apache.flink.api.common.state.StateDescriptor	serializerAtomicReference	private final		java.util.concurrent.atomic.AtomicReference<org.apache.flink.api.common.typeutils.TypeSerializer<T>>		StateDescriptor
f23	FIELD	org.apache.flink.api.common.state.StateDescriptor	typeInfo	private		org.apache.flink.api.common.typeinfo.TypeInformation<T>		StateDescriptor
f23	FIELD	org.apache.flink.api.common.state.StateDescriptor	queryableStateName	private		java.lang.String		StateDescriptor
f23	FIELD	org.apache.flink.api.common.state.StateDescriptor	ttlConfig	private		org.apache.flink.api.common.state.StateTtlConfig		StateDescriptor
f23	FIELD	org.apache.flink.api.common.state.StateDescriptor	defaultValue	protected		T		StateDescriptor
f23	CLASS	org.apache.flink.api.common.state.ValueStateDescriptor	-		@PublicEvolving	org.apache.flink.api.common.state.StateDescriptor<org.apache.flink.api.common.state.ValueState<T>, T>		
f23	CTOR	org.apache.flink.api.common.state.ValueStateDescriptor	<init>				(java.lang.String, org.apache.flink.api.common.typeutils.TypeSerializer<T>)	
f23	CTOR	org.apache.flink.api.common.state.ValueStateDescriptor	<init>				(java.lang.String, org.apache.flink.api.common.typeinfo.TypeInformation<T>)	
f23	CTOR	org.apache.flink.api.common.state.ValueStateDescriptor	<init>				(java.lang.String, java.lang.Class<T>)	
f23	CTOR	org.apache.flink.api.common.state.ValueStateDescriptor	<init>		@Deprecated		(java.lang.String, java.lang.Class<T>, T)	
f23	CTOR	org.apache.flink.api.common.state.ValueStateDescriptor	<init>		@Deprecated		(java.lang.String, org.apache.flink.api.common.typeinfo.TypeInformation<T>, T)	
f23	CTOR	org.apache.flink.api.common.state.ValueStateDescriptor	<init>		@Deprecated		(java.lang.String, org.apache.flink.api.common.typeutils.TypeSerializer<T>, T)	
f23	METHOD	org.apache.flink.api.common.state.ValueStateDescriptor	enableTimeToLive			 void	(org.apache.flink.api.common.state.StateTtlConfig)	StateDescriptor
f23	METHOD	org.apache.flink.api.common.state.ValueStateDescriptor	equals	final		 boolean	(java.lang.Object)	StateDescriptor
f23	METHOD	org.apache.flink.api.common.state.ValueStateDescriptor	getDefaultValue			 T	()	StateDescriptor
f23	METHOD	org.apache.flink.api.common.state.ValueStateDescriptor	getName			 java.lang.String	()	StateDescriptor
f23	METHOD	org.apache.flink.api.common.state.ValueStateDescriptor	getQueryableStateName		@Deprecated	 java.lang.String	()	StateDescriptor
f23	METHOD	org.apache.flink.api.common.state.ValueStateDescriptor	getSerializer			 org.apache.flink.api.common.typeutils.TypeSerializer<T>	()	StateDescriptor
f23	METHOD	org.apache.flink.api.common.state.ValueStateDescriptor	getTtlConfig		@Internal	 org.apache.flink.api.common.state.StateTtlConfig	()	StateDescriptor
f23	METHOD	org.apache.flink.api.common.state.ValueStateDescriptor	getType			 org.apache.flink.api.common.state.StateDescriptor$Type	()	ValueStateDescriptor
f23	METHOD	org.apache.flink.api.common.state.ValueStateDescriptor	hashCode	final		 int	()	StateDescriptor
f23	METHOD	org.apache.flink.api.common.state.ValueStateDescriptor	initializeSerializerUnlessSet			 void	(org.apache.flink.api.common.ExecutionConfig)	StateDescriptor
f23	METHOD	org.apache.flink.api.common.state.ValueStateDescriptor	initializeSerializerUnlessSet		@Internal	 void	(org.apache.flink.api.common.functions.SerializerFactory)	StateDescriptor
f23	METHOD	org.apache.flink.api.common.state.ValueStateDescriptor	isQueryable		@Deprecated	 boolean	()	StateDescriptor
f23	METHOD	org.apache.flink.api.common.state.ValueStateDescriptor	isSerializerInitialized			 boolean	()	StateDescriptor
f23	METHOD	org.apache.flink.api.common.state.ValueStateDescriptor	setQueryable		@Deprecated	 void	(java.lang.String)	StateDescriptor
f23	METHOD	org.apache.flink.api.common.state.ValueStateDescriptor	toString			 java.lang.String	()	StateDescriptor
f23	FIELD	org.apache.flink.api.common.state.ValueStateDescriptor	name	protected final		java.lang.String		StateDescriptor
f23	FIELD	org.apache.flink.api.common.state.ValueStateDescriptor	serializerAtomicReference	private final		java.util.concurrent.atomic.AtomicReference<org.apache.flink.api.common.typeutils.TypeSerializer<T>>		StateDescriptor
f23	FIELD	org.apache.flink.api.common.state.ValueStateDescriptor	typeInfo	private		org.apache.flink.api.common.typeinfo.TypeInformation<T>		StateDescriptor
f23	FIELD	org.apache.flink.api.common.state.ValueStateDescriptor	queryableStateName	private		java.lang.String		StateDescriptor
f23	FIELD	org.apache.flink.api.common.state.ValueStateDescriptor	ttlConfig	private		org.apache.flink.api.common.state.StateTtlConfig		StateDescriptor
f23	FIELD	org.apache.flink.api.common.state.ValueStateDescriptor	defaultValue	protected		T		StateDescriptor
f23	CLASS	org.apache.flink.api.common.state.ListStateDescriptor	-		@PublicEvolving	org.apache.flink.api.common.state.StateDescriptor<org.apache.flink.api.common.state.ListState<T>, java.util.List<T>>		
f23	CTOR	org.apache.flink.api.common.state.ListStateDescriptor	<init>				(java.lang.String, org.apache.flink.api.common.typeutils.TypeSerializer<T>)	
f23	CTOR	org.apache.flink.api.common.state.ListStateDescriptor	<init>				(java.lang.String, org.apache.flink.api.common.typeinfo.TypeInformation<T>)	
f23	CTOR	org.apache.flink.api.common.state.ListStateDescriptor	<init>				(java.lang.String, java.lang.Class<T>)	
f23	METHOD	org.apache.flink.api.common.state.ListStateDescriptor	enableTimeToLive			 void	(org.apache.flink.api.common.state.StateTtlConfig)	StateDescriptor
f23	METHOD	org.apache.flink.api.common.state.ListStateDescriptor	equals	final		 boolean	(java.lang.Object)	StateDescriptor
f23	METHOD	org.apache.flink.api.common.state.ListStateDescriptor	getDefaultValue			 T	()	StateDescriptor
f23	METHOD	org.apache.flink.api.common.state.ListStateDescriptor	getElementSerializer			 org.apache.flink.api.common.typeutils.TypeSerializer<T>	()	ListStateDescriptor
f23	METHOD	org.apache.flink.api.common.state.ListStateDescriptor	getName			 java.lang.String	()	StateDescriptor
f23	METHOD	org.apache.flink.api.common.state.ListStateDescriptor	getQueryableStateName		@Deprecated	 java.lang.String	()	StateDescriptor
f23	METHOD	org.apache.flink.api.common.state.ListStateDescriptor	getSerializer			 org.apache.flink.api.common.typeutils.TypeSerializer<T>	()	StateDescriptor
f23	METHOD	org.apache.flink.api.common.state.ListStateDescriptor	getTtlConfig		@Internal	 org.apache.flink.api.common.state.StateTtlConfig	()	StateDescriptor
f23	METHOD	org.apache.flink.api.common.state.ListStateDescriptor	getType			 org.apache.flink.api.common.state.StateDescriptor$Type	()	ListStateDescriptor
f23	METHOD	org.apache.flink.api.common.state.ListStateDescriptor	hashCode	final		 int	()	StateDescriptor
f23	METHOD	org.apache.flink.api.common.state.ListStateDescriptor	initializeSerializerUnlessSet			 void	(org.apache.flink.api.common.ExecutionConfig)	StateDescriptor
f23	METHOD	org.apache.flink.api.common.state.ListStateDescriptor	initializeSerializerUnlessSet		@Internal	 void	(org.apache.flink.api.common.functions.SerializerFactory)	StateDescriptor
f23	METHOD	org.apache.flink.api.common.state.ListStateDescriptor	isQueryable		@Deprecated	 boolean	()	StateDescriptor
f23	METHOD	org.apache.flink.api.common.state.ListStateDescriptor	isSerializerInitialized			 boolean	()	StateDescriptor
f23	METHOD	org.apache.flink.api.common.state.ListStateDescriptor	setQueryable		@Deprecated	 void	(java.lang.String)	StateDescriptor
f23	METHOD	org.apache.flink.api.common.state.ListStateDescriptor	toString			 java.lang.String	()	StateDescriptor
f23	FIELD	org.apache.flink.api.common.state.ListStateDescriptor	name	protected final		java.lang.String		StateDescriptor
f23	FIELD	org.apache.flink.api.common.state.ListStateDescriptor	serializerAtomicReference	private final		java.util.concurrent.atomic.AtomicReference<org.apache.flink.api.common.typeutils.TypeSerializer<T>>		StateDescriptor
f23	FIELD	org.apache.flink.api.common.state.ListStateDescriptor	typeInfo	private		org.apache.flink.api.common.typeinfo.TypeInformation<T>		StateDescriptor
f23	FIELD	org.apache.flink.api.common.state.ListStateDescriptor	queryableStateName	private		java.lang.String		StateDescriptor
f23	FIELD	org.apache.flink.api.common.state.ListStateDescriptor	ttlConfig	private		org.apache.flink.api.common.state.StateTtlConfig		StateDescriptor
f23	FIELD	org.apache.flink.api.common.state.ListStateDescriptor	defaultValue	protected		T		StateDescriptor
f23	CLASS	org.apache.flink.api.common.state.MapStateDescriptor	-		@PublicEvolving	org.apache.flink.api.common.state.StateDescriptor<org.apache.flink.api.common.state.MapState<UK, UV>, java.util.Map<UK, UV>>		
f23	CTOR	org.apache.flink.api.common.state.MapStateDescriptor	<init>				(java.lang.String, java.lang.Class<UK>, java.lang.Class<UV>)	
f23	CTOR	org.apache.flink.api.common.state.MapStateDescriptor	<init>				(java.lang.String, org.apache.flink.api.common.typeinfo.TypeInformation<UK>, org.apache.flink.api.common.typeinfo.TypeInformation<UV>)	
f23	CTOR	org.apache.flink.api.common.state.MapStateDescriptor	<init>				(java.lang.String, org.apache.flink.api.common.typeutils.TypeSerializer<UK>, org.apache.flink.api.common.typeutils.TypeSerializer<UV>)	
f23	METHOD	org.apache.flink.api.common.state.MapStateDescriptor	enableTimeToLive			 void	(org.apache.flink.api.common.state.StateTtlConfig)	StateDescriptor
f23	METHOD	org.apache.flink.api.common.state.MapStateDescriptor	equals	final		 boolean	(java.lang.Object)	StateDescriptor
f23	METHOD	org.apache.flink.api.common.state.MapStateDescriptor	getDefaultValue			 T	()	StateDescriptor
f23	METHOD	org.apache.flink.api.common.state.MapStateDescriptor	getKeySerializer			 org.apache.flink.api.common.typeutils.TypeSerializer<UK>	()	MapStateDescriptor
f23	METHOD	org.apache.flink.api.common.state.MapStateDescriptor	getName			 java.lang.String	()	StateDescriptor
f23	METHOD	org.apache.flink.api.common.state.MapStateDescriptor	getQueryableStateName		@Deprecated	 java.lang.String	()	StateDescriptor
f23	METHOD	org.apache.flink.api.common.state.MapStateDescriptor	getSerializer			 org.apache.flink.api.common.typeutils.TypeSerializer<T>	()	StateDescriptor
f23	METHOD	org.apache.flink.api.common.state.MapStateDescriptor	getTtlConfig		@Internal	 org.apache.flink.api.common.state.StateTtlConfig	()	StateDescriptor
f23	METHOD	org.apache.flink.api.common.state.MapStateDescriptor	getType			 org.apache.flink.api.common.state.StateDescriptor$Type	()	MapStateDescriptor
f23	METHOD	org.apache.flink.api.common.state.MapStateDescriptor	getValueSerializer			 org.apache.flink.api.common.typeutils.TypeSerializer<UV>	()	MapStateDescriptor
f23	METHOD	org.apache.flink.api.common.state.MapStateDescriptor	hashCode	final		 int	()	StateDescriptor
f23	METHOD	org.apache.flink.api.common.state.MapStateDescriptor	initializeSerializerUnlessSet			 void	(org.apache.flink.api.common.ExecutionConfig)	StateDescriptor
f23	METHOD	org.apache.flink.api.common.state.MapStateDescriptor	initializeSerializerUnlessSet		@Internal	 void	(org.apache.flink.api.common.functions.SerializerFactory)	StateDescriptor
f23	METHOD	org.apache.flink.api.common.state.MapStateDescriptor	isQueryable		@Deprecated	 boolean	()	StateDescriptor
f23	METHOD	org.apache.flink.api.common.state.MapStateDescriptor	isSerializerInitialized			 boolean	()	StateDescriptor
f23	METHOD	org.apache.flink.api.common.state.MapStateDescriptor	setQueryable		@Deprecated	 void	(java.lang.String)	StateDescriptor
f23	METHOD	org.apache.flink.api.common.state.MapStateDescriptor	toString			 java.lang.String	()	StateDescriptor
f23	FIELD	org.apache.flink.api.common.state.MapStateDescriptor	name	protected final		java.lang.String		StateDescriptor
f23	FIELD	org.apache.flink.api.common.state.MapStateDescriptor	serializerAtomicReference	private final		java.util.concurrent.atomic.AtomicReference<org.apache.flink.api.common.typeutils.TypeSerializer<T>>		StateDescriptor
f23	FIELD	org.apache.flink.api.common.state.MapStateDescriptor	typeInfo	private		org.apache.flink.api.common.typeinfo.TypeInformation<T>		StateDescriptor
f23	FIELD	org.apache.flink.api.common.state.MapStateDescriptor	queryableStateName	private		java.lang.String		StateDescriptor
f23	FIELD	org.apache.flink.api.common.state.MapStateDescriptor	ttlConfig	private		org.apache.flink.api.common.state.StateTtlConfig		StateDescriptor
f23	FIELD	org.apache.flink.api.common.state.MapStateDescriptor	defaultValue	protected		T		StateDescriptor
