f120	CLASS	org.apache.flink.streaming.api.datastream.DataStream	-			class java.lang.Object		
f120	CTOR	org.apache.flink.streaming.api.datastream.DataStream	<init>				(org.apache.flink.streaming.api.environment.StreamExecutionEnvironment, org.apache.flink.api.dag.Transformation<T>)	
f120	METHOD	org.apache.flink.streaming.api.datastream.DataStream	addSink			 org.apache.flink.streaming.api.datastream.DataStreamSink<T>	(org.apache.flink.streaming.api.functions.sink.SinkFunction<T>)	DataStream
f120	METHOD	org.apache.flink.streaming.api.datastream.DataStream	assignTimestampsAndWatermarks			 org.apache.flink.streaming.api.datastream.SingleOutputStreamOperator<T>	(org.apache.flink.api.common.eventtime.WatermarkStrategy<T>)	DataStream
f120	METHOD	org.apache.flink.streaming.api.datastream.DataStream	assignTimestampsAndWatermarks		@Deprecated	 org.apache.flink.streaming.api.datastream.SingleOutputStreamOperator<T>	(org.apache.flink.streaming.api.functions.AssignerWithPeriodicWatermarks<T>)	DataStream
f120	METHOD	org.apache.flink.streaming.api.datastream.DataStream	assignTimestampsAndWatermarks		@Deprecated	 org.apache.flink.streaming.api.datastream.SingleOutputStreamOperator<T>	(org.apache.flink.streaming.api.functions.AssignerWithPunctuatedWatermarks<T>)	DataStream
f120	METHOD	org.apache.flink.streaming.api.datastream.DataStream	broadcast			 org.apache.flink.streaming.api.datastream.DataStream<T>	()	DataStream
f120	METHOD	org.apache.flink.streaming.api.datastream.DataStream	broadcast			 org.apache.flink.streaming.api.datastream.BroadcastStream<T>	(org.apache.flink.api.common.state.MapStateDescriptor<?, ?>[])	DataStream
f120	METHOD	org.apache.flink.streaming.api.datastream.DataStream	clean	 protected		<F> F	(F)	DataStream
f120	METHOD	org.apache.flink.streaming.api.datastream.DataStream	coGroup			<T2> org.apache.flink.streaming.api.datastream.CoGroupedStreams<T, T2>	(org.apache.flink.streaming.api.datastream.DataStream<T2>)	DataStream
f120	METHOD	org.apache.flink.streaming.api.datastream.DataStream	collectAsync			 org.apache.flink.util.CloseableIterator<T>	()	DataStream
f120	METHOD	org.apache.flink.streaming.api.datastream.DataStream	collectAsync			 void	(org.apache.flink.streaming.api.datastream.DataStream$Collector<T>)	DataStream
f120	METHOD	org.apache.flink.streaming.api.datastream.DataStream	connect			<R> org.apache.flink.streaming.api.datastream.BroadcastConnectedStream<T, R>	(org.apache.flink.streaming.api.datastream.BroadcastStream<R>)	DataStream
f120	METHOD	org.apache.flink.streaming.api.datastream.DataStream	connect			<R> org.apache.flink.streaming.api.datastream.ConnectedStreams<T, R>	(org.apache.flink.streaming.api.datastream.DataStream<R>)	DataStream
f120	METHOD	org.apache.flink.streaming.api.datastream.DataStream	countWindowAll			 org.apache.flink.streaming.api.datastream.AllWindowedStream<T, org.apache.flink.streaming.api.windowing.windows.GlobalWindow>	(long, long)	DataStream
f120	METHOD	org.apache.flink.streaming.api.datastream.DataStream	countWindowAll			 org.apache.flink.streaming.api.datastream.AllWindowedStream<T, org.apache.flink.streaming.api.windowing.windows.GlobalWindow>	(long)	DataStream
f120	METHOD	org.apache.flink.streaming.api.datastream.DataStream	doTransform	 protected		<R> org.apache.flink.streaming.api.datastream.SingleOutputStreamOperator<R>	(java.lang.String, org.apache.flink.api.common.typeinfo.TypeInformation<R>, org.apache.flink.streaming.api.operators.StreamOperatorFactory<R>)	DataStream
f120	METHOD	org.apache.flink.streaming.api.datastream.DataStream	executeAndCollect			 org.apache.flink.util.CloseableIterator<T>	()	DataStream
f120	METHOD	org.apache.flink.streaming.api.datastream.DataStream	executeAndCollect			 java.util.List<T>	(java.lang.String, int)	DataStream
f120	METHOD	org.apache.flink.streaming.api.datastream.DataStream	executeAndCollect			 org.apache.flink.util.CloseableIterator<T>	(java.lang.String)	DataStream
f120	METHOD	org.apache.flink.streaming.api.datastream.DataStream	executeAndCollect			 java.util.List<T>	(int)	DataStream
f120	METHOD	org.apache.flink.streaming.api.datastream.DataStream	filter			 org.apache.flink.streaming.api.datastream.SingleOutputStreamOperator<T>	(org.apache.flink.api.common.functions.FilterFunction<T>)	DataStream
f120	METHOD	org.apache.flink.streaming.api.datastream.DataStream	flatMap			<R> org.apache.flink.streaming.api.datastream.SingleOutputStreamOperator<R>	(org.apache.flink.api.common.functions.FlatMapFunction<T, R>, org.apache.flink.api.common.typeinfo.TypeInformation<R>)	DataStream
f120	METHOD	org.apache.flink.streaming.api.datastream.DataStream	flatMap			<R> org.apache.flink.streaming.api.datastream.SingleOutputStreamOperator<R>	(org.apache.flink.api.common.functions.FlatMapFunction<T, R>)	DataStream
f120	METHOD	org.apache.flink.streaming.api.datastream.DataStream	forward			 org.apache.flink.streaming.api.datastream.DataStream<T>	()	DataStream
f120	METHOD	org.apache.flink.streaming.api.datastream.DataStream	fullWindowPartition			 org.apache.flink.streaming.api.datastream.PartitionWindowedStream<T>	()	DataStream
f120	METHOD	org.apache.flink.streaming.api.datastream.DataStream	getExecutionConfig			 org.apache.flink.api.common.ExecutionConfig	()	DataStream
f120	METHOD	org.apache.flink.streaming.api.datastream.DataStream	getExecutionEnvironment			 org.apache.flink.streaming.api.environment.StreamExecutionEnvironment	()	DataStream
f120	METHOD	org.apache.flink.streaming.api.datastream.DataStream	getId			 int	()	DataStream
f120	METHOD	org.apache.flink.streaming.api.datastream.DataStream	getMinResources			 org.apache.flink.api.common.operators.ResourceSpec	()	DataStream
f120	METHOD	org.apache.flink.streaming.api.datastream.DataStream	getParallelism			 int	()	DataStream
f120	METHOD	org.apache.flink.streaming.api.datastream.DataStream	getPreferredResources			 org.apache.flink.api.common.operators.ResourceSpec	()	DataStream
f120	METHOD	org.apache.flink.streaming.api.datastream.DataStream	getTransformation			 org.apache.flink.api.dag.Transformation<T>	()	DataStream
f120	METHOD	org.apache.flink.streaming.api.datastream.DataStream	getType			 org.apache.flink.api.common.typeinfo.TypeInformation<T>	()	DataStream
f120	METHOD	org.apache.flink.streaming.api.datastream.DataStream	global			 org.apache.flink.streaming.api.datastream.DataStream<T>	()	DataStream
f120	METHOD	org.apache.flink.streaming.api.datastream.DataStream	iterate		@Deprecated	 org.apache.flink.streaming.api.datastream.IterativeStream<T>	()	DataStream
f120	METHOD	org.apache.flink.streaming.api.datastream.DataStream	iterate		@Deprecated	 org.apache.flink.streaming.api.datastream.IterativeStream<T>	(long)	DataStream
f120	METHOD	org.apache.flink.streaming.api.datastream.DataStream	join			<T2> org.apache.flink.streaming.api.datastream.JoinedStreams<T, T2>	(org.apache.flink.streaming.api.datastream.DataStream<T2>)	DataStream
f120	METHOD	org.apache.flink.streaming.api.datastream.DataStream	keyBy		@Deprecated	 org.apache.flink.streaming.api.datastream.KeyedStream<T, org.apache.flink.api.java.tuple.Tuple>	(int[])	DataStream
f120	METHOD	org.apache.flink.streaming.api.datastream.DataStream	keyBy		@Deprecated	 org.apache.flink.streaming.api.datastream.KeyedStream<T, org.apache.flink.api.java.tuple.Tuple>	(java.lang.String[])	DataStream
f120	METHOD	org.apache.flink.streaming.api.datastream.DataStream	keyBy			<K> org.apache.flink.streaming.api.datastream.KeyedStream<T, K>	(org.apache.flink.api.java.functions.KeySelector<T, K>, org.apache.flink.api.common.typeinfo.TypeInformation<K>)	DataStream
f120	METHOD	org.apache.flink.streaming.api.datastream.DataStream	keyBy			<K> org.apache.flink.streaming.api.datastream.KeyedStream<T, K>	(org.apache.flink.api.java.functions.KeySelector<T, K>)	DataStream
f120	METHOD	org.apache.flink.streaming.api.datastream.DataStream	map			<R> org.apache.flink.streaming.api.datastream.SingleOutputStreamOperator<R>	(org.apache.flink.api.common.functions.MapFunction<T, R>, org.apache.flink.api.common.typeinfo.TypeInformation<R>)	DataStream
f120	METHOD	org.apache.flink.streaming.api.datastream.DataStream	map			<R> org.apache.flink.streaming.api.datastream.SingleOutputStreamOperator<R>	(org.apache.flink.api.common.functions.MapFunction<T, R>)	DataStream
f120	METHOD	org.apache.flink.streaming.api.datastream.DataStream	partitionCustom		@Deprecated	<K> org.apache.flink.streaming.api.datastream.DataStream<T>	(org.apache.flink.api.common.functions.Partitioner<K>, java.lang.String)	DataStream
f120	METHOD	org.apache.flink.streaming.api.datastream.DataStream	partitionCustom		@Deprecated	<K> org.apache.flink.streaming.api.datastream.DataStream<T>	(org.apache.flink.api.common.functions.Partitioner<K>, int)	DataStream
f120	METHOD	org.apache.flink.streaming.api.datastream.DataStream	partitionCustom			<K> org.apache.flink.streaming.api.datastream.DataStream<T>	(org.apache.flink.api.common.functions.Partitioner<K>, org.apache.flink.api.java.functions.KeySelector<T, K>)	DataStream
f120	METHOD	org.apache.flink.streaming.api.datastream.DataStream	printToErr			 org.apache.flink.streaming.api.datastream.DataStreamSink<T>	()	DataStream
f120	METHOD	org.apache.flink.streaming.api.datastream.DataStream	printToErr			 org.apache.flink.streaming.api.datastream.DataStreamSink<T>	(java.lang.String)	DataStream
f120	METHOD	org.apache.flink.streaming.api.datastream.DataStream	print			 org.apache.flink.streaming.api.datastream.DataStreamSink<T>	()	DataStream
f120	METHOD	org.apache.flink.streaming.api.datastream.DataStream	print			 org.apache.flink.streaming.api.datastream.DataStreamSink<T>	(java.lang.String)	DataStream
f120	METHOD	org.apache.flink.streaming.api.datastream.DataStream	process			<R> org.apache.flink.streaming.api.datastream.SingleOutputStreamOperator<R>	(org.apache.flink.streaming.api.functions.ProcessFunction<T, R>, org.apache.flink.api.common.typeinfo.TypeInformation<R>)	DataStream
f120	METHOD	org.apache.flink.streaming.api.datastream.DataStream	process			<R> org.apache.flink.streaming.api.datastream.SingleOutputStreamOperator<R>	(org.apache.flink.streaming.api.functions.ProcessFunction<T, R>)	DataStream
f120	METHOD	org.apache.flink.streaming.api.datastream.DataStream	project			<R> org.apache.flink.streaming.api.datastream.SingleOutputStreamOperator<R>	(int[])	DataStream
f120	METHOD	org.apache.flink.streaming.api.datastream.DataStream	rebalance			 org.apache.flink.streaming.api.datastream.DataStream<T>	()	DataStream
f120	METHOD	org.apache.flink.streaming.api.datastream.DataStream	rescale			 org.apache.flink.streaming.api.datastream.DataStream<T>	()	DataStream
f120	METHOD	org.apache.flink.streaming.api.datastream.DataStream	setConnectionType	 protected		 org.apache.flink.streaming.api.datastream.DataStream<T>	(org.apache.flink.streaming.runtime.partitioner.StreamPartitioner<T>)	DataStream
f120	METHOD	org.apache.flink.streaming.api.datastream.DataStream	shuffle			 org.apache.flink.streaming.api.datastream.DataStream<T>	()	DataStream
f120	METHOD	org.apache.flink.streaming.api.datastream.DataStream	sinkTo			 org.apache.flink.streaming.api.datastream.DataStreamSink<T>	(org.apache.flink.api.connector.sink.Sink<T, ?, ?, ?>, org.apache.flink.streaming.api.datastream.CustomSinkOperatorUidHashes)	DataStream
f120	METHOD	org.apache.flink.streaming.api.datastream.DataStream	sinkTo			 org.apache.flink.streaming.api.datastream.DataStreamSink<T>	(org.apache.flink.api.connector.sink.Sink<T, ?, ?, ?>)	DataStream
f120	METHOD	org.apache.flink.streaming.api.datastream.DataStream	sinkTo			 org.apache.flink.streaming.api.datastream.DataStreamSink<T>	(org.apache.flink.api.connector.sink2.Sink<T>, org.apache.flink.streaming.api.datastream.CustomSinkOperatorUidHashes)	DataStream
f120	METHOD	org.apache.flink.streaming.api.datastream.DataStream	sinkTo			 org.apache.flink.streaming.api.datastream.DataStreamSink<T>	(org.apache.flink.api.connector.sink2.Sink<T>)	DataStream
f120	METHOD	org.apache.flink.streaming.api.datastream.DataStream	timeWindowAll		@Deprecated	 org.apache.flink.streaming.api.datastream.AllWindowedStream<T, org.apache.flink.streaming.api.windowing.windows.TimeWindow>	(org.apache.flink.streaming.api.windowing.time.Time, org.apache.flink.streaming.api.windowing.time.Time)	DataStream
f120	METHOD	org.apache.flink.streaming.api.datastream.DataStream	timeWindowAll		@Deprecated	 org.apache.flink.streaming.api.datastream.AllWindowedStream<T, org.apache.flink.streaming.api.windowing.windows.TimeWindow>	(org.apache.flink.streaming.api.windowing.time.Time)	DataStream
f120	METHOD	org.apache.flink.streaming.api.datastream.DataStream	transform			<R> org.apache.flink.streaming.api.datastream.SingleOutputStreamOperator<R>	(java.lang.String, org.apache.flink.api.common.typeinfo.TypeInformation<R>, org.apache.flink.streaming.api.operators.OneInputStreamOperatorFactory<T, R>)	DataStream
f120	METHOD	org.apache.flink.streaming.api.datastream.DataStream	transform			<R> org.apache.flink.streaming.api.datastream.SingleOutputStreamOperator<R>	(java.lang.String, org.apache.flink.api.common.typeinfo.TypeInformation<R>, org.apache.flink.streaming.api.operators.OneInputStreamOperator<T, R>)	DataStream
f120	METHOD	org.apache.flink.streaming.api.datastream.DataStream	union	final		 org.apache.flink.streaming.api.datastream.DataStream<T>	(org.apache.flink.streaming.api.datastream.DataStream<T>[])	DataStream
f120	METHOD	org.apache.flink.streaming.api.datastream.DataStream	windowAll			<W> org.apache.flink.streaming.api.datastream.AllWindowedStream<T, W>	(org.apache.flink.streaming.api.windowing.assigners.WindowAssigner<? super T, W>)	DataStream
f120	METHOD	org.apache.flink.streaming.api.datastream.DataStream	writeAsCsv		@Deprecated	<X> org.apache.flink.streaming.api.datastream.DataStreamSink<T>	(java.lang.String, org.apache.flink.core.fs.FileSystem$WriteMode, java.lang.String, java.lang.String)	DataStream
f120	METHOD	org.apache.flink.streaming.api.datastream.DataStream	writeAsCsv		@Deprecated	 org.apache.flink.streaming.api.datastream.DataStreamSink<T>	(java.lang.String, org.apache.flink.core.fs.FileSystem$WriteMode)	DataStream
f120	METHOD	org.apache.flink.streaming.api.datastream.DataStream	writeAsCsv		@Deprecated	 org.apache.flink.streaming.api.datastream.DataStreamSink<T>	(java.lang.String)	DataStream
f120	METHOD	org.apache.flink.streaming.api.datastream.DataStream	writeAsText		@Deprecated	 org.apache.flink.streaming.api.datastream.DataStreamSink<T>	(java.lang.String, org.apache.flink.core.fs.FileSystem$WriteMode)	DataStream
f120	METHOD	org.apache.flink.streaming.api.datastream.DataStream	writeAsText		@Deprecated	 org.apache.flink.streaming.api.datastream.DataStreamSink<T>	(java.lang.String)	DataStream
f120	METHOD	org.apache.flink.streaming.api.datastream.DataStream	writeToSocket			 org.apache.flink.streaming.api.datastream.DataStreamSink<T>	(java.lang.String, int, org.apache.flink.api.common.serialization.SerializationSchema<T>)	DataStream
f120	METHOD	org.apache.flink.streaming.api.datastream.DataStream	writeUsingOutputFormat		@Deprecated	 org.apache.flink.streaming.api.datastream.DataStreamSink<T>	(org.apache.flink.api.common.io.OutputFormat<T>)	DataStream
f120	FIELD	org.apache.flink.streaming.api.datastream.DataStream	environment	protected final		org.apache.flink.streaming.api.environment.StreamExecutionEnvironment		DataStream
f120	FIELD	org.apache.flink.streaming.api.datastream.DataStream	transformation	protected final		org.apache.flink.api.dag.Transformation<T>		DataStream
f120	CLASS	org.apache.flink.streaming.api.datastream.SingleOutputStreamOperator	-			org.apache.flink.streaming.api.datastream.DataStream<T>		
f120	CTOR	org.apache.flink.streaming.api.datastream.SingleOutputStreamOperator	<init>				(org.apache.flink.streaming.api.environment.StreamExecutionEnvironment, org.apache.flink.api.dag.Transformation<T>)	
f120	METHOD	org.apache.flink.streaming.api.datastream.SingleOutputStreamOperator	addSink			 org.apache.flink.streaming.api.datastream.DataStreamSink<T>	(org.apache.flink.streaming.api.functions.sink.SinkFunction<T>)	DataStream
f120	METHOD	org.apache.flink.streaming.api.datastream.SingleOutputStreamOperator	assignTimestampsAndWatermarks			 org.apache.flink.streaming.api.datastream.SingleOutputStreamOperator<T>	(org.apache.flink.api.common.eventtime.WatermarkStrategy<T>)	DataStream
f120	METHOD	org.apache.flink.streaming.api.datastream.SingleOutputStreamOperator	assignTimestampsAndWatermarks		@Deprecated	 org.apache.flink.streaming.api.datastream.SingleOutputStreamOperator<T>	(org.apache.flink.streaming.api.functions.AssignerWithPeriodicWatermarks<T>)	DataStream
f120	METHOD	org.apache.flink.streaming.api.datastream.SingleOutputStreamOperator	assignTimestampsAndWatermarks		@Deprecated	 org.apache.flink.streaming.api.datastream.SingleOutputStreamOperator<T>	(org.apache.flink.streaming.api.functions.AssignerWithPunctuatedWatermarks<T>)	DataStream
f120	METHOD	org.apache.flink.streaming.api.datastream.SingleOutputStreamOperator	broadcast			 org.apache.flink.streaming.api.datastream.DataStream<T>	()	DataStream
f120	METHOD	org.apache.flink.streaming.api.datastream.SingleOutputStreamOperator	broadcast			 org.apache.flink.streaming.api.datastream.BroadcastStream<T>	(org.apache.flink.api.common.state.MapStateDescriptor<?, ?>[])	DataStream
f120	METHOD	org.apache.flink.streaming.api.datastream.SingleOutputStreamOperator	cache			 org.apache.flink.streaming.api.datastream.CachedDataStream<T>	()	SingleOutputStreamOperator
f120	METHOD	org.apache.flink.streaming.api.datastream.SingleOutputStreamOperator	clean	 protected		<F> F	(F)	DataStream
f120	METHOD	org.apache.flink.streaming.api.datastream.SingleOutputStreamOperator	coGroup			<T2> org.apache.flink.streaming.api.datastream.CoGroupedStreams<T, T2>	(org.apache.flink.streaming.api.datastream.DataStream<T2>)	DataStream
f120	METHOD	org.apache.flink.streaming.api.datastream.SingleOutputStreamOperator	collectAsync			 org.apache.flink.util.CloseableIterator<T>	()	DataStream
f120	METHOD	org.apache.flink.streaming.api.datastream.SingleOutputStreamOperator	collectAsync			 void	(org.apache.flink.streaming.api.datastream.DataStream$Collector<T>)	DataStream
f120	METHOD	org.apache.flink.streaming.api.datastream.SingleOutputStreamOperator	connect			<R> org.apache.flink.streaming.api.datastream.BroadcastConnectedStream<T, R>	(org.apache.flink.streaming.api.datastream.BroadcastStream<R>)	DataStream
f120	METHOD	org.apache.flink.streaming.api.datastream.SingleOutputStreamOperator	connect			<R> org.apache.flink.streaming.api.datastream.ConnectedStreams<T, R>	(org.apache.flink.streaming.api.datastream.DataStream<R>)	DataStream
f120	METHOD	org.apache.flink.streaming.api.datastream.SingleOutputStreamOperator	countWindowAll			 org.apache.flink.streaming.api.datastream.AllWindowedStream<T, org.apache.flink.streaming.api.windowing.windows.GlobalWindow>	(long, long)	DataStream
f120	METHOD	org.apache.flink.streaming.api.datastream.SingleOutputStreamOperator	countWindowAll			 org.apache.flink.streaming.api.datastream.AllWindowedStream<T, org.apache.flink.streaming.api.windowing.windows.GlobalWindow>	(long)	DataStream
f120	METHOD	org.apache.flink.streaming.api.datastream.SingleOutputStreamOperator	disableChaining			 org.apache.flink.streaming.api.datastream.SingleOutputStreamOperator<T>	()	SingleOutputStreamOperator
f120	METHOD	org.apache.flink.streaming.api.datastream.SingleOutputStreamOperator	doTransform	 protected		<R> org.apache.flink.streaming.api.datastream.SingleOutputStreamOperator<R>	(java.lang.String, org.apache.flink.api.common.typeinfo.TypeInformation<R>, org.apache.flink.streaming.api.operators.StreamOperatorFactory<R>)	DataStream
f120	METHOD	org.apache.flink.streaming.api.datastream.SingleOutputStreamOperator	executeAndCollect			 org.apache.flink.util.CloseableIterator<T>	()	DataStream
f120	METHOD	org.apache.flink.streaming.api.datastream.SingleOutputStreamOperator	executeAndCollect			 java.util.List<T>	(java.lang.String, int)	DataStream
f120	METHOD	org.apache.flink.streaming.api.datastream.SingleOutputStreamOperator	executeAndCollect			 org.apache.flink.util.CloseableIterator<T>	(java.lang.String)	DataStream
f120	METHOD	org.apache.flink.streaming.api.datastream.SingleOutputStreamOperator	executeAndCollect			 java.util.List<T>	(int)	DataStream
f120	METHOD	org.apache.flink.streaming.api.datastream.SingleOutputStreamOperator	filter			 org.apache.flink.streaming.api.datastream.SingleOutputStreamOperator<T>	(org.apache.flink.api.common.functions.FilterFunction<T>)	DataStream
f120	METHOD	org.apache.flink.streaming.api.datastream.SingleOutputStreamOperator	flatMap			<R> org.apache.flink.streaming.api.datastream.SingleOutputStreamOperator<R>	(org.apache.flink.api.common.functions.FlatMapFunction<T, R>, org.apache.flink.api.common.typeinfo.TypeInformation<R>)	DataStream
f120	METHOD	org.apache.flink.streaming.api.datastream.SingleOutputStreamOperator	flatMap			<R> org.apache.flink.streaming.api.datastream.SingleOutputStreamOperator<R>	(org.apache.flink.api.common.functions.FlatMapFunction<T, R>)	DataStream
f120	METHOD	org.apache.flink.streaming.api.datastream.SingleOutputStreamOperator	forceNonParallel			 org.apache.flink.streaming.api.datastream.SingleOutputStreamOperator<T>	()	SingleOutputStreamOperator
f120	METHOD	org.apache.flink.streaming.api.datastream.SingleOutputStreamOperator	forward			 org.apache.flink.streaming.api.datastream.DataStream<T>	()	DataStream
f120	METHOD	org.apache.flink.streaming.api.datastream.SingleOutputStreamOperator	fullWindowPartition			 org.apache.flink.streaming.api.datastream.PartitionWindowedStream<T>	()	DataStream
f120	METHOD	org.apache.flink.streaming.api.datastream.SingleOutputStreamOperator	getExecutionConfig			 org.apache.flink.api.common.ExecutionConfig	()	DataStream
f120	METHOD	org.apache.flink.streaming.api.datastream.SingleOutputStreamOperator	getExecutionEnvironment			 org.apache.flink.streaming.api.environment.StreamExecutionEnvironment	()	DataStream
f120	METHOD	org.apache.flink.streaming.api.datastream.SingleOutputStreamOperator	getId			 int	()	DataStream
f120	METHOD	org.apache.flink.streaming.api.datastream.SingleOutputStreamOperator	getMinResources			 org.apache.flink.api.common.operators.ResourceSpec	()	DataStream
f120	METHOD	org.apache.flink.streaming.api.datastream.SingleOutputStreamOperator	getName			 java.lang.String	()	SingleOutputStreamOperator
f120	METHOD	org.apache.flink.streaming.api.datastream.SingleOutputStreamOperator	getParallelism			 int	()	DataStream
f120	METHOD	org.apache.flink.streaming.api.datastream.SingleOutputStreamOperator	getPreferredResources			 org.apache.flink.api.common.operators.ResourceSpec	()	DataStream
f120	METHOD	org.apache.flink.streaming.api.datastream.SingleOutputStreamOperator	getSideOutput			<X> org.apache.flink.streaming.api.datastream.SideOutputDataStream<X>	(org.apache.flink.util.OutputTag<X>)	SingleOutputStreamOperator
f120	METHOD	org.apache.flink.streaming.api.datastream.SingleOutputStreamOperator	getTransformation			 org.apache.flink.api.dag.Transformation<T>	()	DataStream
f120	METHOD	org.apache.flink.streaming.api.datastream.SingleOutputStreamOperator	getType			 org.apache.flink.api.common.typeinfo.TypeInformation<T>	()	DataStream
f120	METHOD	org.apache.flink.streaming.api.datastream.SingleOutputStreamOperator	global			 org.apache.flink.streaming.api.datastream.DataStream<T>	()	DataStream
f120	METHOD	org.apache.flink.streaming.api.datastream.SingleOutputStreamOperator	iterate		@Deprecated	 org.apache.flink.streaming.api.datastream.IterativeStream<T>	()	DataStream
f120	METHOD	org.apache.flink.streaming.api.datastream.SingleOutputStreamOperator	iterate		@Deprecated	 org.apache.flink.streaming.api.datastream.IterativeStream<T>	(long)	DataStream
f120	METHOD	org.apache.flink.streaming.api.datastream.SingleOutputStreamOperator	join			<T2> org.apache.flink.streaming.api.datastream.JoinedStreams<T, T2>	(org.apache.flink.streaming.api.datastream.DataStream<T2>)	DataStream
f120	METHOD	org.apache.flink.streaming.api.datastream.SingleOutputStreamOperator	keyBy		@Deprecated	 org.apache.flink.streaming.api.datastream.KeyedStream<T, org.apache.flink.api.java.tuple.Tuple>	(int[])	DataStream
f120	METHOD	org.apache.flink.streaming.api.datastream.SingleOutputStreamOperator	keyBy		@Deprecated	 org.apache.flink.streaming.api.datastream.KeyedStream<T, org.apache.flink.api.java.tuple.Tuple>	(java.lang.String[])	DataStream
f120	METHOD	org.apache.flink.streaming.api.datastream.SingleOutputStreamOperator	keyBy			<K> org.apache.flink.streaming.api.datastream.KeyedStream<T, K>	(org.apache.flink.api.java.functions.KeySelector<T, K>, org.apache.flink.api.common.typeinfo.TypeInformation<K>)	DataStream
f120	METHOD	org.apache.flink.streaming.api.datastream.SingleOutputStreamOperator	keyBy			<K> org.apache.flink.streaming.api.datastream.KeyedStream<T, K>	(org.apache.flink.api.java.functions.KeySelector<T, K>)	DataStream
f120	METHOD	org.apache.flink.streaming.api.datastream.SingleOutputStreamOperator	map			<R> org.apache.flink.streaming.api.datastream.SingleOutputStreamOperator<R>	(org.apache.flink.api.common.functions.MapFunction<T, R>, org.apache.flink.api.common.typeinfo.TypeInformation<R>)	DataStream
f120	METHOD	org.apache.flink.streaming.api.datastream.SingleOutputStreamOperator	map			<R> org.apache.flink.streaming.api.datastream.SingleOutputStreamOperator<R>	(org.apache.flink.api.common.functions.MapFunction<T, R>)	DataStream
f120	METHOD	org.apache.flink.streaming.api.datastream.SingleOutputStreamOperator	name			 org.apache.flink.streaming.api.datastream.SingleOutputStreamOperator<T>	(java.lang.String)	SingleOutputStreamOperator
f120	METHOD	org.apache.flink.streaming.api.datastream.SingleOutputStreamOperator	partitionCustom		@Deprecated	<K> org.apache.flink.streaming.api.datastream.DataStream<T>	(org.apache.flink.api.common.functions.Partitioner<K>, java.lang.String)	DataStream
f120	METHOD	org.apache.flink.streaming.api.datastream.SingleOutputStreamOperator	partitionCustom		@Deprecated	<K> org.apache.flink.streaming.api.datastream.DataStream<T>	(org.apache.flink.api.common.functions.Partitioner<K>, int)	DataStream
f120	METHOD	org.apache.flink.streaming.api.datastream.SingleOutputStreamOperator	partitionCustom			<K> org.apache.flink.streaming.api.datastream.DataStream<T>	(org.apache.flink.api.common.functions.Partitioner<K>, org.apache.flink.api.java.functions.KeySelector<T, K>)	DataStream
f120	METHOD	org.apache.flink.streaming.api.datastream.SingleOutputStreamOperator	printToErr			 org.apache.flink.streaming.api.datastream.DataStreamSink<T>	()	DataStream
f120	METHOD	org.apache.flink.streaming.api.datastream.SingleOutputStreamOperator	printToErr			 org.apache.flink.streaming.api.datastream.DataStreamSink<T>	(java.lang.String)	DataStream
f120	METHOD	org.apache.flink.streaming.api.datastream.SingleOutputStreamOperator	print			 org.apache.flink.streaming.api.datastream.DataStreamSink<T>	()	DataStream
f120	METHOD	org.apache.flink.streaming.api.datastream.SingleOutputStreamOperator	print			 org.apache.flink.streaming.api.datastream.DataStreamSink<T>	(java.lang.String)	DataStream
f120	METHOD	org.apache.flink.streaming.api.datastream.SingleOutputStreamOperator	process			<R> org.apache.flink.streaming.api.datastream.SingleOutputStreamOperator<R>	(org.apache.flink.streaming.api.functions.ProcessFunction<T, R>, org.apache.flink.api.common.typeinfo.TypeInformation<R>)	DataStream
f120	METHOD	org.apache.flink.streaming.api.datastream.SingleOutputStreamOperator	process			<R> org.apache.flink.streaming.api.datastream.SingleOutputStreamOperator<R>	(org.apache.flink.streaming.api.functions.ProcessFunction<T, R>)	DataStream
f120	METHOD	org.apache.flink.streaming.api.datastream.SingleOutputStreamOperator	project			<R> org.apache.flink.streaming.api.datastream.SingleOutputStreamOperator<R>	(int[])	DataStream
f120	METHOD	org.apache.flink.streaming.api.datastream.SingleOutputStreamOperator	rebalance			 org.apache.flink.streaming.api.datastream.DataStream<T>	()	DataStream
f120	METHOD	org.apache.flink.streaming.api.datastream.SingleOutputStreamOperator	rescale			 org.apache.flink.streaming.api.datastream.DataStream<T>	()	DataStream
f120	METHOD	org.apache.flink.streaming.api.datastream.SingleOutputStreamOperator	returns			 org.apache.flink.streaming.api.datastream.SingleOutputStreamOperator<T>	(java.lang.Class<T>)	SingleOutputStreamOperator
f120	METHOD	org.apache.flink.streaming.api.datastream.SingleOutputStreamOperator	returns			 org.apache.flink.streaming.api.datastream.SingleOutputStreamOperator<T>	(org.apache.flink.api.common.typeinfo.TypeHint<T>)	SingleOutputStreamOperator
f120	METHOD	org.apache.flink.streaming.api.datastream.SingleOutputStreamOperator	returns			 org.apache.flink.streaming.api.datastream.SingleOutputStreamOperator<T>	(org.apache.flink.api.common.typeinfo.TypeInformation<T>)	SingleOutputStreamOperator
f120	METHOD	org.apache.flink.streaming.api.datastream.SingleOutputStreamOperator	setBufferTimeout			 org.apache.flink.streaming.api.datastream.SingleOutputStreamOperator<T>	(long)	SingleOutputStreamOperator
f120	METHOD	org.apache.flink.streaming.api.datastream.SingleOutputStreamOperator	setConnectionType	 protected		 org.apache.flink.streaming.api.datastream.DataStream<T>	(org.apache.flink.streaming.runtime.partitioner.StreamPartitioner<T>)	DataStream
f120	METHOD	org.apache.flink.streaming.api.datastream.SingleOutputStreamOperator	setDescription			 org.apache.flink.streaming.api.datastream.SingleOutputStreamOperator<T>	(java.lang.String)	SingleOutputStreamOperator
f120	METHOD	org.apache.flink.streaming.api.datastream.SingleOutputStreamOperator	setMaxParallelism			 org.apache.flink.streaming.api.datastream.SingleOutputStreamOperator<T>	(int)	SingleOutputStreamOperator
f120	METHOD	org.apache.flink.streaming.api.datastream.SingleOutputStreamOperator	setParallelism			 org.apache.flink.streaming.api.datastream.SingleOutputStreamOperator<T>	(int)	SingleOutputStreamOperator
f120	METHOD	org.apache.flink.streaming.api.datastream.SingleOutputStreamOperator	setUidHash			 org.apache.flink.streaming.api.datastream.SingleOutputStreamOperator<T>	(java.lang.String)	SingleOutputStreamOperator
f120	METHOD	org.apache.flink.streaming.api.datastream.SingleOutputStreamOperator	shuffle			 org.apache.flink.streaming.api.datastream.DataStream<T>	()	DataStream
f120	METHOD	org.apache.flink.streaming.api.datastream.SingleOutputStreamOperator	sinkTo			 org.apache.flink.streaming.api.datastream.DataStreamSink<T>	(org.apache.flink.api.connector.sink.Sink<T, ?, ?, ?>, org.apache.flink.streaming.api.datastream.CustomSinkOperatorUidHashes)	DataStream
f120	METHOD	org.apache.flink.streaming.api.datastream.SingleOutputStreamOperator	sinkTo			 org.apache.flink.streaming.api.datastream.DataStreamSink<T>	(org.apache.flink.api.connector.sink.Sink<T, ?, ?, ?>)	DataStream
f120	METHOD	org.apache.flink.streaming.api.datastream.SingleOutputStreamOperator	sinkTo			 org.apache.flink.streaming.api.datastream.DataStreamSink<T>	(org.apache.flink.api.connector.sink2.Sink<T>, org.apache.flink.streaming.api.datastream.CustomSinkOperatorUidHashes)	DataStream
f120	METHOD	org.apache.flink.streaming.api.datastream.SingleOutputStreamOperator	sinkTo			 org.apache.flink.streaming.api.datastream.DataStreamSink<T>	(org.apache.flink.api.connector.sink2.Sink<T>)	DataStream
f120	METHOD	org.apache.flink.streaming.api.datastream.SingleOutputStreamOperator	slotSharingGroup			 org.apache.flink.streaming.api.datastream.SingleOutputStreamOperator<T>	(java.lang.String)	SingleOutputStreamOperator
f120	METHOD	org.apache.flink.streaming.api.datastream.SingleOutputStreamOperator	slotSharingGroup			 org.apache.flink.streaming.api.datastream.SingleOutputStreamOperator<T>	(org.apache.flink.api.common.operators.SlotSharingGroup)	SingleOutputStreamOperator
f120	METHOD	org.apache.flink.streaming.api.datastream.SingleOutputStreamOperator	startNewChain			 org.apache.flink.streaming.api.datastream.SingleOutputStreamOperator<T>	()	SingleOutputStreamOperator
f120	METHOD	org.apache.flink.streaming.api.datastream.SingleOutputStreamOperator	timeWindowAll		@Deprecated	 org.apache.flink.streaming.api.datastream.AllWindowedStream<T, org.apache.flink.streaming.api.windowing.windows.TimeWindow>	(org.apache.flink.streaming.api.windowing.time.Time, org.apache.flink.streaming.api.windowing.time.Time)	DataStream
f120	METHOD	org.apache.flink.streaming.api.datastream.SingleOutputStreamOperator	timeWindowAll		@Deprecated	 org.apache.flink.streaming.api.datastream.AllWindowedStream<T, org.apache.flink.streaming.api.windowing.windows.TimeWindow>	(org.apache.flink.streaming.api.windowing.time.Time)	DataStream
f120	METHOD	org.apache.flink.streaming.api.datastream.SingleOutputStreamOperator	transform			<R> org.apache.flink.streaming.api.datastream.SingleOutputStreamOperator<R>	(java.lang.String, org.apache.flink.api.common.typeinfo.TypeInformation<R>, org.apache.flink.streaming.api.operators.OneInputStreamOperatorFactory<T, R>)	DataStream
f120	METHOD	org.apache.flink.streaming.api.datastream.SingleOutputStreamOperator	transform			<R> org.apache.flink.streaming.api.datastream.SingleOutputStreamOperator<R>	(java.lang.String, org.apache.flink.api.common.typeinfo.TypeInformation<R>, org.apache.flink.streaming.api.operators.OneInputStreamOperator<T, R>)	DataStream
f120	METHOD	org.apache.flink.streaming.api.datastream.SingleOutputStreamOperator	uid			 org.apache.flink.streaming.api.datastream.SingleOutputStreamOperator<T>	(java.lang.String)	SingleOutputStreamOperator
f120	METHOD	org.apache.flink.streaming.api.datastream.SingleOutputStreamOperator	union	final		 org.apache.flink.streaming.api.datastream.DataStream<T>	(org.apache.flink.streaming.api.datastream.DataStream<T>[])	DataStream
f120	METHOD	org.apache.flink.streaming.api.datastream.SingleOutputStreamOperator	windowAll			<W> org.apache.flink.streaming.api.datastream.AllWindowedStream<T, W>	(org.apache.flink.streaming.api.windowing.assigners.WindowAssigner<? super T, W>)	DataStream
f120	METHOD	org.apache.flink.streaming.api.datastream.SingleOutputStreamOperator	writeAsCsv		@Deprecated	<X> org.apache.flink.streaming.api.datastream.DataStreamSink<T>	(java.lang.String, org.apache.flink.core.fs.FileSystem$WriteMode, java.lang.String, java.lang.String)	DataStream
f120	METHOD	org.apache.flink.streaming.api.datastream.SingleOutputStreamOperator	writeAsCsv		@Deprecated	 org.apache.flink.streaming.api.datastream.DataStreamSink<T>	(java.lang.String, org.apache.flink.core.fs.FileSystem$WriteMode)	DataStream
f120	METHOD	org.apache.flink.streaming.api.datastream.SingleOutputStreamOperator	writeAsCsv		@Deprecated	 org.apache.flink.streaming.api.datastream.DataStreamSink<T>	(java.lang.String)	DataStream
f120	METHOD	org.apache.flink.streaming.api.datastream.SingleOutputStreamOperator	writeAsText		@Deprecated	 org.apache.flink.streaming.api.datastream.DataStreamSink<T>	(java.lang.String, org.apache.flink.core.fs.FileSystem$WriteMode)	DataStream
f120	METHOD	org.apache.flink.streaming.api.datastream.SingleOutputStreamOperator	writeAsText		@Deprecated	 org.apache.flink.streaming.api.datastream.DataStreamSink<T>	(java.lang.String)	DataStream
f120	METHOD	org.apache.flink.streaming.api.datastream.SingleOutputStreamOperator	writeToSocket			 org.apache.flink.streaming.api.datastream.DataStreamSink<T>	(java.lang.String, int, org.apache.flink.api.common.serialization.SerializationSchema<T>)	DataStream
f120	METHOD	org.apache.flink.streaming.api.datastream.SingleOutputStreamOperator	writeUsingOutputFormat		@Deprecated	 org.apache.flink.streaming.api.datastream.DataStreamSink<T>	(org.apache.flink.api.common.io.OutputFormat<T>)	DataStream
f120	FIELD	org.apache.flink.streaming.api.datastream.SingleOutputStreamOperator	nonParallel	protected		boolean		SingleOutputStreamOperator
f120	FIELD	org.apache.flink.streaming.api.datastream.SingleOutputStreamOperator	requestedSideOutputs	private		java.util.Map<org.apache.flink.util.OutputTag<?>, org.apache.flink.api.common.typeinfo.TypeInformation<?>>		SingleOutputStreamOperator
f120	FIELD	org.apache.flink.streaming.api.datastream.SingleOutputStreamOperator	environment	protected final		org.apache.flink.streaming.api.environment.StreamExecutionEnvironment		DataStream
f120	FIELD	org.apache.flink.streaming.api.datastream.SingleOutputStreamOperator	transformation	protected final		org.apache.flink.api.dag.Transformation<T>		DataStream
f120	CLASS	org.apache.flink.streaming.api.datastream.KeyedStream	-			org.apache.flink.streaming.api.datastream.DataStream<T>		
f120	CTOR	org.apache.flink.streaming.api.datastream.KeyedStream	<init>	 package			(org.apache.flink.streaming.api.datastream.DataStream<T>, org.apache.flink.streaming.api.transformations.PartitionTransformation<T>, org.apache.flink.api.java.functions.KeySelector<T, KEY>, org.apache.flink.api.common.typeinfo.TypeInformation<KEY>)	
f120	CTOR	org.apache.flink.streaming.api.datastream.KeyedStream	<init>				(org.apache.flink.streaming.api.datastream.DataStream<T>, org.apache.flink.api.java.functions.KeySelector<T, KEY>, org.apache.flink.api.common.typeinfo.TypeInformation<KEY>)	
f120	CTOR	org.apache.flink.streaming.api.datastream.KeyedStream	<init>				(org.apache.flink.streaming.api.datastream.DataStream<T>, org.apache.flink.api.java.functions.KeySelector<T, KEY>)	
f120	METHOD	org.apache.flink.streaming.api.datastream.KeyedStream	addSink			 org.apache.flink.streaming.api.datastream.DataStreamSink<T>	(org.apache.flink.streaming.api.functions.sink.SinkFunction<T>)	KeyedStream
f120	METHOD	org.apache.flink.streaming.api.datastream.KeyedStream	aggregate	 protected		 org.apache.flink.streaming.api.datastream.SingleOutputStreamOperator<T>	(org.apache.flink.streaming.api.functions.aggregation.AggregationFunction<T>)	KeyedStream
f120	METHOD	org.apache.flink.streaming.api.datastream.KeyedStream	asQueryableState		@Deprecated	 org.apache.flink.streaming.api.datastream.QueryableStateStream<KEY, T>	(java.lang.String, org.apache.flink.api.common.state.ReducingStateDescriptor<T>)	KeyedStream
f120	METHOD	org.apache.flink.streaming.api.datastream.KeyedStream	asQueryableState		@Deprecated	 org.apache.flink.streaming.api.datastream.QueryableStateStream<KEY, T>	(java.lang.String, org.apache.flink.api.common.state.ValueStateDescriptor<T>)	KeyedStream
f120	METHOD	org.apache.flink.streaming.api.datastream.KeyedStream	asQueryableState		@Deprecated	 org.apache.flink.streaming.api.datastream.QueryableStateStream<KEY, T>	(java.lang.String)	KeyedStream
f120	METHOD	org.apache.flink.streaming.api.datastream.KeyedStream	assignTimestampsAndWatermarks			 org.apache.flink.streaming.api.datastream.SingleOutputStreamOperator<T>	(org.apache.flink.api.common.eventtime.WatermarkStrategy<T>)	DataStream
f120	METHOD	org.apache.flink.streaming.api.datastream.KeyedStream	assignTimestampsAndWatermarks		@Deprecated	 org.apache.flink.streaming.api.datastream.SingleOutputStreamOperator<T>	(org.apache.flink.streaming.api.functions.AssignerWithPeriodicWatermarks<T>)	DataStream
f120	METHOD	org.apache.flink.streaming.api.datastream.KeyedStream	assignTimestampsAndWatermarks		@Deprecated	 org.apache.flink.streaming.api.datastream.SingleOutputStreamOperator<T>	(org.apache.flink.streaming.api.functions.AssignerWithPunctuatedWatermarks<T>)	DataStream
f120	METHOD	org.apache.flink.streaming.api.datastream.KeyedStream	broadcast			 org.apache.flink.streaming.api.datastream.DataStream<T>	()	DataStream
f120	METHOD	org.apache.flink.streaming.api.datastream.KeyedStream	broadcast			 org.apache.flink.streaming.api.datastream.BroadcastStream<T>	(org.apache.flink.api.common.state.MapStateDescriptor<?, ?>[])	DataStream
f120	METHOD	org.apache.flink.streaming.api.datastream.KeyedStream	clean	 protected		<F> F	(F)	DataStream
f120	METHOD	org.apache.flink.streaming.api.datastream.KeyedStream	coGroup			<T2> org.apache.flink.streaming.api.datastream.CoGroupedStreams<T, T2>	(org.apache.flink.streaming.api.datastream.DataStream<T2>)	DataStream
f120	METHOD	org.apache.flink.streaming.api.datastream.KeyedStream	collectAsync			 org.apache.flink.util.CloseableIterator<T>	()	DataStream
f120	METHOD	org.apache.flink.streaming.api.datastream.KeyedStream	collectAsync			 void	(org.apache.flink.streaming.api.datastream.DataStream$Collector<T>)	DataStream
f120	METHOD	org.apache.flink.streaming.api.datastream.KeyedStream	connect			<R> org.apache.flink.streaming.api.datastream.BroadcastConnectedStream<T, R>	(org.apache.flink.streaming.api.datastream.BroadcastStream<R>)	DataStream
f120	METHOD	org.apache.flink.streaming.api.datastream.KeyedStream	connect			<R> org.apache.flink.streaming.api.datastream.ConnectedStreams<T, R>	(org.apache.flink.streaming.api.datastream.DataStream<R>)	DataStream
f120	METHOD	org.apache.flink.streaming.api.datastream.KeyedStream	countWindowAll			 org.apache.flink.streaming.api.datastream.AllWindowedStream<T, org.apache.flink.streaming.api.windowing.windows.GlobalWindow>	(long, long)	DataStream
f120	METHOD	org.apache.flink.streaming.api.datastream.KeyedStream	countWindowAll			 org.apache.flink.streaming.api.datastream.AllWindowedStream<T, org.apache.flink.streaming.api.windowing.windows.GlobalWindow>	(long)	DataStream
f120	METHOD	org.apache.flink.streaming.api.datastream.KeyedStream	countWindow			 org.apache.flink.streaming.api.datastream.WindowedStream<T, KEY, org.apache.flink.streaming.api.windowing.windows.GlobalWindow>	(long, long)	KeyedStream
f120	METHOD	org.apache.flink.streaming.api.datastream.KeyedStream	countWindow			 org.apache.flink.streaming.api.datastream.WindowedStream<T, KEY, org.apache.flink.streaming.api.windowing.windows.GlobalWindow>	(long)	KeyedStream
f120	METHOD	org.apache.flink.streaming.api.datastream.KeyedStream	doTransform	 protected		<R> org.apache.flink.streaming.api.datastream.SingleOutputStreamOperator<R>	(java.lang.String, org.apache.flink.api.common.typeinfo.TypeInformation<R>, org.apache.flink.streaming.api.operators.StreamOperatorFactory<R>)	KeyedStream
f120	METHOD	org.apache.flink.streaming.api.datastream.KeyedStream	executeAndCollect			 org.apache.flink.util.CloseableIterator<T>	()	DataStream
f120	METHOD	org.apache.flink.streaming.api.datastream.KeyedStream	executeAndCollect			 java.util.List<T>	(java.lang.String, int)	DataStream
f120	METHOD	org.apache.flink.streaming.api.datastream.KeyedStream	executeAndCollect			 org.apache.flink.util.CloseableIterator<T>	(java.lang.String)	DataStream
f120	METHOD	org.apache.flink.streaming.api.datastream.KeyedStream	executeAndCollect			 java.util.List<T>	(int)	DataStream
f120	METHOD	org.apache.flink.streaming.api.datastream.KeyedStream	filter			 org.apache.flink.streaming.api.datastream.SingleOutputStreamOperator<T>	(org.apache.flink.api.common.functions.FilterFunction<T>)	DataStream
f120	METHOD	org.apache.flink.streaming.api.datastream.KeyedStream	flatMap			<R> org.apache.flink.streaming.api.datastream.SingleOutputStreamOperator<R>	(org.apache.flink.api.common.functions.FlatMapFunction<T, R>, org.apache.flink.api.common.typeinfo.TypeInformation<R>)	DataStream
f120	METHOD	org.apache.flink.streaming.api.datastream.KeyedStream	flatMap			<R> org.apache.flink.streaming.api.datastream.SingleOutputStreamOperator<R>	(org.apache.flink.api.common.functions.FlatMapFunction<T, R>)	DataStream
f120	METHOD	org.apache.flink.streaming.api.datastream.KeyedStream	forward			 org.apache.flink.streaming.api.datastream.DataStream<T>	()	DataStream
f120	METHOD	org.apache.flink.streaming.api.datastream.KeyedStream	fullWindowPartition			 org.apache.flink.streaming.api.datastream.PartitionWindowedStream<T>	()	KeyedStream
f120	METHOD	org.apache.flink.streaming.api.datastream.KeyedStream	getExecutionConfig			 org.apache.flink.api.common.ExecutionConfig	()	DataStream
f120	METHOD	org.apache.flink.streaming.api.datastream.KeyedStream	getExecutionEnvironment			 org.apache.flink.streaming.api.environment.StreamExecutionEnvironment	()	DataStream
f120	METHOD	org.apache.flink.streaming.api.datastream.KeyedStream	getId			 int	()	DataStream
f120	METHOD	org.apache.flink.streaming.api.datastream.KeyedStream	getKeySelector			 org.apache.flink.api.java.functions.KeySelector<T, KEY>	()	KeyedStream
f120	METHOD	org.apache.flink.streaming.api.datastream.KeyedStream	getKeyType			 org.apache.flink.api.common.typeinfo.TypeInformation<KEY>	()	KeyedStream
f120	METHOD	org.apache.flink.streaming.api.datastream.KeyedStream	getMinResources			 org.apache.flink.api.common.operators.ResourceSpec	()	DataStream
f120	METHOD	org.apache.flink.streaming.api.datastream.KeyedStream	getParallelism			 int	()	DataStream
f120	METHOD	org.apache.flink.streaming.api.datastream.KeyedStream	getPreferredResources			 org.apache.flink.api.common.operators.ResourceSpec	()	DataStream
f120	METHOD	org.apache.flink.streaming.api.datastream.KeyedStream	getTransformation			 org.apache.flink.api.dag.Transformation<T>	()	DataStream
f120	METHOD	org.apache.flink.streaming.api.datastream.KeyedStream	getType			 org.apache.flink.api.common.typeinfo.TypeInformation<T>	()	DataStream
f120	METHOD	org.apache.flink.streaming.api.datastream.KeyedStream	global			 org.apache.flink.streaming.api.datastream.DataStream<T>	()	DataStream
f120	METHOD	org.apache.flink.streaming.api.datastream.KeyedStream	intervalJoin			<T1> org.apache.flink.streaming.api.datastream.KeyedStream$IntervalJoin<T, T1, KEY>	(org.apache.flink.streaming.api.datastream.KeyedStream<T1, KEY>)	KeyedStream
f120	METHOD	org.apache.flink.streaming.api.datastream.KeyedStream	iterate		@Deprecated	 org.apache.flink.streaming.api.datastream.IterativeStream<T>	()	DataStream
f120	METHOD	org.apache.flink.streaming.api.datastream.KeyedStream	iterate		@Deprecated	 org.apache.flink.streaming.api.datastream.IterativeStream<T>	(long)	DataStream
f120	METHOD	org.apache.flink.streaming.api.datastream.KeyedStream	join			<T2> org.apache.flink.streaming.api.datastream.JoinedStreams<T, T2>	(org.apache.flink.streaming.api.datastream.DataStream<T2>)	DataStream
f120	METHOD	org.apache.flink.streaming.api.datastream.KeyedStream	keyBy		@Deprecated	 org.apache.flink.streaming.api.datastream.KeyedStream<T, org.apache.flink.api.java.tuple.Tuple>	(int[])	DataStream
f120	METHOD	org.apache.flink.streaming.api.datastream.KeyedStream	keyBy		@Deprecated	 org.apache.flink.streaming.api.datastream.KeyedStream<T, org.apache.flink.api.java.tuple.Tuple>	(java.lang.String[])	DataStream
f120	METHOD	org.apache.flink.streaming.api.datastream.KeyedStream	keyBy			<K> org.apache.flink.streaming.api.datastream.KeyedStream<T, K>	(org.apache.flink.api.java.functions.KeySelector<T, K>, org.apache.flink.api.common.typeinfo.TypeInformation<K>)	DataStream
f120	METHOD	org.apache.flink.streaming.api.datastream.KeyedStream	keyBy			<K> org.apache.flink.streaming.api.datastream.KeyedStream<T, K>	(org.apache.flink.api.java.functions.KeySelector<T, K>)	DataStream
f120	METHOD	org.apache.flink.streaming.api.datastream.KeyedStream	map			<R> org.apache.flink.streaming.api.datastream.SingleOutputStreamOperator<R>	(org.apache.flink.api.common.functions.MapFunction<T, R>, org.apache.flink.api.common.typeinfo.TypeInformation<R>)	DataStream
f120	METHOD	org.apache.flink.streaming.api.datastream.KeyedStream	map			<R> org.apache.flink.streaming.api.datastream.SingleOutputStreamOperator<R>	(org.apache.flink.api.common.functions.MapFunction<T, R>)	DataStream
f120	METHOD	org.apache.flink.streaming.api.datastream.KeyedStream	maxBy			 org.apache.flink.streaming.api.datastream.SingleOutputStreamOperator<T>	(java.lang.String, boolean)	KeyedStream
f120	METHOD	org.apache.flink.streaming.api.datastream.KeyedStream	maxBy			 org.apache.flink.streaming.api.datastream.SingleOutputStreamOperator<T>	(java.lang.String)	KeyedStream
f120	METHOD	org.apache.flink.streaming.api.datastream.KeyedStream	maxBy			 org.apache.flink.streaming.api.datastream.SingleOutputStreamOperator<T>	(int, boolean)	KeyedStream
f120	METHOD	org.apache.flink.streaming.api.datastream.KeyedStream	maxBy			 org.apache.flink.streaming.api.datastream.SingleOutputStreamOperator<T>	(int)	KeyedStream
f120	METHOD	org.apache.flink.streaming.api.datastream.KeyedStream	max			 org.apache.flink.streaming.api.datastream.SingleOutputStreamOperator<T>	(java.lang.String)	KeyedStream
f120	METHOD	org.apache.flink.streaming.api.datastream.KeyedStream	max			 org.apache.flink.streaming.api.datastream.SingleOutputStreamOperator<T>	(int)	KeyedStream
f120	METHOD	org.apache.flink.streaming.api.datastream.KeyedStream	minBy			 org.apache.flink.streaming.api.datastream.SingleOutputStreamOperator<T>	(java.lang.String, boolean)	KeyedStream
f120	METHOD	org.apache.flink.streaming.api.datastream.KeyedStream	minBy			 org.apache.flink.streaming.api.datastream.SingleOutputStreamOperator<T>	(java.lang.String)	KeyedStream
f120	METHOD	org.apache.flink.streaming.api.datastream.KeyedStream	minBy			 org.apache.flink.streaming.api.datastream.SingleOutputStreamOperator<T>	(int, boolean)	KeyedStream
f120	METHOD	org.apache.flink.streaming.api.datastream.KeyedStream	minBy			 org.apache.flink.streaming.api.datastream.SingleOutputStreamOperator<T>	(int)	KeyedStream
f120	METHOD	org.apache.flink.streaming.api.datastream.KeyedStream	min			 org.apache.flink.streaming.api.datastream.SingleOutputStreamOperator<T>	(java.lang.String)	KeyedStream
f120	METHOD	org.apache.flink.streaming.api.datastream.KeyedStream	min			 org.apache.flink.streaming.api.datastream.SingleOutputStreamOperator<T>	(int)	KeyedStream
f120	METHOD	org.apache.flink.streaming.api.datastream.KeyedStream	partitionCustom		@Deprecated	<K> org.apache.flink.streaming.api.datastream.DataStream<T>	(org.apache.flink.api.common.functions.Partitioner<K>, java.lang.String)	DataStream
f120	METHOD	org.apache.flink.streaming.api.datastream.KeyedStream	partitionCustom		@Deprecated	<K> org.apache.flink.streaming.api.datastream.DataStream<T>	(org.apache.flink.api.common.functions.Partitioner<K>, int)	DataStream
f120	METHOD	org.apache.flink.streaming.api.datastream.KeyedStream	partitionCustom			<K> org.apache.flink.streaming.api.datastream.DataStream<T>	(org.apache.flink.api.common.functions.Partitioner<K>, org.apache.flink.api.java.functions.KeySelector<T, K>)	DataStream
f120	METHOD	org.apache.flink.streaming.api.datastream.KeyedStream	printToErr			 org.apache.flink.streaming.api.datastream.DataStreamSink<T>	()	DataStream
f120	METHOD	org.apache.flink.streaming.api.datastream.KeyedStream	printToErr			 org.apache.flink.streaming.api.datastream.DataStreamSink<T>	(java.lang.String)	DataStream
f120	METHOD	org.apache.flink.streaming.api.datastream.KeyedStream	print			 org.apache.flink.streaming.api.datastream.DataStreamSink<T>	()	DataStream
f120	METHOD	org.apache.flink.streaming.api.datastream.KeyedStream	print			 org.apache.flink.streaming.api.datastream.DataStreamSink<T>	(java.lang.String)	DataStream
f120	METHOD	org.apache.flink.streaming.api.datastream.KeyedStream	process			<R> org.apache.flink.streaming.api.datastream.SingleOutputStreamOperator<R>	(org.apache.flink.streaming.api.functions.KeyedProcessFunction<KEY, T, R>, org.apache.flink.api.common.typeinfo.TypeInformation<R>)	KeyedStream
f120	METHOD	org.apache.flink.streaming.api.datastream.KeyedStream	process			<R> org.apache.flink.streaming.api.datastream.SingleOutputStreamOperator<R>	(org.apache.flink.streaming.api.functions.KeyedProcessFunction<KEY, T, R>)	KeyedStream
f120	METHOD	org.apache.flink.streaming.api.datastream.KeyedStream	process		@Deprecated	<R> org.apache.flink.streaming.api.datastream.SingleOutputStreamOperator<R>	(org.apache.flink.streaming.api.functions.ProcessFunction<T, R>, org.apache.flink.api.common.typeinfo.TypeInformation<R>)	KeyedStream
f120	METHOD	org.apache.flink.streaming.api.datastream.KeyedStream	process		@Deprecated	<R> org.apache.flink.streaming.api.datastream.SingleOutputStreamOperator<R>	(org.apache.flink.streaming.api.functions.ProcessFunction<T, R>)	KeyedStream
f120	METHOD	org.apache.flink.streaming.api.datastream.KeyedStream	project			<R> org.apache.flink.streaming.api.datastream.SingleOutputStreamOperator<R>	(int[])	DataStream
f120	METHOD	org.apache.flink.streaming.api.datastream.KeyedStream	rebalance			 org.apache.flink.streaming.api.datastream.DataStream<T>	()	DataStream
f120	METHOD	org.apache.flink.streaming.api.datastream.KeyedStream	reduce			 org.apache.flink.streaming.api.datastream.SingleOutputStreamOperator<T>	(org.apache.flink.api.common.functions.ReduceFunction<T>)	KeyedStream
f120	METHOD	org.apache.flink.streaming.api.datastream.KeyedStream	rescale			 org.apache.flink.streaming.api.datastream.DataStream<T>	()	DataStream
f120	METHOD	org.apache.flink.streaming.api.datastream.KeyedStream	setConnectionType	 protected		 org.apache.flink.streaming.api.datastream.DataStream<T>	(org.apache.flink.streaming.runtime.partitioner.StreamPartitioner<T>)	KeyedStream
f120	METHOD	org.apache.flink.streaming.api.datastream.KeyedStream	shuffle			 org.apache.flink.streaming.api.datastream.DataStream<T>	()	DataStream
f120	METHOD	org.apache.flink.streaming.api.datastream.KeyedStream	sinkTo			 org.apache.flink.streaming.api.datastream.DataStreamSink<T>	(org.apache.flink.api.connector.sink.Sink<T, ?, ?, ?>, org.apache.flink.streaming.api.datastream.CustomSinkOperatorUidHashes)	DataStream
f120	METHOD	org.apache.flink.streaming.api.datastream.KeyedStream	sinkTo			 org.apache.flink.streaming.api.datastream.DataStreamSink<T>	(org.apache.flink.api.connector.sink.Sink<T, ?, ?, ?>)	DataStream
f120	METHOD	org.apache.flink.streaming.api.datastream.KeyedStream	sinkTo			 org.apache.flink.streaming.api.datastream.DataStreamSink<T>	(org.apache.flink.api.connector.sink2.Sink<T>, org.apache.flink.streaming.api.datastream.CustomSinkOperatorUidHashes)	DataStream
f120	METHOD	org.apache.flink.streaming.api.datastream.KeyedStream	sinkTo			 org.apache.flink.streaming.api.datastream.DataStreamSink<T>	(org.apache.flink.api.connector.sink2.Sink<T>)	DataStream
f120	METHOD	org.apache.flink.streaming.api.datastream.KeyedStream	sum			 org.apache.flink.streaming.api.datastream.SingleOutputStreamOperator<T>	(java.lang.String)	KeyedStream
f120	METHOD	org.apache.flink.streaming.api.datastream.KeyedStream	sum			 org.apache.flink.streaming.api.datastream.SingleOutputStreamOperator<T>	(int)	KeyedStream
f120	METHOD	org.apache.flink.streaming.api.datastream.KeyedStream	timeWindowAll		@Deprecated	 org.apache.flink.streaming.api.datastream.AllWindowedStream<T, org.apache.flink.streaming.api.windowing.windows.TimeWindow>	(org.apache.flink.streaming.api.windowing.time.Time, org.apache.flink.streaming.api.windowing.time.Time)	DataStream
f120	METHOD	org.apache.flink.streaming.api.datastream.KeyedStream	timeWindowAll		@Deprecated	 org.apache.flink.streaming.api.datastream.AllWindowedStream<T, org.apache.flink.streaming.api.windowing.windows.TimeWindow>	(org.apache.flink.streaming.api.windowing.time.Time)	DataStream
f120	METHOD	org.apache.flink.streaming.api.datastream.KeyedStream	timeWindow		@Deprecated	 org.apache.flink.streaming.api.datastream.WindowedStream<T, KEY, org.apache.flink.streaming.api.windowing.windows.TimeWindow>	(org.apache.flink.streaming.api.windowing.time.Time, org.apache.flink.streaming.api.windowing.time.Time)	KeyedStream
f120	METHOD	org.apache.flink.streaming.api.datastream.KeyedStream	timeWindow		@Deprecated	 org.apache.flink.streaming.api.datastream.WindowedStream<T, KEY, org.apache.flink.streaming.api.windowing.windows.TimeWindow>	(org.apache.flink.streaming.api.windowing.time.Time)	KeyedStream
f120	METHOD	org.apache.flink.streaming.api.datastream.KeyedStream	transform			<R> org.apache.flink.streaming.api.datastream.SingleOutputStreamOperator<R>	(java.lang.String, org.apache.flink.api.common.typeinfo.TypeInformation<R>, org.apache.flink.streaming.api.operators.OneInputStreamOperatorFactory<T, R>)	DataStream
f120	METHOD	org.apache.flink.streaming.api.datastream.KeyedStream	transform			<R> org.apache.flink.streaming.api.datastream.SingleOutputStreamOperator<R>	(java.lang.String, org.apache.flink.api.common.typeinfo.TypeInformation<R>, org.apache.flink.streaming.api.operators.OneInputStreamOperator<T, R>)	DataStream
f120	METHOD	org.apache.flink.streaming.api.datastream.KeyedStream	union	final		 org.apache.flink.streaming.api.datastream.DataStream<T>	(org.apache.flink.streaming.api.datastream.DataStream<T>[])	DataStream
f120	METHOD	org.apache.flink.streaming.api.datastream.KeyedStream	windowAll			<W> org.apache.flink.streaming.api.datastream.AllWindowedStream<T, W>	(org.apache.flink.streaming.api.windowing.assigners.WindowAssigner<? super T, W>)	DataStream
f120	METHOD	org.apache.flink.streaming.api.datastream.KeyedStream	window			<W> org.apache.flink.streaming.api.datastream.WindowedStream<T, KEY, W>	(org.apache.flink.streaming.api.windowing.assigners.WindowAssigner<? super T, W>)	KeyedStream
f120	METHOD	org.apache.flink.streaming.api.datastream.KeyedStream	writeAsCsv		@Deprecated	<X> org.apache.flink.streaming.api.datastream.DataStreamSink<T>	(java.lang.String, org.apache.flink.core.fs.FileSystem$WriteMode, java.lang.String, java.lang.String)	DataStream
f120	METHOD	org.apache.flink.streaming.api.datastream.KeyedStream	writeAsCsv		@Deprecated	 org.apache.flink.streaming.api.datastream.DataStreamSink<T>	(java.lang.String, org.apache.flink.core.fs.FileSystem$WriteMode)	DataStream
f120	METHOD	org.apache.flink.streaming.api.datastream.KeyedStream	writeAsCsv		@Deprecated	 org.apache.flink.streaming.api.datastream.DataStreamSink<T>	(java.lang.String)	DataStream
f120	METHOD	org.apache.flink.streaming.api.datastream.KeyedStream	writeAsText		@Deprecated	 org.apache.flink.streaming.api.datastream.DataStreamSink<T>	(java.lang.String, org.apache.flink.core.fs.FileSystem$WriteMode)	DataStream
f120	METHOD	org.apache.flink.streaming.api.datastream.KeyedStream	writeAsText		@Deprecated	 org.apache.flink.streaming.api.datastream.DataStreamSink<T>	(java.lang.String)	DataStream
f120	METHOD	org.apache.flink.streaming.api.datastream.KeyedStream	writeToSocket			 org.apache.flink.streaming.api.datastream.DataStreamSink<T>	(java.lang.String, int, org.apache.flink.api.common.serialization.SerializationSchema<T>)	DataStream
f120	METHOD	org.apache.flink.streaming.api.datastream.KeyedStream	writeUsingOutputFormat		@Deprecated	 org.apache.flink.streaming.api.datastream.DataStreamSink<T>	(org.apache.flink.api.common.io.OutputFormat<T>)	DataStream
f120	FIELD	org.apache.flink.streaming.api.datastream.KeyedStream	keySelector	private final		org.apache.flink.api.java.functions.KeySelector<T, KEY>		KeyedStream
f120	FIELD	org.apache.flink.streaming.api.datastream.KeyedStream	keyType	private final		org.apache.flink.api.common.typeinfo.TypeInformation<KEY>		KeyedStream
f120	FIELD	org.apache.flink.streaming.api.datastream.KeyedStream	environment	protected final		org.apache.flink.streaming.api.environment.StreamExecutionEnvironment		DataStream
f120	FIELD	org.apache.flink.streaming.api.datastream.KeyedStream	transformation	protected final		org.apache.flink.api.dag.Transformation<T>		DataStream
f120	CLASS	org.apache.flink.streaming.api.datastream.DataStreamSource	-			org.apache.flink.streaming.api.datastream.SingleOutputStreamOperator<T>		
f120	CTOR	org.apache.flink.streaming.api.datastream.DataStreamSource	<init>				(org.apache.flink.streaming.api.environment.StreamExecutionEnvironment, org.apache.flink.api.connector.source.Source<T, ?, ?>, org.apache.flink.api.common.eventtime.WatermarkStrategy<T>, org.apache.flink.api.common.typeinfo.TypeInformation<T>, java.lang.String)	
f120	CTOR	org.apache.flink.streaming.api.datastream.DataStreamSource	<init>				(org.apache.flink.streaming.api.datastream.SingleOutputStreamOperator<T>)	
f120	CTOR	org.apache.flink.streaming.api.datastream.DataStreamSource	<init>				(org.apache.flink.streaming.api.environment.StreamExecutionEnvironment, org.apache.flink.api.common.typeinfo.TypeInformation<T>, org.apache.flink.streaming.api.operators.StreamSource<T, ?>, boolean, java.lang.String, org.apache.flink.api.connector.source.Boundedness)	
f120	CTOR	org.apache.flink.streaming.api.datastream.DataStreamSource	<init>				(org.apache.flink.streaming.api.environment.StreamExecutionEnvironment, org.apache.flink.api.common.typeinfo.TypeInformation<T>, org.apache.flink.streaming.api.operators.StreamSource<T, ?>, boolean, java.lang.String)	
f120	METHOD	org.apache.flink.streaming.api.datastream.DataStreamSource	addSink			 org.apache.flink.streaming.api.datastream.DataStreamSink<T>	(org.apache.flink.streaming.api.functions.sink.SinkFunction<T>)	DataStream
f120	METHOD	org.apache.flink.streaming.api.datastream.DataStreamSource	assignTimestampsAndWatermarks			 org.apache.flink.streaming.api.datastream.SingleOutputStreamOperator<T>	(org.apache.flink.api.common.eventtime.WatermarkStrategy<T>)	DataStream
f120	METHOD	org.apache.flink.streaming.api.datastream.DataStreamSource	assignTimestampsAndWatermarks		@Deprecated	 org.apache.flink.streaming.api.datastream.SingleOutputStreamOperator<T>	(org.apache.flink.streaming.api.functions.AssignerWithPeriodicWatermarks<T>)	DataStream
f120	METHOD	org.apache.flink.streaming.api.datastream.DataStreamSource	assignTimestampsAndWatermarks		@Deprecated	 org.apache.flink.streaming.api.datastream.SingleOutputStreamOperator<T>	(org.apache.flink.streaming.api.functions.AssignerWithPunctuatedWatermarks<T>)	DataStream
f120	METHOD	org.apache.flink.streaming.api.datastream.DataStreamSource	broadcast			 org.apache.flink.streaming.api.datastream.DataStream<T>	()	DataStream
f120	METHOD	org.apache.flink.streaming.api.datastream.DataStreamSource	broadcast			 org.apache.flink.streaming.api.datastream.BroadcastStream<T>	(org.apache.flink.api.common.state.MapStateDescriptor<?, ?>[])	DataStream
f120	METHOD	org.apache.flink.streaming.api.datastream.DataStreamSource	cache			 org.apache.flink.streaming.api.datastream.CachedDataStream<T>	()	SingleOutputStreamOperator
f120	METHOD	org.apache.flink.streaming.api.datastream.DataStreamSource	clean	 protected		<F> F	(F)	DataStream
f120	METHOD	org.apache.flink.streaming.api.datastream.DataStreamSource	coGroup			<T2> org.apache.flink.streaming.api.datastream.CoGroupedStreams<T, T2>	(org.apache.flink.streaming.api.datastream.DataStream<T2>)	DataStream
f120	METHOD	org.apache.flink.streaming.api.datastream.DataStreamSource	collectAsync			 org.apache.flink.util.CloseableIterator<T>	()	DataStream
f120	METHOD	org.apache.flink.streaming.api.datastream.DataStreamSource	collectAsync			 void	(org.apache.flink.streaming.api.datastream.DataStream$Collector<T>)	DataStream
f120	METHOD	org.apache.flink.streaming.api.datastream.DataStreamSource	connect			<R> org.apache.flink.streaming.api.datastream.BroadcastConnectedStream<T, R>	(org.apache.flink.streaming.api.datastream.BroadcastStream<R>)	DataStream
f120	METHOD	org.apache.flink.streaming.api.datastream.DataStreamSource	connect			<R> org.apache.flink.streaming.api.datastream.ConnectedStreams<T, R>	(org.apache.flink.streaming.api.datastream.DataStream<R>)	DataStream
f120	METHOD	org.apache.flink.streaming.api.datastream.DataStreamSource	countWindowAll			 org.apache.flink.streaming.api.datastream.AllWindowedStream<T, org.apache.flink.streaming.api.windowing.windows.GlobalWindow>	(long, long)	DataStream
f120	METHOD	org.apache.flink.streaming.api.datastream.DataStreamSource	countWindowAll			 org.apache.flink.streaming.api.datastream.AllWindowedStream<T, org.apache.flink.streaming.api.windowing.windows.GlobalWindow>	(long)	DataStream
f120	METHOD	org.apache.flink.streaming.api.datastream.DataStreamSource	disableChaining			 org.apache.flink.streaming.api.datastream.SingleOutputStreamOperator<T>	()	SingleOutputStreamOperator
f120	METHOD	org.apache.flink.streaming.api.datastream.DataStreamSource	doTransform	 protected		<R> org.apache.flink.streaming.api.datastream.SingleOutputStreamOperator<R>	(java.lang.String, org.apache.flink.api.common.typeinfo.TypeInformation<R>, org.apache.flink.streaming.api.operators.StreamOperatorFactory<R>)	DataStream
f120	METHOD	org.apache.flink.streaming.api.datastream.DataStreamSource	executeAndCollect			 org.apache.flink.util.CloseableIterator<T>	()	DataStream
f120	METHOD	org.apache.flink.streaming.api.datastream.DataStreamSource	executeAndCollect			 java.util.List<T>	(java.lang.String, int)	DataStream
f120	METHOD	org.apache.flink.streaming.api.datastream.DataStreamSource	executeAndCollect			 org.apache.flink.util.CloseableIterator<T>	(java.lang.String)	DataStream
f120	METHOD	org.apache.flink.streaming.api.datastream.DataStreamSource	executeAndCollect			 java.util.List<T>	(int)	DataStream
f120	METHOD	org.apache.flink.streaming.api.datastream.DataStreamSource	filter			 org.apache.flink.streaming.api.datastream.SingleOutputStreamOperator<T>	(org.apache.flink.api.common.functions.FilterFunction<T>)	DataStream
f120	METHOD	org.apache.flink.streaming.api.datastream.DataStreamSource	flatMap			<R> org.apache.flink.streaming.api.datastream.SingleOutputStreamOperator<R>	(org.apache.flink.api.common.functions.FlatMapFunction<T, R>, org.apache.flink.api.common.typeinfo.TypeInformation<R>)	DataStream
f120	METHOD	org.apache.flink.streaming.api.datastream.DataStreamSource	flatMap			<R> org.apache.flink.streaming.api.datastream.SingleOutputStreamOperator<R>	(org.apache.flink.api.common.functions.FlatMapFunction<T, R>)	DataStream
f120	METHOD	org.apache.flink.streaming.api.datastream.DataStreamSource	forceNonParallel			 org.apache.flink.streaming.api.datastream.SingleOutputStreamOperator<T>	()	SingleOutputStreamOperator
f120	METHOD	org.apache.flink.streaming.api.datastream.DataStreamSource	forward			 org.apache.flink.streaming.api.datastream.DataStream<T>	()	DataStream
f120	METHOD	org.apache.flink.streaming.api.datastream.DataStreamSource	fullWindowPartition			 org.apache.flink.streaming.api.datastream.PartitionWindowedStream<T>	()	DataStream
f120	METHOD	org.apache.flink.streaming.api.datastream.DataStreamSource	getExecutionConfig			 org.apache.flink.api.common.ExecutionConfig	()	DataStream
f120	METHOD	org.apache.flink.streaming.api.datastream.DataStreamSource	getExecutionEnvironment			 org.apache.flink.streaming.api.environment.StreamExecutionEnvironment	()	DataStream
f120	METHOD	org.apache.flink.streaming.api.datastream.DataStreamSource	getId			 int	()	DataStream
f120	METHOD	org.apache.flink.streaming.api.datastream.DataStreamSource	getMinResources			 org.apache.flink.api.common.operators.ResourceSpec	()	DataStream
f120	METHOD	org.apache.flink.streaming.api.datastream.DataStreamSource	getName			 java.lang.String	()	SingleOutputStreamOperator
f120	METHOD	org.apache.flink.streaming.api.datastream.DataStreamSource	getParallelism			 int	()	DataStream
f120	METHOD	org.apache.flink.streaming.api.datastream.DataStreamSource	getPreferredResources			 org.apache.flink.api.common.operators.ResourceSpec	()	DataStream
f120	METHOD	org.apache.flink.streaming.api.datastream.DataStreamSource	getSideOutput			<X> org.apache.flink.streaming.api.datastream.SideOutputDataStream<X>	(org.apache.flink.util.OutputTag<X>)	SingleOutputStreamOperator
f120	METHOD	org.apache.flink.streaming.api.datastream.DataStreamSource	getTransformation			 org.apache.flink.api.dag.Transformation<T>	()	DataStream
f120	METHOD	org.apache.flink.streaming.api.datastream.DataStreamSource	getType			 org.apache.flink.api.common.typeinfo.TypeInformation<T>	()	DataStream
f120	METHOD	org.apache.flink.streaming.api.datastream.DataStreamSource	global			 org.apache.flink.streaming.api.datastream.DataStream<T>	()	DataStream
f120	METHOD	org.apache.flink.streaming.api.datastream.DataStreamSource	iterate		@Deprecated	 org.apache.flink.streaming.api.datastream.IterativeStream<T>	()	DataStream
f120	METHOD	org.apache.flink.streaming.api.datastream.DataStreamSource	iterate		@Deprecated	 org.apache.flink.streaming.api.datastream.IterativeStream<T>	(long)	DataStream
f120	METHOD	org.apache.flink.streaming.api.datastream.DataStreamSource	join			<T2> org.apache.flink.streaming.api.datastream.JoinedStreams<T, T2>	(org.apache.flink.streaming.api.datastream.DataStream<T2>)	DataStream
f120	METHOD	org.apache.flink.streaming.api.datastream.DataStreamSource	keyBy		@Deprecated	 org.apache.flink.streaming.api.datastream.KeyedStream<T, org.apache.flink.api.java.tuple.Tuple>	(int[])	DataStream
f120	METHOD	org.apache.flink.streaming.api.datastream.DataStreamSource	keyBy		@Deprecated	 org.apache.flink.streaming.api.datastream.KeyedStream<T, org.apache.flink.api.java.tuple.Tuple>	(java.lang.String[])	DataStream
f120	METHOD	org.apache.flink.streaming.api.datastream.DataStreamSource	keyBy			<K> org.apache.flink.streaming.api.datastream.KeyedStream<T, K>	(org.apache.flink.api.java.functions.KeySelector<T, K>, org.apache.flink.api.common.typeinfo.TypeInformation<K>)	DataStream
f120	METHOD	org.apache.flink.streaming.api.datastream.DataStreamSource	keyBy			<K> org.apache.flink.streaming.api.datastream.KeyedStream<T, K>	(org.apache.flink.api.java.functions.KeySelector<T, K>)	DataStream
f120	METHOD	org.apache.flink.streaming.api.datastream.DataStreamSource	map			<R> org.apache.flink.streaming.api.datastream.SingleOutputStreamOperator<R>	(org.apache.flink.api.common.functions.MapFunction<T, R>, org.apache.flink.api.common.typeinfo.TypeInformation<R>)	DataStream
f120	METHOD	org.apache.flink.streaming.api.datastream.DataStreamSource	map			<R> org.apache.flink.streaming.api.datastream.SingleOutputStreamOperator<R>	(org.apache.flink.api.common.functions.MapFunction<T, R>)	DataStream
f120	METHOD	org.apache.flink.streaming.api.datastream.DataStreamSource	name			 org.apache.flink.streaming.api.datastream.SingleOutputStreamOperator<T>	(java.lang.String)	SingleOutputStreamOperator
f120	METHOD	org.apache.flink.streaming.api.datastream.DataStreamSource	partitionCustom		@Deprecated	<K> org.apache.flink.streaming.api.datastream.DataStream<T>	(org.apache.flink.api.common.functions.Partitioner<K>, java.lang.String)	DataStream
f120	METHOD	org.apache.flink.streaming.api.datastream.DataStreamSource	partitionCustom		@Deprecated	<K> org.apache.flink.streaming.api.datastream.DataStream<T>	(org.apache.flink.api.common.functions.Partitioner<K>, int)	DataStream
f120	METHOD	org.apache.flink.streaming.api.datastream.DataStreamSource	partitionCustom			<K> org.apache.flink.streaming.api.datastream.DataStream<T>	(org.apache.flink.api.common.functions.Partitioner<K>, org.apache.flink.api.java.functions.KeySelector<T, K>)	DataStream
f120	METHOD	org.apache.flink.streaming.api.datastream.DataStreamSource	printToErr			 org.apache.flink.streaming.api.datastream.DataStreamSink<T>	()	DataStream
f120	METHOD	org.apache.flink.streaming.api.datastream.DataStreamSource	printToErr			 org.apache.flink.streaming.api.datastream.DataStreamSink<T>	(java.lang.String)	DataStream
f120	METHOD	org.apache.flink.streaming.api.datastream.DataStreamSource	print			 org.apache.flink.streaming.api.datastream.DataStreamSink<T>	()	DataStream
f120	METHOD	org.apache.flink.streaming.api.datastream.DataStreamSource	print			 org.apache.flink.streaming.api.datastream.DataStreamSink<T>	(java.lang.String)	DataStream
f120	METHOD	org.apache.flink.streaming.api.datastream.DataStreamSource	process			<R> org.apache.flink.streaming.api.datastream.SingleOutputStreamOperator<R>	(org.apache.flink.streaming.api.functions.ProcessFunction<T, R>, org.apache.flink.api.common.typeinfo.TypeInformation<R>)	DataStream
f120	METHOD	org.apache.flink.streaming.api.datastream.DataStreamSource	process			<R> org.apache.flink.streaming.api.datastream.SingleOutputStreamOperator<R>	(org.apache.flink.streaming.api.functions.ProcessFunction<T, R>)	DataStream
f120	METHOD	org.apache.flink.streaming.api.datastream.DataStreamSource	project			<R> org.apache.flink.streaming.api.datastream.SingleOutputStreamOperator<R>	(int[])	DataStream
f120	METHOD	org.apache.flink.streaming.api.datastream.DataStreamSource	rebalance			 org.apache.flink.streaming.api.datastream.DataStream<T>	()	DataStream
f120	METHOD	org.apache.flink.streaming.api.datastream.DataStreamSource	rescale			 org.apache.flink.streaming.api.datastream.DataStream<T>	()	DataStream
f120	METHOD	org.apache.flink.streaming.api.datastream.DataStreamSource	returns			 org.apache.flink.streaming.api.datastream.SingleOutputStreamOperator<T>	(java.lang.Class<T>)	SingleOutputStreamOperator
f120	METHOD	org.apache.flink.streaming.api.datastream.DataStreamSource	returns			 org.apache.flink.streaming.api.datastream.SingleOutputStreamOperator<T>	(org.apache.flink.api.common.typeinfo.TypeHint<T>)	SingleOutputStreamOperator
f120	METHOD	org.apache.flink.streaming.api.datastream.DataStreamSource	returns			 org.apache.flink.streaming.api.datastream.SingleOutputStreamOperator<T>	(org.apache.flink.api.common.typeinfo.TypeInformation<T>)	SingleOutputStreamOperator
f120	METHOD	org.apache.flink.streaming.api.datastream.DataStreamSource	setBufferTimeout			 org.apache.flink.streaming.api.datastream.SingleOutputStreamOperator<T>	(long)	SingleOutputStreamOperator
f120	METHOD	org.apache.flink.streaming.api.datastream.DataStreamSource	setConnectionType	 protected		 org.apache.flink.streaming.api.datastream.DataStream<T>	(org.apache.flink.streaming.runtime.partitioner.StreamPartitioner<T>)	DataStream
f120	METHOD	org.apache.flink.streaming.api.datastream.DataStreamSource	setDescription			 org.apache.flink.streaming.api.datastream.SingleOutputStreamOperator<T>	(java.lang.String)	SingleOutputStreamOperator
f120	METHOD	org.apache.flink.streaming.api.datastream.DataStreamSource	setMaxParallelism			 org.apache.flink.streaming.api.datastream.SingleOutputStreamOperator<T>	(int)	SingleOutputStreamOperator
f120	METHOD	org.apache.flink.streaming.api.datastream.DataStreamSource	setParallelism			 org.apache.flink.streaming.api.datastream.DataStreamSource<T>	(int)	DataStreamSource
f120	METHOD	org.apache.flink.streaming.api.datastream.DataStreamSource	setUidHash			 org.apache.flink.streaming.api.datastream.SingleOutputStreamOperator<T>	(java.lang.String)	SingleOutputStreamOperator
f120	METHOD	org.apache.flink.streaming.api.datastream.DataStreamSource	shuffle			 org.apache.flink.streaming.api.datastream.DataStream<T>	()	DataStream
f120	METHOD	org.apache.flink.streaming.api.datastream.DataStreamSource	sinkTo			 org.apache.flink.streaming.api.datastream.DataStreamSink<T>	(org.apache.flink.api.connector.sink.Sink<T, ?, ?, ?>, org.apache.flink.streaming.api.datastream.CustomSinkOperatorUidHashes)	DataStream
f120	METHOD	org.apache.flink.streaming.api.datastream.DataStreamSource	sinkTo			 org.apache.flink.streaming.api.datastream.DataStreamSink<T>	(org.apache.flink.api.connector.sink.Sink<T, ?, ?, ?>)	DataStream
f120	METHOD	org.apache.flink.streaming.api.datastream.DataStreamSource	sinkTo			 org.apache.flink.streaming.api.datastream.DataStreamSink<T>	(org.apache.flink.api.connector.sink2.Sink<T>, org.apache.flink.streaming.api.datastream.CustomSinkOperatorUidHashes)	DataStream
f120	METHOD	org.apache.flink.streaming.api.datastream.DataStreamSource	sinkTo			 org.apache.flink.streaming.api.datastream.DataStreamSink<T>	(org.apache.flink.api.connector.sink2.Sink<T>)	DataStream
f120	METHOD	org.apache.flink.streaming.api.datastream.DataStreamSource	slotSharingGroup			 org.apache.flink.streaming.api.datastream.SingleOutputStreamOperator<T>	(java.lang.String)	SingleOutputStreamOperator
f120	METHOD	org.apache.flink.streaming.api.datastream.DataStreamSource	slotSharingGroup			 org.apache.flink.streaming.api.datastream.SingleOutputStreamOperator<T>	(org.apache.flink.api.common.operators.SlotSharingGroup)	SingleOutputStreamOperator
f120	METHOD	org.apache.flink.streaming.api.datastream.DataStreamSource	startNewChain			 org.apache.flink.streaming.api.datastream.SingleOutputStreamOperator<T>	()	SingleOutputStreamOperator
f120	METHOD	org.apache.flink.streaming.api.datastream.DataStreamSource	timeWindowAll		@Deprecated	 org.apache.flink.streaming.api.datastream.AllWindowedStream<T, org.apache.flink.streaming.api.windowing.windows.TimeWindow>	(org.apache.flink.streaming.api.windowing.time.Time, org.apache.flink.streaming.api.windowing.time.Time)	DataStream
f120	METHOD	org.apache.flink.streaming.api.datastream.DataStreamSource	timeWindowAll		@Deprecated	 org.apache.flink.streaming.api.datastream.AllWindowedStream<T, org.apache.flink.streaming.api.windowing.windows.TimeWindow>	(org.apache.flink.streaming.api.windowing.time.Time)	DataStream
f120	METHOD	org.apache.flink.streaming.api.datastream.DataStreamSource	transform			<R> org.apache.flink.streaming.api.datastream.SingleOutputStreamOperator<R>	(java.lang.String, org.apache.flink.api.common.typeinfo.TypeInformation<R>, org.apache.flink.streaming.api.operators.OneInputStreamOperatorFactory<T, R>)	DataStream
f120	METHOD	org.apache.flink.streaming.api.datastream.DataStreamSource	transform			<R> org.apache.flink.streaming.api.datastream.SingleOutputStreamOperator<R>	(java.lang.String, org.apache.flink.api.common.typeinfo.TypeInformation<R>, org.apache.flink.streaming.api.operators.OneInputStreamOperator<T, R>)	DataStream
f120	METHOD	org.apache.flink.streaming.api.datastream.DataStreamSource	uid			 org.apache.flink.streaming.api.datastream.SingleOutputStreamOperator<T>	(java.lang.String)	SingleOutputStreamOperator
f120	METHOD	org.apache.flink.streaming.api.datastream.DataStreamSource	union	final		 org.apache.flink.streaming.api.datastream.DataStream<T>	(org.apache.flink.streaming.api.datastream.DataStream<T>[])	DataStream
f120	METHOD	org.apache.flink.streaming.api.datastream.DataStreamSource	windowAll			<W> org.apache.flink.streaming.api.datastream.AllWindowedStream<T, W>	(org.apache.flink.streaming.api.windowing.assigners.WindowAssigner<? super T, W>)	DataStream
f120	METHOD	org.apache.flink.streaming.api.datastream.DataStreamSource	writeAsCsv		@Deprecated	<X> org.apache.flink.streaming.api.datastream.DataStreamSink<T>	(java.lang.String, org.apache.flink.core.fs.FileSystem$WriteMode, java.lang.String, java.lang.String)	DataStream
f120	METHOD	org.apache.flink.streaming.api.datastream.DataStreamSource	writeAsCsv		@Deprecated	 org.apache.flink.streaming.api.datastream.DataStreamSink<T>	(java.lang.String, org.apache.flink.core.fs.FileSystem$WriteMode)	DataStream
f120	METHOD	org.apache.flink.streaming.api.datastream.DataStreamSource	writeAsCsv		@Deprecated	 org.apache.flink.streaming.api.datastream.DataStreamSink<T>	(java.lang.String)	DataStream
f120	METHOD	org.apache.flink.streaming.api.datastream.DataStreamSource	writeAsText		@Deprecated	 org.apache.flink.streaming.api.datastream.DataStreamSink<T>	(java.lang.String, org.apache.flink.core.fs.FileSystem$WriteMode)	DataStream
f120	METHOD	org.apache.flink.streaming.api.datastream.DataStreamSource	writeAsText		@Deprecated	 org.apache.flink.streaming.api.datastream.DataStreamSink<T>	(java.lang.String)	DataStream
f120	METHOD	org.apache.flink.streaming.api.datastream.DataStreamSource	writeToSocket			 org.apache.flink.streaming.api.datastream.DataStreamSink<T>	(java.lang.String, int, org.apache.flink.api.common.serialization.SerializationSchema<T>)	DataStream
f120	METHOD	org.apache.flink.streaming.api.datastream.DataStreamSource	writeUsingOutputFormat		@Deprecated	 org.apache.flink.streaming.api.datastream.DataStreamSink<T>	(org.apache.flink.api.common.io.OutputFormat<T>)	DataStream
f120	FIELD	org.apache.flink.streaming.api.datastream.DataStreamSource	isParallel	private		boolean		DataStreamSource
f120	FIELD	org.apache.flink.streaming.api.datastream.DataStreamSource	nonParallel	protected		boolean		SingleOutputStreamOperator
f120	FIELD	org.apache.flink.streaming.api.datastream.DataStreamSource	requestedSideOutputs	private		java.util.Map<org.apache.flink.util.OutputTag<?>, org.apache.flink.api.common.typeinfo.TypeInformation<?>>		SingleOutputStreamOperator
f120	FIELD	org.apache.flink.streaming.api.datastream.DataStreamSource	environment	protected final		org.apache.flink.streaming.api.environment.StreamExecutionEnvironment		DataStream
f120	FIELD	org.apache.flink.streaming.api.datastream.DataStreamSource	transformation	protected final		org.apache.flink.api.dag.Transformation<T>		DataStream
f120	CLASS	org.apache.flink.streaming.api.datastream.SideOutputDataStream	-			org.apache.flink.streaming.api.datastream.DataStream<T>		
f120	CTOR	org.apache.flink.streaming.api.datastream.SideOutputDataStream	<init>				(org.apache.flink.streaming.api.environment.StreamExecutionEnvironment, org.apache.flink.streaming.api.transformations.SideOutputTransformation<T>)	
f120	METHOD	org.apache.flink.streaming.api.datastream.SideOutputDataStream	addSink			 org.apache.flink.streaming.api.datastream.DataStreamSink<T>	(org.apache.flink.streaming.api.functions.sink.SinkFunction<T>)	DataStream
f120	METHOD	org.apache.flink.streaming.api.datastream.SideOutputDataStream	assignTimestampsAndWatermarks			 org.apache.flink.streaming.api.datastream.SingleOutputStreamOperator<T>	(org.apache.flink.api.common.eventtime.WatermarkStrategy<T>)	DataStream
f120	METHOD	org.apache.flink.streaming.api.datastream.SideOutputDataStream	assignTimestampsAndWatermarks		@Deprecated	 org.apache.flink.streaming.api.datastream.SingleOutputStreamOperator<T>	(org.apache.flink.streaming.api.functions.AssignerWithPeriodicWatermarks<T>)	DataStream
f120	METHOD	org.apache.flink.streaming.api.datastream.SideOutputDataStream	assignTimestampsAndWatermarks		@Deprecated	 org.apache.flink.streaming.api.datastream.SingleOutputStreamOperator<T>	(org.apache.flink.streaming.api.functions.AssignerWithPunctuatedWatermarks<T>)	DataStream
f120	METHOD	org.apache.flink.streaming.api.datastream.SideOutputDataStream	broadcast			 org.apache.flink.streaming.api.datastream.DataStream<T>	()	DataStream
f120	METHOD	org.apache.flink.streaming.api.datastream.SideOutputDataStream	broadcast			 org.apache.flink.streaming.api.datastream.BroadcastStream<T>	(org.apache.flink.api.common.state.MapStateDescriptor<?, ?>[])	DataStream
f120	METHOD	org.apache.flink.streaming.api.datastream.SideOutputDataStream	cache			 org.apache.flink.streaming.api.datastream.CachedDataStream<T>	()	SideOutputDataStream
f120	METHOD	org.apache.flink.streaming.api.datastream.SideOutputDataStream	clean	 protected		<F> F	(F)	DataStream
f120	METHOD	org.apache.flink.streaming.api.datastream.SideOutputDataStream	coGroup			<T2> org.apache.flink.streaming.api.datastream.CoGroupedStreams<T, T2>	(org.apache.flink.streaming.api.datastream.DataStream<T2>)	DataStream
f120	METHOD	org.apache.flink.streaming.api.datastream.SideOutputDataStream	collectAsync			 org.apache.flink.util.CloseableIterator<T>	()	DataStream
f120	METHOD	org.apache.flink.streaming.api.datastream.SideOutputDataStream	collectAsync			 void	(org.apache.flink.streaming.api.datastream.DataStream$Collector<T>)	DataStream
f120	METHOD	org.apache.flink.streaming.api.datastream.SideOutputDataStream	connect			<R> org.apache.flink.streaming.api.datastream.BroadcastConnectedStream<T, R>	(org.apache.flink.streaming.api.datastream.BroadcastStream<R>)	DataStream
f120	METHOD	org.apache.flink.streaming.api.datastream.SideOutputDataStream	connect			<R> org.apache.flink.streaming.api.datastream.ConnectedStreams<T, R>	(org.apache.flink.streaming.api.datastream.DataStream<R>)	DataStream
f120	METHOD	org.apache.flink.streaming.api.datastream.SideOutputDataStream	countWindowAll			 org.apache.flink.streaming.api.datastream.AllWindowedStream<T, org.apache.flink.streaming.api.windowing.windows.GlobalWindow>	(long, long)	DataStream
f120	METHOD	org.apache.flink.streaming.api.datastream.SideOutputDataStream	countWindowAll			 org.apache.flink.streaming.api.datastream.AllWindowedStream<T, org.apache.flink.streaming.api.windowing.windows.GlobalWindow>	(long)	DataStream
f120	METHOD	org.apache.flink.streaming.api.datastream.SideOutputDataStream	doTransform	 protected		<R> org.apache.flink.streaming.api.datastream.SingleOutputStreamOperator<R>	(java.lang.String, org.apache.flink.api.common.typeinfo.TypeInformation<R>, org.apache.flink.streaming.api.operators.StreamOperatorFactory<R>)	DataStream
f120	METHOD	org.apache.flink.streaming.api.datastream.SideOutputDataStream	executeAndCollect			 org.apache.flink.util.CloseableIterator<T>	()	DataStream
f120	METHOD	org.apache.flink.streaming.api.datastream.SideOutputDataStream	executeAndCollect			 java.util.List<T>	(java.lang.String, int)	DataStream
f120	METHOD	org.apache.flink.streaming.api.datastream.SideOutputDataStream	executeAndCollect			 org.apache.flink.util.CloseableIterator<T>	(java.lang.String)	DataStream
f120	METHOD	org.apache.flink.streaming.api.datastream.SideOutputDataStream	executeAndCollect			 java.util.List<T>	(int)	DataStream
f120	METHOD	org.apache.flink.streaming.api.datastream.SideOutputDataStream	filter			 org.apache.flink.streaming.api.datastream.SingleOutputStreamOperator<T>	(org.apache.flink.api.common.functions.FilterFunction<T>)	DataStream
f120	METHOD	org.apache.flink.streaming.api.datastream.SideOutputDataStream	flatMap			<R> org.apache.flink.streaming.api.datastream.SingleOutputStreamOperator<R>	(org.apache.flink.api.common.functions.FlatMapFunction<T, R>, org.apache.flink.api.common.typeinfo.TypeInformation<R>)	DataStream
f120	METHOD	org.apache.flink.streaming.api.datastream.SideOutputDataStream	flatMap			<R> org.apache.flink.streaming.api.datastream.SingleOutputStreamOperator<R>	(org.apache.flink.api.common.functions.FlatMapFunction<T, R>)	DataStream
f120	METHOD	org.apache.flink.streaming.api.datastream.SideOutputDataStream	forward			 org.apache.flink.streaming.api.datastream.DataStream<T>	()	DataStream
f120	METHOD	org.apache.flink.streaming.api.datastream.SideOutputDataStream	fullWindowPartition			 org.apache.flink.streaming.api.datastream.PartitionWindowedStream<T>	()	DataStream
f120	METHOD	org.apache.flink.streaming.api.datastream.SideOutputDataStream	getExecutionConfig			 org.apache.flink.api.common.ExecutionConfig	()	DataStream
f120	METHOD	org.apache.flink.streaming.api.datastream.SideOutputDataStream	getExecutionEnvironment			 org.apache.flink.streaming.api.environment.StreamExecutionEnvironment	()	DataStream
f120	METHOD	org.apache.flink.streaming.api.datastream.SideOutputDataStream	getId			 int	()	DataStream
f120	METHOD	org.apache.flink.streaming.api.datastream.SideOutputDataStream	getMinResources			 org.apache.flink.api.common.operators.ResourceSpec	()	DataStream
f120	METHOD	org.apache.flink.streaming.api.datastream.SideOutputDataStream	getParallelism			 int	()	DataStream
f120	METHOD	org.apache.flink.streaming.api.datastream.SideOutputDataStream	getPreferredResources			 org.apache.flink.api.common.operators.ResourceSpec	()	DataStream
f120	METHOD	org.apache.flink.streaming.api.datastream.SideOutputDataStream	getTransformation			 org.apache.flink.api.dag.Transformation<T>	()	DataStream
f120	METHOD	org.apache.flink.streaming.api.datastream.SideOutputDataStream	getType			 org.apache.flink.api.common.typeinfo.TypeInformation<T>	()	DataStream
f120	METHOD	org.apache.flink.streaming.api.datastream.SideOutputDataStream	global			 org.apache.flink.streaming.api.datastream.DataStream<T>	()	DataStream
f120	METHOD	org.apache.flink.streaming.api.datastream.SideOutputDataStream	iterate		@Deprecated	 org.apache.flink.streaming.api.datastream.IterativeStream<T>	()	DataStream
f120	METHOD	org.apache.flink.streaming.api.datastream.SideOutputDataStream	iterate		@Deprecated	 org.apache.flink.streaming.api.datastream.IterativeStream<T>	(long)	DataStream
f120	METHOD	org.apache.flink.streaming.api.datastream.SideOutputDataStream	join			<T2> org.apache.flink.streaming.api.datastream.JoinedStreams<T, T2>	(org.apache.flink.streaming.api.datastream.DataStream<T2>)	DataStream
f120	METHOD	org.apache.flink.streaming.api.datastream.SideOutputDataStream	keyBy		@Deprecated	 org.apache.flink.streaming.api.datastream.KeyedStream<T, org.apache.flink.api.java.tuple.Tuple>	(int[])	DataStream
f120	METHOD	org.apache.flink.streaming.api.datastream.SideOutputDataStream	keyBy		@Deprecated	 org.apache.flink.streaming.api.datastream.KeyedStream<T, org.apache.flink.api.java.tuple.Tuple>	(java.lang.String[])	DataStream
f120	METHOD	org.apache.flink.streaming.api.datastream.SideOutputDataStream	keyBy			<K> org.apache.flink.streaming.api.datastream.KeyedStream<T, K>	(org.apache.flink.api.java.functions.KeySelector<T, K>, org.apache.flink.api.common.typeinfo.TypeInformation<K>)	DataStream
f120	METHOD	org.apache.flink.streaming.api.datastream.SideOutputDataStream	keyBy			<K> org.apache.flink.streaming.api.datastream.KeyedStream<T, K>	(org.apache.flink.api.java.functions.KeySelector<T, K>)	DataStream
f120	METHOD	org.apache.flink.streaming.api.datastream.SideOutputDataStream	map			<R> org.apache.flink.streaming.api.datastream.SingleOutputStreamOperator<R>	(org.apache.flink.api.common.functions.MapFunction<T, R>, org.apache.flink.api.common.typeinfo.TypeInformation<R>)	DataStream
f120	METHOD	org.apache.flink.streaming.api.datastream.SideOutputDataStream	map			<R> org.apache.flink.streaming.api.datastream.SingleOutputStreamOperator<R>	(org.apache.flink.api.common.functions.MapFunction<T, R>)	DataStream
f120	METHOD	org.apache.flink.streaming.api.datastream.SideOutputDataStream	partitionCustom		@Deprecated	<K> org.apache.flink.streaming.api.datastream.DataStream<T>	(org.apache.flink.api.common.functions.Partitioner<K>, java.lang.String)	DataStream
f120	METHOD	org.apache.flink.streaming.api.datastream.SideOutputDataStream	partitionCustom		@Deprecated	<K> org.apache.flink.streaming.api.datastream.DataStream<T>	(org.apache.flink.api.common.functions.Partitioner<K>, int)	DataStream
f120	METHOD	org.apache.flink.streaming.api.datastream.SideOutputDataStream	partitionCustom			<K> org.apache.flink.streaming.api.datastream.DataStream<T>	(org.apache.flink.api.common.functions.Partitioner<K>, org.apache.flink.api.java.functions.KeySelector<T, K>)	DataStream
f120	METHOD	org.apache.flink.streaming.api.datastream.SideOutputDataStream	printToErr			 org.apache.flink.streaming.api.datastream.DataStreamSink<T>	()	DataStream
f120	METHOD	org.apache.flink.streaming.api.datastream.SideOutputDataStream	printToErr			 org.apache.flink.streaming.api.datastream.DataStreamSink<T>	(java.lang.String)	DataStream
f120	METHOD	org.apache.flink.streaming.api.datastream.SideOutputDataStream	print			 org.apache.flink.streaming.api.datastream.DataStreamSink<T>	()	DataStream
f120	METHOD	org.apache.flink.streaming.api.datastream.SideOutputDataStream	print			 org.apache.flink.streaming.api.datastream.DataStreamSink<T>	(java.lang.String)	DataStream
f120	METHOD	org.apache.flink.streaming.api.datastream.SideOutputDataStream	process			<R> org.apache.flink.streaming.api.datastream.SingleOutputStreamOperator<R>	(org.apache.flink.streaming.api.functions.ProcessFunction<T, R>, org.apache.flink.api.common.typeinfo.TypeInformation<R>)	DataStream
f120	METHOD	org.apache.flink.streaming.api.datastream.SideOutputDataStream	process			<R> org.apache.flink.streaming.api.datastream.SingleOutputStreamOperator<R>	(org.apache.flink.streaming.api.functions.ProcessFunction<T, R>)	DataStream
f120	METHOD	org.apache.flink.streaming.api.datastream.SideOutputDataStream	project			<R> org.apache.flink.streaming.api.datastream.SingleOutputStreamOperator<R>	(int[])	DataStream
f120	METHOD	org.apache.flink.streaming.api.datastream.SideOutputDataStream	rebalance			 org.apache.flink.streaming.api.datastream.DataStream<T>	()	DataStream
f120	METHOD	org.apache.flink.streaming.api.datastream.SideOutputDataStream	rescale			 org.apache.flink.streaming.api.datastream.DataStream<T>	()	DataStream
f120	METHOD	org.apache.flink.streaming.api.datastream.SideOutputDataStream	setConnectionType	 protected		 org.apache.flink.streaming.api.datastream.DataStream<T>	(org.apache.flink.streaming.runtime.partitioner.StreamPartitioner<T>)	DataStream
f120	METHOD	org.apache.flink.streaming.api.datastream.SideOutputDataStream	shuffle			 org.apache.flink.streaming.api.datastream.DataStream<T>	()	DataStream
f120	METHOD	org.apache.flink.streaming.api.datastream.SideOutputDataStream	sinkTo			 org.apache.flink.streaming.api.datastream.DataStreamSink<T>	(org.apache.flink.api.connector.sink.Sink<T, ?, ?, ?>, org.apache.flink.streaming.api.datastream.CustomSinkOperatorUidHashes)	DataStream
f120	METHOD	org.apache.flink.streaming.api.datastream.SideOutputDataStream	sinkTo			 org.apache.flink.streaming.api.datastream.DataStreamSink<T>	(org.apache.flink.api.connector.sink.Sink<T, ?, ?, ?>)	DataStream
f120	METHOD	org.apache.flink.streaming.api.datastream.SideOutputDataStream	sinkTo			 org.apache.flink.streaming.api.datastream.DataStreamSink<T>	(org.apache.flink.api.connector.sink2.Sink<T>, org.apache.flink.streaming.api.datastream.CustomSinkOperatorUidHashes)	DataStream
f120	METHOD	org.apache.flink.streaming.api.datastream.SideOutputDataStream	sinkTo			 org.apache.flink.streaming.api.datastream.DataStreamSink<T>	(org.apache.flink.api.connector.sink2.Sink<T>)	DataStream
f120	METHOD	org.apache.flink.streaming.api.datastream.SideOutputDataStream	timeWindowAll		@Deprecated	 org.apache.flink.streaming.api.datastream.AllWindowedStream<T, org.apache.flink.streaming.api.windowing.windows.TimeWindow>	(org.apache.flink.streaming.api.windowing.time.Time, org.apache.flink.streaming.api.windowing.time.Time)	DataStream
f120	METHOD	org.apache.flink.streaming.api.datastream.SideOutputDataStream	timeWindowAll		@Deprecated	 org.apache.flink.streaming.api.datastream.AllWindowedStream<T, org.apache.flink.streaming.api.windowing.windows.TimeWindow>	(org.apache.flink.streaming.api.windowing.time.Time)	DataStream
f120	METHOD	org.apache.flink.streaming.api.datastream.SideOutputDataStream	transform			<R> org.apache.flink.streaming.api.datastream.SingleOutputStreamOperator<R>	(java.lang.String, org.apache.flink.api.common.typeinfo.TypeInformation<R>, org.apache.flink.streaming.api.operators.OneInputStreamOperatorFactory<T, R>)	DataStream
f120	METHOD	org.apache.flink.streaming.api.datastream.SideOutputDataStream	transform			<R> org.apache.flink.streaming.api.datastream.SingleOutputStreamOperator<R>	(java.lang.String, org.apache.flink.api.common.typeinfo.TypeInformation<R>, org.apache.flink.streaming.api.operators.OneInputStreamOperator<T, R>)	DataStream
f120	METHOD	org.apache.flink.streaming.api.datastream.SideOutputDataStream	union	final		 org.apache.flink.streaming.api.datastream.DataStream<T>	(org.apache.flink.streaming.api.datastream.DataStream<T>[])	DataStream
f120	METHOD	org.apache.flink.streaming.api.datastream.SideOutputDataStream	windowAll			<W> org.apache.flink.streaming.api.datastream.AllWindowedStream<T, W>	(org.apache.flink.streaming.api.windowing.assigners.WindowAssigner<? super T, W>)	DataStream
f120	METHOD	org.apache.flink.streaming.api.datastream.SideOutputDataStream	writeAsCsv		@Deprecated	<X> org.apache.flink.streaming.api.datastream.DataStreamSink<T>	(java.lang.String, org.apache.flink.core.fs.FileSystem$WriteMode, java.lang.String, java.lang.String)	DataStream
f120	METHOD	org.apache.flink.streaming.api.datastream.SideOutputDataStream	writeAsCsv		@Deprecated	 org.apache.flink.streaming.api.datastream.DataStreamSink<T>	(java.lang.String, org.apache.flink.core.fs.FileSystem$WriteMode)	DataStream
f120	METHOD	org.apache.flink.streaming.api.datastream.SideOutputDataStream	writeAsCsv		@Deprecated	 org.apache.flink.streaming.api.datastream.DataStreamSink<T>	(java.lang.String)	DataStream
f120	METHOD	org.apache.flink.streaming.api.datastream.SideOutputDataStream	writeAsText		@Deprecated	 org.apache.flink.streaming.api.datastream.DataStreamSink<T>	(java.lang.String, org.apache.flink.core.fs.FileSystem$WriteMode)	DataStream
f120	METHOD	org.apache.flink.streaming.api.datastream.SideOutputDataStream	writeAsText		@Deprecated	 org.apache.flink.streaming.api.datastream.DataStreamSink<T>	(java.lang.String)	DataStream
f120	METHOD	org.apache.flink.streaming.api.datastream.SideOutputDataStream	writeToSocket			 org.apache.flink.streaming.api.datastream.DataStreamSink<T>	(java.lang.String, int, org.apache.flink.api.common.serialization.SerializationSchema<T>)	DataStream
f120	METHOD	org.apache.flink.streaming.api.datastream.SideOutputDataStream	writeUsingOutputFormat		@Deprecated	 org.apache.flink.streaming.api.datastream.DataStreamSink<T>	(org.apache.flink.api.common.io.OutputFormat<T>)	DataStream
f120	FIELD	org.apache.flink.streaming.api.datastream.SideOutputDataStream	environment	protected final		org.apache.flink.streaming.api.environment.StreamExecutionEnvironment		DataStream
f120	FIELD	org.apache.flink.streaming.api.datastream.SideOutputDataStream	transformation	protected final		org.apache.flink.api.dag.Transformation<T>		DataStream
f120	CLASS	org.apache.flink.streaming.api.datastream.ConnectedStreams	-			class java.lang.Object		
f120	CTOR	org.apache.flink.streaming.api.datastream.ConnectedStreams	<init>				(org.apache.flink.streaming.api.environment.StreamExecutionEnvironment, org.apache.flink.streaming.api.datastream.DataStream<IN1>, org.apache.flink.streaming.api.datastream.DataStream<IN2>)	
f120	METHOD	org.apache.flink.streaming.api.datastream.ConnectedStreams	flatMap			<R> org.apache.flink.streaming.api.datastream.SingleOutputStreamOperator<R>	(org.apache.flink.streaming.api.functions.co.CoFlatMapFunction<IN1, IN2, R>, org.apache.flink.api.common.typeinfo.TypeInformation<R>)	ConnectedStreams
f120	METHOD	org.apache.flink.streaming.api.datastream.ConnectedStreams	flatMap			<R> org.apache.flink.streaming.api.datastream.SingleOutputStreamOperator<R>	(org.apache.flink.streaming.api.functions.co.CoFlatMapFunction<IN1, IN2, R>)	ConnectedStreams
f120	METHOD	org.apache.flink.streaming.api.datastream.ConnectedStreams	getExecutionEnvironment			 org.apache.flink.streaming.api.environment.StreamExecutionEnvironment	()	ConnectedStreams
f120	METHOD	org.apache.flink.streaming.api.datastream.ConnectedStreams	getFirstInput			 org.apache.flink.streaming.api.datastream.DataStream<IN1>	()	ConnectedStreams
f120	METHOD	org.apache.flink.streaming.api.datastream.ConnectedStreams	getSecondInput			 org.apache.flink.streaming.api.datastream.DataStream<IN2>	()	ConnectedStreams
f120	METHOD	org.apache.flink.streaming.api.datastream.ConnectedStreams	getType1			 org.apache.flink.api.common.typeinfo.TypeInformation<IN1>	()	ConnectedStreams
f120	METHOD	org.apache.flink.streaming.api.datastream.ConnectedStreams	getType2			 org.apache.flink.api.common.typeinfo.TypeInformation<IN2>	()	ConnectedStreams
f120	METHOD	org.apache.flink.streaming.api.datastream.ConnectedStreams	keyBy			 org.apache.flink.streaming.api.datastream.ConnectedStreams<IN1, IN2>	(int[], int[])	ConnectedStreams
f120	METHOD	org.apache.flink.streaming.api.datastream.ConnectedStreams	keyBy			 org.apache.flink.streaming.api.datastream.ConnectedStreams<IN1, IN2>	(java.lang.String[], java.lang.String[])	ConnectedStreams
f120	METHOD	org.apache.flink.streaming.api.datastream.ConnectedStreams	keyBy			 org.apache.flink.streaming.api.datastream.ConnectedStreams<IN1, IN2>	(java.lang.String, java.lang.String)	ConnectedStreams
f120	METHOD	org.apache.flink.streaming.api.datastream.ConnectedStreams	keyBy			 org.apache.flink.streaming.api.datastream.ConnectedStreams<IN1, IN2>	(int, int)	ConnectedStreams
f120	METHOD	org.apache.flink.streaming.api.datastream.ConnectedStreams	keyBy			<KEY> org.apache.flink.streaming.api.datastream.ConnectedStreams<IN1, IN2>	(org.apache.flink.api.java.functions.KeySelector<IN1, KEY>, org.apache.flink.api.java.functions.KeySelector<IN2, KEY>, org.apache.flink.api.common.typeinfo.TypeInformation<KEY>)	ConnectedStreams
f120	METHOD	org.apache.flink.streaming.api.datastream.ConnectedStreams	keyBy			<KEY> org.apache.flink.streaming.api.datastream.ConnectedStreams<IN1, IN2>	(org.apache.flink.api.java.functions.KeySelector<IN1, KEY>, org.apache.flink.api.java.functions.KeySelector<IN2, KEY>)	ConnectedStreams
f120	METHOD	org.apache.flink.streaming.api.datastream.ConnectedStreams	map			<R> org.apache.flink.streaming.api.datastream.SingleOutputStreamOperator<R>	(org.apache.flink.streaming.api.functions.co.CoMapFunction<IN1, IN2, R>, org.apache.flink.api.common.typeinfo.TypeInformation<R>)	ConnectedStreams
f120	METHOD	org.apache.flink.streaming.api.datastream.ConnectedStreams	map			<R> org.apache.flink.streaming.api.datastream.SingleOutputStreamOperator<R>	(org.apache.flink.streaming.api.functions.co.CoMapFunction<IN1, IN2, R>)	ConnectedStreams
f120	METHOD	org.apache.flink.streaming.api.datastream.ConnectedStreams	process			<R> org.apache.flink.streaming.api.datastream.SingleOutputStreamOperator<R>	(org.apache.flink.streaming.api.functions.co.CoProcessFunction<IN1, IN2, R>, org.apache.flink.api.common.typeinfo.TypeInformation<R>)	ConnectedStreams
f120	METHOD	org.apache.flink.streaming.api.datastream.ConnectedStreams	process			<R> org.apache.flink.streaming.api.datastream.SingleOutputStreamOperator<R>	(org.apache.flink.streaming.api.functions.co.CoProcessFunction<IN1, IN2, R>)	ConnectedStreams
f120	METHOD	org.apache.flink.streaming.api.datastream.ConnectedStreams	process			<K,R> org.apache.flink.streaming.api.datastream.SingleOutputStreamOperator<R>	(org.apache.flink.streaming.api.functions.co.KeyedCoProcessFunction<K, IN1, IN2, R>, org.apache.flink.api.common.typeinfo.TypeInformation<R>)	ConnectedStreams
f120	METHOD	org.apache.flink.streaming.api.datastream.ConnectedStreams	process			<K,R> org.apache.flink.streaming.api.datastream.SingleOutputStreamOperator<R>	(org.apache.flink.streaming.api.functions.co.KeyedCoProcessFunction<K, IN1, IN2, R>)	ConnectedStreams
f120	METHOD	org.apache.flink.streaming.api.datastream.ConnectedStreams	transform			<R> org.apache.flink.streaming.api.datastream.SingleOutputStreamOperator<R>	(java.lang.String, org.apache.flink.api.common.typeinfo.TypeInformation<R>, org.apache.flink.streaming.api.operators.TwoInputStreamOperatorFactory<IN1, IN2, R>)	ConnectedStreams
f120	METHOD	org.apache.flink.streaming.api.datastream.ConnectedStreams	transform			<R> org.apache.flink.streaming.api.datastream.SingleOutputStreamOperator<R>	(java.lang.String, org.apache.flink.api.common.typeinfo.TypeInformation<R>, org.apache.flink.streaming.api.operators.TwoInputStreamOperator<IN1, IN2, R>)	ConnectedStreams
f120	FIELD	org.apache.flink.streaming.api.datastream.ConnectedStreams	environment	protected final		org.apache.flink.streaming.api.environment.StreamExecutionEnvironment		ConnectedStreams
f120	FIELD	org.apache.flink.streaming.api.datastream.ConnectedStreams	inputStream1	protected final		org.apache.flink.streaming.api.datastream.DataStream<IN1>		ConnectedStreams
f120	FIELD	org.apache.flink.streaming.api.datastream.ConnectedStreams	inputStream2	protected final		org.apache.flink.streaming.api.datastream.DataStream<IN2>		ConnectedStreams
f120	CLASS	org.apache.flink.streaming.api.datastream.BroadcastConnectedStream	-			class java.lang.Object		
f120	CTOR	org.apache.flink.streaming.api.datastream.BroadcastConnectedStream	<init>				(org.apache.flink.streaming.api.environment.StreamExecutionEnvironment, org.apache.flink.streaming.api.datastream.DataStream<IN1>, org.apache.flink.streaming.api.datastream.BroadcastStream<IN2>, java.util.List<org.apache.flink.api.common.state.MapStateDescriptor<?, ?>>)	
f120	METHOD	org.apache.flink.streaming.api.datastream.BroadcastConnectedStream	clean	 protected		<F> F	(F)	BroadcastConnectedStream
f120	METHOD	org.apache.flink.streaming.api.datastream.BroadcastConnectedStream	getExecutionEnvironment			 org.apache.flink.streaming.api.environment.StreamExecutionEnvironment	()	BroadcastConnectedStream
f120	METHOD	org.apache.flink.streaming.api.datastream.BroadcastConnectedStream	getFirstInput			 org.apache.flink.streaming.api.datastream.DataStream<IN1>	()	BroadcastConnectedStream
f120	METHOD	org.apache.flink.streaming.api.datastream.BroadcastConnectedStream	getSecondInput			 org.apache.flink.streaming.api.datastream.BroadcastStream<IN2>	()	BroadcastConnectedStream
f120	METHOD	org.apache.flink.streaming.api.datastream.BroadcastConnectedStream	getType1			 org.apache.flink.api.common.typeinfo.TypeInformation<IN1>	()	BroadcastConnectedStream
f120	METHOD	org.apache.flink.streaming.api.datastream.BroadcastConnectedStream	getType2			 org.apache.flink.api.common.typeinfo.TypeInformation<IN2>	()	BroadcastConnectedStream
f120	METHOD	org.apache.flink.streaming.api.datastream.BroadcastConnectedStream	process			<OUT> org.apache.flink.streaming.api.datastream.SingleOutputStreamOperator<OUT>	(org.apache.flink.streaming.api.functions.co.BroadcastProcessFunction<IN1, IN2, OUT>, org.apache.flink.api.common.typeinfo.TypeInformation<OUT>)	BroadcastConnectedStream
f120	METHOD	org.apache.flink.streaming.api.datastream.BroadcastConnectedStream	process			<OUT> org.apache.flink.streaming.api.datastream.SingleOutputStreamOperator<OUT>	(org.apache.flink.streaming.api.functions.co.BroadcastProcessFunction<IN1, IN2, OUT>)	BroadcastConnectedStream
f120	METHOD	org.apache.flink.streaming.api.datastream.BroadcastConnectedStream	process			<KEY,OUT> org.apache.flink.streaming.api.datastream.SingleOutputStreamOperator<OUT>	(org.apache.flink.streaming.api.functions.co.KeyedBroadcastProcessFunction<KEY, IN1, IN2, OUT>, org.apache.flink.api.common.typeinfo.TypeInformation<OUT>)	BroadcastConnectedStream
f120	METHOD	org.apache.flink.streaming.api.datastream.BroadcastConnectedStream	process			<KEY,OUT> org.apache.flink.streaming.api.datastream.SingleOutputStreamOperator<OUT>	(org.apache.flink.streaming.api.functions.co.KeyedBroadcastProcessFunction<KEY, IN1, IN2, OUT>)	BroadcastConnectedStream
f120	FIELD	org.apache.flink.streaming.api.datastream.BroadcastConnectedStream	environment	private final		org.apache.flink.streaming.api.environment.StreamExecutionEnvironment		BroadcastConnectedStream
f120	FIELD	org.apache.flink.streaming.api.datastream.BroadcastConnectedStream	nonBroadcastStream	private final		org.apache.flink.streaming.api.datastream.DataStream<IN1>		BroadcastConnectedStream
f120	FIELD	org.apache.flink.streaming.api.datastream.BroadcastConnectedStream	broadcastStream	private final		org.apache.flink.streaming.api.datastream.BroadcastStream<IN2>		BroadcastConnectedStream
f120	FIELD	org.apache.flink.streaming.api.datastream.BroadcastConnectedStream	broadcastStateDescriptors	private final		java.util.List<org.apache.flink.api.common.state.MapStateDescriptor<?, ?>>		BroadcastConnectedStream
f120	CLASS	org.apache.flink.streaming.api.datastream.BroadcastStream	-			class java.lang.Object		
f120	CTOR	org.apache.flink.streaming.api.datastream.BroadcastStream	<init>				(org.apache.flink.streaming.api.environment.StreamExecutionEnvironment, org.apache.flink.streaming.api.datastream.DataStream<T>, org.apache.flink.api.common.state.MapStateDescriptor<?, ?>[])	
f120	METHOD	org.apache.flink.streaming.api.datastream.BroadcastStream	clean			<F> F	(F)	BroadcastStream
f120	METHOD	org.apache.flink.streaming.api.datastream.BroadcastStream	getBroadcastStateDescriptors			 java.util.List<org.apache.flink.api.common.state.MapStateDescriptor<?, ?>>	()	BroadcastStream
f120	METHOD	org.apache.flink.streaming.api.datastream.BroadcastStream	getEnvironment			 org.apache.flink.streaming.api.environment.StreamExecutionEnvironment	()	BroadcastStream
f120	METHOD	org.apache.flink.streaming.api.datastream.BroadcastStream	getTransformation			 org.apache.flink.api.dag.Transformation<T>	()	BroadcastStream
f120	METHOD	org.apache.flink.streaming.api.datastream.BroadcastStream	getType			 org.apache.flink.api.common.typeinfo.TypeInformation<T>	()	BroadcastStream
f120	FIELD	org.apache.flink.streaming.api.datastream.BroadcastStream	environment	private final		org.apache.flink.streaming.api.environment.StreamExecutionEnvironment		BroadcastStream
f120	FIELD	org.apache.flink.streaming.api.datastream.BroadcastStream	inputStream	private final		org.apache.flink.streaming.api.datastream.DataStream<T>		BroadcastStream
f120	FIELD	org.apache.flink.streaming.api.datastream.BroadcastStream	broadcastStateDescriptors	private final		java.util.List<org.apache.flink.api.common.state.MapStateDescriptor<?, ?>>		BroadcastStream
f120	CLASS	org.apache.flink.streaming.api.datastream.WindowedStream	-			class java.lang.Object		
f120	CTOR	org.apache.flink.streaming.api.datastream.WindowedStream	<init>				(org.apache.flink.streaming.api.datastream.KeyedStream<T, K>, org.apache.flink.streaming.api.windowing.assigners.WindowAssigner<? super T, W>)	
f120	METHOD	org.apache.flink.streaming.api.datastream.WindowedStream	aggregate			<ACC,R> org.apache.flink.streaming.api.datastream.SingleOutputStreamOperator<R>	(org.apache.flink.api.common.functions.AggregateFunction<T, ACC, R>, org.apache.flink.api.common.typeinfo.TypeInformation<ACC>, org.apache.flink.api.common.typeinfo.TypeInformation<R>)	WindowedStream
f120	METHOD	org.apache.flink.streaming.api.datastream.WindowedStream	aggregate			<ACC,V,R> org.apache.flink.streaming.api.datastream.SingleOutputStreamOperator<R>	(org.apache.flink.api.common.functions.AggregateFunction<T, ACC, V>, org.apache.flink.streaming.api.functions.windowing.ProcessWindowFunction<V, R, K, W>, org.apache.flink.api.common.typeinfo.TypeInformation<ACC>, org.apache.flink.api.common.typeinfo.TypeInformation<V>, org.apache.flink.api.common.typeinfo.TypeInformation<R>)	WindowedStream
f120	METHOD	org.apache.flink.streaming.api.datastream.WindowedStream	aggregate			<ACC,V,R> org.apache.flink.streaming.api.datastream.SingleOutputStreamOperator<R>	(org.apache.flink.api.common.functions.AggregateFunction<T, ACC, V>, org.apache.flink.streaming.api.functions.windowing.ProcessWindowFunction<V, R, K, W>)	WindowedStream
f120	METHOD	org.apache.flink.streaming.api.datastream.WindowedStream	aggregate			<ACC,V,R> org.apache.flink.streaming.api.datastream.SingleOutputStreamOperator<R>	(org.apache.flink.api.common.functions.AggregateFunction<T, ACC, V>, org.apache.flink.streaming.api.functions.windowing.WindowFunction<V, R, K, W>, org.apache.flink.api.common.typeinfo.TypeInformation<ACC>, org.apache.flink.api.common.typeinfo.TypeInformation<R>)	WindowedStream
f120	METHOD	org.apache.flink.streaming.api.datastream.WindowedStream	aggregate			<ACC,V,R> org.apache.flink.streaming.api.datastream.SingleOutputStreamOperator<R>	(org.apache.flink.api.common.functions.AggregateFunction<T, ACC, V>, org.apache.flink.streaming.api.functions.windowing.WindowFunction<V, R, K, W>)	WindowedStream
f120	METHOD	org.apache.flink.streaming.api.datastream.WindowedStream	aggregate			<ACC,R> org.apache.flink.streaming.api.datastream.SingleOutputStreamOperator<R>	(org.apache.flink.api.common.functions.AggregateFunction<T, ACC, R>)	WindowedStream
f120	METHOD	org.apache.flink.streaming.api.datastream.WindowedStream	allowedLateness			 org.apache.flink.streaming.api.datastream.WindowedStream<T, K, W>	(java.time.Duration)	WindowedStream
f120	METHOD	org.apache.flink.streaming.api.datastream.WindowedStream	allowedLateness		@Deprecated	 org.apache.flink.streaming.api.datastream.WindowedStream<T, K, W>	(org.apache.flink.streaming.api.windowing.time.Time)	WindowedStream
f120	METHOD	org.apache.flink.streaming.api.datastream.WindowedStream	apply		@Deprecated	<R> org.apache.flink.streaming.api.datastream.SingleOutputStreamOperator<R>	(org.apache.flink.api.common.functions.ReduceFunction<T>, org.apache.flink.streaming.api.functions.windowing.WindowFunction<T, R, K, W>, org.apache.flink.api.common.typeinfo.TypeInformation<R>)	WindowedStream
f120	METHOD	org.apache.flink.streaming.api.datastream.WindowedStream	apply		@Deprecated	<R> org.apache.flink.streaming.api.datastream.SingleOutputStreamOperator<R>	(org.apache.flink.api.common.functions.ReduceFunction<T>, org.apache.flink.streaming.api.functions.windowing.WindowFunction<T, R, K, W>)	WindowedStream
f120	METHOD	org.apache.flink.streaming.api.datastream.WindowedStream	apply			<R> org.apache.flink.streaming.api.datastream.SingleOutputStreamOperator<R>	(org.apache.flink.streaming.api.functions.windowing.WindowFunction<T, R, K, W>, org.apache.flink.api.common.typeinfo.TypeInformation<R>)	WindowedStream
f120	METHOD	org.apache.flink.streaming.api.datastream.WindowedStream	apply			<R> org.apache.flink.streaming.api.datastream.SingleOutputStreamOperator<R>	(org.apache.flink.streaming.api.functions.windowing.WindowFunction<T, R, K, W>)	WindowedStream
f120	METHOD	org.apache.flink.streaming.api.datastream.WindowedStream	evictor			 org.apache.flink.streaming.api.datastream.WindowedStream<T, K, W>	(org.apache.flink.streaming.api.windowing.evictors.Evictor<? super T, ? super W>)	WindowedStream
f120	METHOD	org.apache.flink.streaming.api.datastream.WindowedStream	getExecutionEnvironment			 org.apache.flink.streaming.api.environment.StreamExecutionEnvironment	()	WindowedStream
f120	METHOD	org.apache.flink.streaming.api.datastream.WindowedStream	getInputType			 org.apache.flink.api.common.typeinfo.TypeInformation<T>	()	WindowedStream
f120	METHOD	org.apache.flink.streaming.api.datastream.WindowedStream	maxBy			 org.apache.flink.streaming.api.datastream.SingleOutputStreamOperator<T>	(java.lang.String, boolean)	WindowedStream
f120	METHOD	org.apache.flink.streaming.api.datastream.WindowedStream	maxBy			 org.apache.flink.streaming.api.datastream.SingleOutputStreamOperator<T>	(java.lang.String)	WindowedStream
f120	METHOD	org.apache.flink.streaming.api.datastream.WindowedStream	maxBy			 org.apache.flink.streaming.api.datastream.SingleOutputStreamOperator<T>	(int, boolean)	WindowedStream
f120	METHOD	org.apache.flink.streaming.api.datastream.WindowedStream	maxBy			 org.apache.flink.streaming.api.datastream.SingleOutputStreamOperator<T>	(int)	WindowedStream
f120	METHOD	org.apache.flink.streaming.api.datastream.WindowedStream	max			 org.apache.flink.streaming.api.datastream.SingleOutputStreamOperator<T>	(java.lang.String)	WindowedStream
f120	METHOD	org.apache.flink.streaming.api.datastream.WindowedStream	max			 org.apache.flink.streaming.api.datastream.SingleOutputStreamOperator<T>	(int)	WindowedStream
f120	METHOD	org.apache.flink.streaming.api.datastream.WindowedStream	minBy			 org.apache.flink.streaming.api.datastream.SingleOutputStreamOperator<T>	(java.lang.String, boolean)	WindowedStream
f120	METHOD	org.apache.flink.streaming.api.datastream.WindowedStream	minBy			 org.apache.flink.streaming.api.datastream.SingleOutputStreamOperator<T>	(java.lang.String)	WindowedStream
f120	METHOD	org.apache.flink.streaming.api.datastream.WindowedStream	minBy			 org.apache.flink.streaming.api.datastream.SingleOutputStreamOperator<T>	(int, boolean)	WindowedStream
f120	METHOD	org.apache.flink.streaming.api.datastream.WindowedStream	minBy			 org.apache.flink.streaming.api.datastream.SingleOutputStreamOperator<T>	(int)	WindowedStream
f120	METHOD	org.apache.flink.streaming.api.datastream.WindowedStream	min			 org.apache.flink.streaming.api.datastream.SingleOutputStreamOperator<T>	(java.lang.String)	WindowedStream
f120	METHOD	org.apache.flink.streaming.api.datastream.WindowedStream	min			 org.apache.flink.streaming.api.datastream.SingleOutputStreamOperator<T>	(int)	WindowedStream
f120	METHOD	org.apache.flink.streaming.api.datastream.WindowedStream	process			<R> org.apache.flink.streaming.api.datastream.SingleOutputStreamOperator<R>	(org.apache.flink.streaming.api.functions.windowing.ProcessWindowFunction<T, R, K, W>, org.apache.flink.api.common.typeinfo.TypeInformation<R>)	WindowedStream
f120	METHOD	org.apache.flink.streaming.api.datastream.WindowedStream	process			<R> org.apache.flink.streaming.api.datastream.SingleOutputStreamOperator<R>	(org.apache.flink.streaming.api.functions.windowing.ProcessWindowFunction<T, R, K, W>)	WindowedStream
f120	METHOD	org.apache.flink.streaming.api.datastream.WindowedStream	reduce			<R> org.apache.flink.streaming.api.datastream.SingleOutputStreamOperator<R>	(org.apache.flink.api.common.functions.ReduceFunction<T>, org.apache.flink.streaming.api.functions.windowing.ProcessWindowFunction<T, R, K, W>, org.apache.flink.api.common.typeinfo.TypeInformation<R>)	WindowedStream
f120	METHOD	org.apache.flink.streaming.api.datastream.WindowedStream	reduce			<R> org.apache.flink.streaming.api.datastream.SingleOutputStreamOperator<R>	(org.apache.flink.api.common.functions.ReduceFunction<T>, org.apache.flink.streaming.api.functions.windowing.ProcessWindowFunction<T, R, K, W>)	WindowedStream
f120	METHOD	org.apache.flink.streaming.api.datastream.WindowedStream	reduce			<R> org.apache.flink.streaming.api.datastream.SingleOutputStreamOperator<R>	(org.apache.flink.api.common.functions.ReduceFunction<T>, org.apache.flink.streaming.api.functions.windowing.WindowFunction<T, R, K, W>, org.apache.flink.api.common.typeinfo.TypeInformation<R>)	WindowedStream
f120	METHOD	org.apache.flink.streaming.api.datastream.WindowedStream	reduce			<R> org.apache.flink.streaming.api.datastream.SingleOutputStreamOperator<R>	(org.apache.flink.api.common.functions.ReduceFunction<T>, org.apache.flink.streaming.api.functions.windowing.WindowFunction<T, R, K, W>)	WindowedStream
f120	METHOD	org.apache.flink.streaming.api.datastream.WindowedStream	reduce			 org.apache.flink.streaming.api.datastream.SingleOutputStreamOperator<T>	(org.apache.flink.api.common.functions.ReduceFunction<T>)	WindowedStream
f120	METHOD	org.apache.flink.streaming.api.datastream.WindowedStream	sideOutputLateData			 org.apache.flink.streaming.api.datastream.WindowedStream<T, K, W>	(org.apache.flink.util.OutputTag<T>)	WindowedStream
f120	METHOD	org.apache.flink.streaming.api.datastream.WindowedStream	sum			 org.apache.flink.streaming.api.datastream.SingleOutputStreamOperator<T>	(java.lang.String)	WindowedStream
f120	METHOD	org.apache.flink.streaming.api.datastream.WindowedStream	sum			 org.apache.flink.streaming.api.datastream.SingleOutputStreamOperator<T>	(int)	WindowedStream
f120	METHOD	org.apache.flink.streaming.api.datastream.WindowedStream	trigger			 org.apache.flink.streaming.api.datastream.WindowedStream<T, K, W>	(org.apache.flink.streaming.api.windowing.triggers.Trigger<? super T, ? super W>)	WindowedStream
f120	FIELD	org.apache.flink.streaming.api.datastream.WindowedStream	input	private final		org.apache.flink.streaming.api.datastream.KeyedStream<T, K>		WindowedStream
f120	FIELD	org.apache.flink.streaming.api.datastream.WindowedStream	builder	private final		org.apache.flink.streaming.runtime.operators.windowing.WindowOperatorBuilder<T, K, W>		WindowedStream
f120	CLASS	org.apache.flink.streaming.api.datastream.AllWindowedStream	-			class java.lang.Object		
f120	CTOR	org.apache.flink.streaming.api.datastream.AllWindowedStream	<init>				(org.apache.flink.streaming.api.datastream.DataStream<T>, org.apache.flink.streaming.api.windowing.assigners.WindowAssigner<? super T, W>)	
f120	METHOD	org.apache.flink.streaming.api.datastream.AllWindowedStream	aggregate			<ACC,R> org.apache.flink.streaming.api.datastream.SingleOutputStreamOperator<R>	(org.apache.flink.api.common.functions.AggregateFunction<T, ACC, R>, org.apache.flink.api.common.typeinfo.TypeInformation<ACC>, org.apache.flink.api.common.typeinfo.TypeInformation<R>)	AllWindowedStream
f120	METHOD	org.apache.flink.streaming.api.datastream.AllWindowedStream	aggregate			<ACC,V,R> org.apache.flink.streaming.api.datastream.SingleOutputStreamOperator<R>	(org.apache.flink.api.common.functions.AggregateFunction<T, ACC, V>, org.apache.flink.streaming.api.functions.windowing.ProcessAllWindowFunction<V, R, W>, org.apache.flink.api.common.typeinfo.TypeInformation<ACC>, org.apache.flink.api.common.typeinfo.TypeInformation<V>, org.apache.flink.api.common.typeinfo.TypeInformation<R>)	AllWindowedStream
f120	METHOD	org.apache.flink.streaming.api.datastream.AllWindowedStream	aggregate			<ACC,V,R> org.apache.flink.streaming.api.datastream.SingleOutputStreamOperator<R>	(org.apache.flink.api.common.functions.AggregateFunction<T, ACC, V>, org.apache.flink.streaming.api.functions.windowing.ProcessAllWindowFunction<V, R, W>)	AllWindowedStream
f120	METHOD	org.apache.flink.streaming.api.datastream.AllWindowedStream	aggregate			<ACC,V,R> org.apache.flink.streaming.api.datastream.SingleOutputStreamOperator<R>	(org.apache.flink.api.common.functions.AggregateFunction<T, ACC, V>, org.apache.flink.streaming.api.functions.windowing.AllWindowFunction<V, R, W>, org.apache.flink.api.common.typeinfo.TypeInformation<ACC>, org.apache.flink.api.common.typeinfo.TypeInformation<R>)	AllWindowedStream
f120	METHOD	org.apache.flink.streaming.api.datastream.AllWindowedStream	aggregate			<ACC,V,R> org.apache.flink.streaming.api.datastream.SingleOutputStreamOperator<R>	(org.apache.flink.api.common.functions.AggregateFunction<T, ACC, V>, org.apache.flink.streaming.api.functions.windowing.AllWindowFunction<V, R, W>)	AllWindowedStream
f120	METHOD	org.apache.flink.streaming.api.datastream.AllWindowedStream	aggregate			<ACC,R> org.apache.flink.streaming.api.datastream.SingleOutputStreamOperator<R>	(org.apache.flink.api.common.functions.AggregateFunction<T, ACC, R>)	AllWindowedStream
f120	METHOD	org.apache.flink.streaming.api.datastream.AllWindowedStream	allowedLateness			 org.apache.flink.streaming.api.datastream.AllWindowedStream<T, W>	(java.time.Duration)	AllWindowedStream
f120	METHOD	org.apache.flink.streaming.api.datastream.AllWindowedStream	allowedLateness		@Deprecated	 org.apache.flink.streaming.api.datastream.AllWindowedStream<T, W>	(org.apache.flink.streaming.api.windowing.time.Time)	AllWindowedStream
f120	METHOD	org.apache.flink.streaming.api.datastream.AllWindowedStream	apply		@Deprecated	<R> org.apache.flink.streaming.api.datastream.SingleOutputStreamOperator<R>	(org.apache.flink.api.common.functions.ReduceFunction<T>, org.apache.flink.streaming.api.functions.windowing.AllWindowFunction<T, R, W>, org.apache.flink.api.common.typeinfo.TypeInformation<R>)	AllWindowedStream
f120	METHOD	org.apache.flink.streaming.api.datastream.AllWindowedStream	apply		@Deprecated	<R> org.apache.flink.streaming.api.datastream.SingleOutputStreamOperator<R>	(org.apache.flink.api.common.functions.ReduceFunction<T>, org.apache.flink.streaming.api.functions.windowing.AllWindowFunction<T, R, W>)	AllWindowedStream
f120	METHOD	org.apache.flink.streaming.api.datastream.AllWindowedStream	apply			<R> org.apache.flink.streaming.api.datastream.SingleOutputStreamOperator<R>	(org.apache.flink.streaming.api.functions.windowing.AllWindowFunction<T, R, W>, org.apache.flink.api.common.typeinfo.TypeInformation<R>)	AllWindowedStream
f120	METHOD	org.apache.flink.streaming.api.datastream.AllWindowedStream	apply			<R> org.apache.flink.streaming.api.datastream.SingleOutputStreamOperator<R>	(org.apache.flink.streaming.api.functions.windowing.AllWindowFunction<T, R, W>)	AllWindowedStream
f120	METHOD	org.apache.flink.streaming.api.datastream.AllWindowedStream	evictor			 org.apache.flink.streaming.api.datastream.AllWindowedStream<T, W>	(org.apache.flink.streaming.api.windowing.evictors.Evictor<? super T, ? super W>)	AllWindowedStream
f120	METHOD	org.apache.flink.streaming.api.datastream.AllWindowedStream	getExecutionEnvironment			 org.apache.flink.streaming.api.environment.StreamExecutionEnvironment	()	AllWindowedStream
f120	METHOD	org.apache.flink.streaming.api.datastream.AllWindowedStream	getInputType			 org.apache.flink.api.common.typeinfo.TypeInformation<T>	()	AllWindowedStream
f120	METHOD	org.apache.flink.streaming.api.datastream.AllWindowedStream	maxBy			 org.apache.flink.streaming.api.datastream.SingleOutputStreamOperator<T>	(java.lang.String, boolean)	AllWindowedStream
f120	METHOD	org.apache.flink.streaming.api.datastream.AllWindowedStream	maxBy			 org.apache.flink.streaming.api.datastream.SingleOutputStreamOperator<T>	(java.lang.String)	AllWindowedStream
f120	METHOD	org.apache.flink.streaming.api.datastream.AllWindowedStream	maxBy			 org.apache.flink.streaming.api.datastream.SingleOutputStreamOperator<T>	(int, boolean)	AllWindowedStream
f120	METHOD	org.apache.flink.streaming.api.datastream.AllWindowedStream	maxBy			 org.apache.flink.streaming.api.datastream.SingleOutputStreamOperator<T>	(int)	AllWindowedStream
f120	METHOD	org.apache.flink.streaming.api.datastream.AllWindowedStream	max			 org.apache.flink.streaming.api.datastream.SingleOutputStreamOperator<T>	(java.lang.String)	AllWindowedStream
f120	METHOD	org.apache.flink.streaming.api.datastream.AllWindowedStream	max			 org.apache.flink.streaming.api.datastream.SingleOutputStreamOperator<T>	(int)	AllWindowedStream
f120	METHOD	org.apache.flink.streaming.api.datastream.AllWindowedStream	minBy			 org.apache.flink.streaming.api.datastream.SingleOutputStreamOperator<T>	(java.lang.String, boolean)	AllWindowedStream
f120	METHOD	org.apache.flink.streaming.api.datastream.AllWindowedStream	minBy			 org.apache.flink.streaming.api.datastream.SingleOutputStreamOperator<T>	(java.lang.String)	AllWindowedStream
f120	METHOD	org.apache.flink.streaming.api.datastream.AllWindowedStream	minBy			 org.apache.flink.streaming.api.datastream.SingleOutputStreamOperator<T>	(int, boolean)	AllWindowedStream
f120	METHOD	org.apache.flink.streaming.api.datastream.AllWindowedStream	minBy			 org.apache.flink.streaming.api.datastream.SingleOutputStreamOperator<T>	(int)	AllWindowedStream
f120	METHOD	org.apache.flink.streaming.api.datastream.AllWindowedStream	min			 org.apache.flink.streaming.api.datastream.SingleOutputStreamOperator<T>	(java.lang.String)	AllWindowedStream
f120	METHOD	org.apache.flink.streaming.api.datastream.AllWindowedStream	min			 org.apache.flink.streaming.api.datastream.SingleOutputStreamOperator<T>	(int)	AllWindowedStream
f120	METHOD	org.apache.flink.streaming.api.datastream.AllWindowedStream	process			<R> org.apache.flink.streaming.api.datastream.SingleOutputStreamOperator<R>	(org.apache.flink.streaming.api.functions.windowing.ProcessAllWindowFunction<T, R, W>, org.apache.flink.api.common.typeinfo.TypeInformation<R>)	AllWindowedStream
f120	METHOD	org.apache.flink.streaming.api.datastream.AllWindowedStream	process			<R> org.apache.flink.streaming.api.datastream.SingleOutputStreamOperator<R>	(org.apache.flink.streaming.api.functions.windowing.ProcessAllWindowFunction<T, R, W>)	AllWindowedStream
f120	METHOD	org.apache.flink.streaming.api.datastream.AllWindowedStream	reduce			<R> org.apache.flink.streaming.api.datastream.SingleOutputStreamOperator<R>	(org.apache.flink.api.common.functions.ReduceFunction<T>, org.apache.flink.streaming.api.functions.windowing.ProcessAllWindowFunction<T, R, W>, org.apache.flink.api.common.typeinfo.TypeInformation<R>)	AllWindowedStream
f120	METHOD	org.apache.flink.streaming.api.datastream.AllWindowedStream	reduce			<R> org.apache.flink.streaming.api.datastream.SingleOutputStreamOperator<R>	(org.apache.flink.api.common.functions.ReduceFunction<T>, org.apache.flink.streaming.api.functions.windowing.ProcessAllWindowFunction<T, R, W>)	AllWindowedStream
f120	METHOD	org.apache.flink.streaming.api.datastream.AllWindowedStream	reduce			<R> org.apache.flink.streaming.api.datastream.SingleOutputStreamOperator<R>	(org.apache.flink.api.common.functions.ReduceFunction<T>, org.apache.flink.streaming.api.functions.windowing.AllWindowFunction<T, R, W>, org.apache.flink.api.common.typeinfo.TypeInformation<R>)	AllWindowedStream
f120	METHOD	org.apache.flink.streaming.api.datastream.AllWindowedStream	reduce			<R> org.apache.flink.streaming.api.datastream.SingleOutputStreamOperator<R>	(org.apache.flink.api.common.functions.ReduceFunction<T>, org.apache.flink.streaming.api.functions.windowing.AllWindowFunction<T, R, W>)	AllWindowedStream
f120	METHOD	org.apache.flink.streaming.api.datastream.AllWindowedStream	reduce			 org.apache.flink.streaming.api.datastream.SingleOutputStreamOperator<T>	(org.apache.flink.api.common.functions.ReduceFunction<T>)	AllWindowedStream
f120	METHOD	org.apache.flink.streaming.api.datastream.AllWindowedStream	sideOutputLateData			 org.apache.flink.streaming.api.datastream.AllWindowedStream<T, W>	(org.apache.flink.util.OutputTag<T>)	AllWindowedStream
f120	METHOD	org.apache.flink.streaming.api.datastream.AllWindowedStream	sum			 org.apache.flink.streaming.api.datastream.SingleOutputStreamOperator<T>	(java.lang.String)	AllWindowedStream
f120	METHOD	org.apache.flink.streaming.api.datastream.AllWindowedStream	sum			 org.apache.flink.streaming.api.datastream.SingleOutputStreamOperator<T>	(int)	AllWindowedStream
f120	METHOD	org.apache.flink.streaming.api.datastream.AllWindowedStream	trigger			 org.apache.flink.streaming.api.datastream.AllWindowedStream<T, W>	(org.apache.flink.streaming.api.windowing.triggers.Trigger<? super T, ? super W>)	AllWindowedStream
f120	FIELD	org.apache.flink.streaming.api.datastream.AllWindowedStream	input	private final		org.apache.flink.streaming.api.datastream.KeyedStream<T, java.lang.Byte>		AllWindowedStream
f120	FIELD	org.apache.flink.streaming.api.datastream.AllWindowedStream	windowAssigner	private final		org.apache.flink.streaming.api.windowing.assigners.WindowAssigner<? super T, W>		AllWindowedStream
f120	FIELD	org.apache.flink.streaming.api.datastream.AllWindowedStream	trigger	private		org.apache.flink.streaming.api.windowing.triggers.Trigger<? super T, ? super W>		AllWindowedStream
f120	FIELD	org.apache.flink.streaming.api.datastream.AllWindowedStream	evictor	private		org.apache.flink.streaming.api.windowing.evictors.Evictor<? super T, ? super W>		AllWindowedStream
f120	FIELD	org.apache.flink.streaming.api.datastream.AllWindowedStream	allowedLateness	private		long		AllWindowedStream
f120	FIELD	org.apache.flink.streaming.api.datastream.AllWindowedStream	lateDataOutputTag	private		org.apache.flink.util.OutputTag<T>		AllWindowedStream
f120	CLASS	org.apache.flink.streaming.api.datastream.JoinedStreams	-			class java.lang.Object		
f120	CTOR	org.apache.flink.streaming.api.datastream.JoinedStreams	<init>				(org.apache.flink.streaming.api.datastream.DataStream<T1>, org.apache.flink.streaming.api.datastream.DataStream<T2>)	
f120	METHOD	org.apache.flink.streaming.api.datastream.JoinedStreams	where			<KEY> org.apache.flink.streaming.api.datastream.JoinedStreams<T1, T2>$Where<KEY>	(org.apache.flink.api.java.functions.KeySelector<T1, KEY>, org.apache.flink.api.common.typeinfo.TypeInformation<KEY>)	JoinedStreams
f120	METHOD	org.apache.flink.streaming.api.datastream.JoinedStreams	where			<KEY> org.apache.flink.streaming.api.datastream.JoinedStreams<T1, T2>$Where<KEY>	(org.apache.flink.api.java.functions.KeySelector<T1, KEY>)	JoinedStreams
f120	FIELD	org.apache.flink.streaming.api.datastream.JoinedStreams	input1	private final		org.apache.flink.streaming.api.datastream.DataStream<T1>		JoinedStreams
f120	FIELD	org.apache.flink.streaming.api.datastream.JoinedStreams	input2	private final		org.apache.flink.streaming.api.datastream.DataStream<T2>		JoinedStreams
f120	CLASS	org.apache.flink.streaming.api.datastream.CoGroupedStreams	-			class java.lang.Object		
f120	CTOR	org.apache.flink.streaming.api.datastream.CoGroupedStreams	<init>				(org.apache.flink.streaming.api.datastream.DataStream<T1>, org.apache.flink.streaming.api.datastream.DataStream<T2>)	
f120	METHOD	org.apache.flink.streaming.api.datastream.CoGroupedStreams	where			<KEY> org.apache.flink.streaming.api.datastream.CoGroupedStreams<T1, T2>$Where<KEY>	(org.apache.flink.api.java.functions.KeySelector<T1, KEY>, org.apache.flink.api.common.typeinfo.TypeInformation<KEY>)	CoGroupedStreams
f120	METHOD	org.apache.flink.streaming.api.datastream.CoGroupedStreams	where			<KEY> org.apache.flink.streaming.api.datastream.CoGroupedStreams<T1, T2>$Where<KEY>	(org.apache.flink.api.java.functions.KeySelector<T1, KEY>)	CoGroupedStreams
f120	FIELD	org.apache.flink.streaming.api.datastream.CoGroupedStreams	input1	private final		org.apache.flink.streaming.api.datastream.DataStream<T1>		CoGroupedStreams
f120	FIELD	org.apache.flink.streaming.api.datastream.CoGroupedStreams	input2	private final		org.apache.flink.streaming.api.datastream.DataStream<T2>		CoGroupedStreams
f120	CLASS	org.apache.flink.streaming.api.datastream.IterativeStream	-		@Deprecated	org.apache.flink.streaming.api.datastream.SingleOutputStreamOperator<T>		
f120	CTOR	org.apache.flink.streaming.api.datastream.IterativeStream	<init>				(org.apache.flink.streaming.api.datastream.DataStream<T>, long)	
f120	METHOD	org.apache.flink.streaming.api.datastream.IterativeStream	addSink			 org.apache.flink.streaming.api.datastream.DataStreamSink<T>	(org.apache.flink.streaming.api.functions.sink.SinkFunction<T>)	DataStream
f120	METHOD	org.apache.flink.streaming.api.datastream.IterativeStream	assignTimestampsAndWatermarks			 org.apache.flink.streaming.api.datastream.SingleOutputStreamOperator<T>	(org.apache.flink.api.common.eventtime.WatermarkStrategy<T>)	DataStream
f120	METHOD	org.apache.flink.streaming.api.datastream.IterativeStream	assignTimestampsAndWatermarks		@Deprecated	 org.apache.flink.streaming.api.datastream.SingleOutputStreamOperator<T>	(org.apache.flink.streaming.api.functions.AssignerWithPeriodicWatermarks<T>)	DataStream
f120	METHOD	org.apache.flink.streaming.api.datastream.IterativeStream	assignTimestampsAndWatermarks		@Deprecated	 org.apache.flink.streaming.api.datastream.SingleOutputStreamOperator<T>	(org.apache.flink.streaming.api.functions.AssignerWithPunctuatedWatermarks<T>)	DataStream
f120	METHOD	org.apache.flink.streaming.api.datastream.IterativeStream	broadcast			 org.apache.flink.streaming.api.datastream.DataStream<T>	()	DataStream
f120	METHOD	org.apache.flink.streaming.api.datastream.IterativeStream	broadcast			 org.apache.flink.streaming.api.datastream.BroadcastStream<T>	(org.apache.flink.api.common.state.MapStateDescriptor<?, ?>[])	DataStream
f120	METHOD	org.apache.flink.streaming.api.datastream.IterativeStream	cache			 org.apache.flink.streaming.api.datastream.CachedDataStream<T>	()	SingleOutputStreamOperator
f120	METHOD	org.apache.flink.streaming.api.datastream.IterativeStream	clean	 protected		<F> F	(F)	DataStream
f120	METHOD	org.apache.flink.streaming.api.datastream.IterativeStream	closeWith			 org.apache.flink.streaming.api.datastream.DataStream<T>	(org.apache.flink.streaming.api.datastream.DataStream<T>)	IterativeStream
f120	METHOD	org.apache.flink.streaming.api.datastream.IterativeStream	coGroup			<T2> org.apache.flink.streaming.api.datastream.CoGroupedStreams<T, T2>	(org.apache.flink.streaming.api.datastream.DataStream<T2>)	DataStream
f120	METHOD	org.apache.flink.streaming.api.datastream.IterativeStream	collectAsync			 org.apache.flink.util.CloseableIterator<T>	()	DataStream
f120	METHOD	org.apache.flink.streaming.api.datastream.IterativeStream	collectAsync			 void	(org.apache.flink.streaming.api.datastream.DataStream$Collector<T>)	DataStream
f120	METHOD	org.apache.flink.streaming.api.datastream.IterativeStream	connect			<R> org.apache.flink.streaming.api.datastream.BroadcastConnectedStream<T, R>	(org.apache.flink.streaming.api.datastream.BroadcastStream<R>)	DataStream
f120	METHOD	org.apache.flink.streaming.api.datastream.IterativeStream	connect			<R> org.apache.flink.streaming.api.datastream.ConnectedStreams<T, R>	(org.apache.flink.streaming.api.datastream.DataStream<R>)	DataStream
f120	METHOD	org.apache.flink.streaming.api.datastream.IterativeStream	countWindowAll			 org.apache.flink.streaming.api.datastream.AllWindowedStream<T, org.apache.flink.streaming.api.windowing.windows.GlobalWindow>	(long, long)	DataStream
f120	METHOD	org.apache.flink.streaming.api.datastream.IterativeStream	countWindowAll			 org.apache.flink.streaming.api.datastream.AllWindowedStream<T, org.apache.flink.streaming.api.windowing.windows.GlobalWindow>	(long)	DataStream
f120	METHOD	org.apache.flink.streaming.api.datastream.IterativeStream	disableChaining			 org.apache.flink.streaming.api.datastream.SingleOutputStreamOperator<T>	()	SingleOutputStreamOperator
f120	METHOD	org.apache.flink.streaming.api.datastream.IterativeStream	doTransform	 protected		<R> org.apache.flink.streaming.api.datastream.SingleOutputStreamOperator<R>	(java.lang.String, org.apache.flink.api.common.typeinfo.TypeInformation<R>, org.apache.flink.streaming.api.operators.StreamOperatorFactory<R>)	DataStream
f120	METHOD	org.apache.flink.streaming.api.datastream.IterativeStream	executeAndCollect			 org.apache.flink.util.CloseableIterator<T>	()	DataStream
f120	METHOD	org.apache.flink.streaming.api.datastream.IterativeStream	executeAndCollect			 java.util.List<T>	(java.lang.String, int)	DataStream
f120	METHOD	org.apache.flink.streaming.api.datastream.IterativeStream	executeAndCollect			 org.apache.flink.util.CloseableIterator<T>	(java.lang.String)	DataStream
f120	METHOD	org.apache.flink.streaming.api.datastream.IterativeStream	executeAndCollect			 java.util.List<T>	(int)	DataStream
f120	METHOD	org.apache.flink.streaming.api.datastream.IterativeStream	filter			 org.apache.flink.streaming.api.datastream.SingleOutputStreamOperator<T>	(org.apache.flink.api.common.functions.FilterFunction<T>)	DataStream
f120	METHOD	org.apache.flink.streaming.api.datastream.IterativeStream	flatMap			<R> org.apache.flink.streaming.api.datastream.SingleOutputStreamOperator<R>	(org.apache.flink.api.common.functions.FlatMapFunction<T, R>, org.apache.flink.api.common.typeinfo.TypeInformation<R>)	DataStream
f120	METHOD	org.apache.flink.streaming.api.datastream.IterativeStream	flatMap			<R> org.apache.flink.streaming.api.datastream.SingleOutputStreamOperator<R>	(org.apache.flink.api.common.functions.FlatMapFunction<T, R>)	DataStream
f120	METHOD	org.apache.flink.streaming.api.datastream.IterativeStream	forceNonParallel			 org.apache.flink.streaming.api.datastream.SingleOutputStreamOperator<T>	()	SingleOutputStreamOperator
f120	METHOD	org.apache.flink.streaming.api.datastream.IterativeStream	forward			 org.apache.flink.streaming.api.datastream.DataStream<T>	()	DataStream
f120	METHOD	org.apache.flink.streaming.api.datastream.IterativeStream	fullWindowPartition			 org.apache.flink.streaming.api.datastream.PartitionWindowedStream<T>	()	IterativeStream
f120	METHOD	org.apache.flink.streaming.api.datastream.IterativeStream	getExecutionConfig			 org.apache.flink.api.common.ExecutionConfig	()	DataStream
f120	METHOD	org.apache.flink.streaming.api.datastream.IterativeStream	getExecutionEnvironment			 org.apache.flink.streaming.api.environment.StreamExecutionEnvironment	()	DataStream
f120	METHOD	org.apache.flink.streaming.api.datastream.IterativeStream	getId			 int	()	DataStream
f120	METHOD	org.apache.flink.streaming.api.datastream.IterativeStream	getMinResources			 org.apache.flink.api.common.operators.ResourceSpec	()	DataStream
f120	METHOD	org.apache.flink.streaming.api.datastream.IterativeStream	getName			 java.lang.String	()	SingleOutputStreamOperator
f120	METHOD	org.apache.flink.streaming.api.datastream.IterativeStream	getParallelism			 int	()	DataStream
f120	METHOD	org.apache.flink.streaming.api.datastream.IterativeStream	getPreferredResources			 org.apache.flink.api.common.operators.ResourceSpec	()	DataStream
f120	METHOD	org.apache.flink.streaming.api.datastream.IterativeStream	getSideOutput			<X> org.apache.flink.streaming.api.datastream.SideOutputDataStream<X>	(org.apache.flink.util.OutputTag<X>)	SingleOutputStreamOperator
f120	METHOD	org.apache.flink.streaming.api.datastream.IterativeStream	getTransformation			 org.apache.flink.api.dag.Transformation<T>	()	DataStream
f120	METHOD	org.apache.flink.streaming.api.datastream.IterativeStream	getType			 org.apache.flink.api.common.typeinfo.TypeInformation<T>	()	DataStream
f120	METHOD	org.apache.flink.streaming.api.datastream.IterativeStream	global			 org.apache.flink.streaming.api.datastream.DataStream<T>	()	DataStream
f120	METHOD	org.apache.flink.streaming.api.datastream.IterativeStream	iterate		@Deprecated	 org.apache.flink.streaming.api.datastream.IterativeStream<T>	()	DataStream
f120	METHOD	org.apache.flink.streaming.api.datastream.IterativeStream	iterate		@Deprecated	 org.apache.flink.streaming.api.datastream.IterativeStream<T>	(long)	DataStream
f120	METHOD	org.apache.flink.streaming.api.datastream.IterativeStream	join			<T2> org.apache.flink.streaming.api.datastream.JoinedStreams<T, T2>	(org.apache.flink.streaming.api.datastream.DataStream<T2>)	DataStream
f120	METHOD	org.apache.flink.streaming.api.datastream.IterativeStream	keyBy		@Deprecated	 org.apache.flink.streaming.api.datastream.KeyedStream<T, org.apache.flink.api.java.tuple.Tuple>	(int[])	DataStream
f120	METHOD	org.apache.flink.streaming.api.datastream.IterativeStream	keyBy		@Deprecated	 org.apache.flink.streaming.api.datastream.KeyedStream<T, org.apache.flink.api.java.tuple.Tuple>	(java.lang.String[])	DataStream
f120	METHOD	org.apache.flink.streaming.api.datastream.IterativeStream	keyBy			<K> org.apache.flink.streaming.api.datastream.KeyedStream<T, K>	(org.apache.flink.api.java.functions.KeySelector<T, K>, org.apache.flink.api.common.typeinfo.TypeInformation<K>)	DataStream
f120	METHOD	org.apache.flink.streaming.api.datastream.IterativeStream	keyBy			<K> org.apache.flink.streaming.api.datastream.KeyedStream<T, K>	(org.apache.flink.api.java.functions.KeySelector<T, K>)	DataStream
f120	METHOD	org.apache.flink.streaming.api.datastream.IterativeStream	map			<R> org.apache.flink.streaming.api.datastream.SingleOutputStreamOperator<R>	(org.apache.flink.api.common.functions.MapFunction<T, R>, org.apache.flink.api.common.typeinfo.TypeInformation<R>)	DataStream
f120	METHOD	org.apache.flink.streaming.api.datastream.IterativeStream	map			<R> org.apache.flink.streaming.api.datastream.SingleOutputStreamOperator<R>	(org.apache.flink.api.common.functions.MapFunction<T, R>)	DataStream
f120	METHOD	org.apache.flink.streaming.api.datastream.IterativeStream	name			 org.apache.flink.streaming.api.datastream.SingleOutputStreamOperator<T>	(java.lang.String)	SingleOutputStreamOperator
f120	METHOD	org.apache.flink.streaming.api.datastream.IterativeStream	partitionCustom		@Deprecated	<K> org.apache.flink.streaming.api.datastream.DataStream<T>	(org.apache.flink.api.common.functions.Partitioner<K>, java.lang.String)	DataStream
f120	METHOD	org.apache.flink.streaming.api.datastream.IterativeStream	partitionCustom		@Deprecated	<K> org.apache.flink.streaming.api.datastream.DataStream<T>	(org.apache.flink.api.common.functions.Partitioner<K>, int)	DataStream
f120	METHOD	org.apache.flink.streaming.api.datastream.IterativeStream	partitionCustom			<K> org.apache.flink.streaming.api.datastream.DataStream<T>	(org.apache.flink.api.common.functions.Partitioner<K>, org.apache.flink.api.java.functions.KeySelector<T, K>)	DataStream
f120	METHOD	org.apache.flink.streaming.api.datastream.IterativeStream	printToErr			 org.apache.flink.streaming.api.datastream.DataStreamSink<T>	()	DataStream
f120	METHOD	org.apache.flink.streaming.api.datastream.IterativeStream	printToErr			 org.apache.flink.streaming.api.datastream.DataStreamSink<T>	(java.lang.String)	DataStream
f120	METHOD	org.apache.flink.streaming.api.datastream.IterativeStream	print			 org.apache.flink.streaming.api.datastream.DataStreamSink<T>	()	DataStream
f120	METHOD	org.apache.flink.streaming.api.datastream.IterativeStream	print			 org.apache.flink.streaming.api.datastream.DataStreamSink<T>	(java.lang.String)	DataStream
f120	METHOD	org.apache.flink.streaming.api.datastream.IterativeStream	process			<R> org.apache.flink.streaming.api.datastream.SingleOutputStreamOperator<R>	(org.apache.flink.streaming.api.functions.ProcessFunction<T, R>, org.apache.flink.api.common.typeinfo.TypeInformation<R>)	DataStream
f120	METHOD	org.apache.flink.streaming.api.datastream.IterativeStream	process			<R> org.apache.flink.streaming.api.datastream.SingleOutputStreamOperator<R>	(org.apache.flink.streaming.api.functions.ProcessFunction<T, R>)	DataStream
f120	METHOD	org.apache.flink.streaming.api.datastream.IterativeStream	project			<R> org.apache.flink.streaming.api.datastream.SingleOutputStreamOperator<R>	(int[])	DataStream
f120	METHOD	org.apache.flink.streaming.api.datastream.IterativeStream	rebalance			 org.apache.flink.streaming.api.datastream.DataStream<T>	()	DataStream
f120	METHOD	org.apache.flink.streaming.api.datastream.IterativeStream	rescale			 org.apache.flink.streaming.api.datastream.DataStream<T>	()	DataStream
f120	METHOD	org.apache.flink.streaming.api.datastream.IterativeStream	returns			 org.apache.flink.streaming.api.datastream.SingleOutputStreamOperator<T>	(java.lang.Class<T>)	SingleOutputStreamOperator
f120	METHOD	org.apache.flink.streaming.api.datastream.IterativeStream	returns			 org.apache.flink.streaming.api.datastream.SingleOutputStreamOperator<T>	(org.apache.flink.api.common.typeinfo.TypeHint<T>)	SingleOutputStreamOperator
f120	METHOD	org.apache.flink.streaming.api.datastream.IterativeStream	returns			 org.apache.flink.streaming.api.datastream.SingleOutputStreamOperator<T>	(org.apache.flink.api.common.typeinfo.TypeInformation<T>)	SingleOutputStreamOperator
f120	METHOD	org.apache.flink.streaming.api.datastream.IterativeStream	setBufferTimeout			 org.apache.flink.streaming.api.datastream.SingleOutputStreamOperator<T>	(long)	SingleOutputStreamOperator
f120	METHOD	org.apache.flink.streaming.api.datastream.IterativeStream	setConnectionType	 protected		 org.apache.flink.streaming.api.datastream.DataStream<T>	(org.apache.flink.streaming.runtime.partitioner.StreamPartitioner<T>)	DataStream
f120	METHOD	org.apache.flink.streaming.api.datastream.IterativeStream	setDescription			 org.apache.flink.streaming.api.datastream.SingleOutputStreamOperator<T>	(java.lang.String)	SingleOutputStreamOperator
f120	METHOD	org.apache.flink.streaming.api.datastream.IterativeStream	setMaxParallelism			 org.apache.flink.streaming.api.datastream.SingleOutputStreamOperator<T>	(int)	SingleOutputStreamOperator
f120	METHOD	org.apache.flink.streaming.api.datastream.IterativeStream	setParallelism			 org.apache.flink.streaming.api.datastream.SingleOutputStreamOperator<T>	(int)	SingleOutputStreamOperator
f120	METHOD	org.apache.flink.streaming.api.datastream.IterativeStream	setUidHash			 org.apache.flink.streaming.api.datastream.SingleOutputStreamOperator<T>	(java.lang.String)	SingleOutputStreamOperator
f120	METHOD	org.apache.flink.streaming.api.datastream.IterativeStream	shuffle			 org.apache.flink.streaming.api.datastream.DataStream<T>	()	DataStream
f120	METHOD	org.apache.flink.streaming.api.datastream.IterativeStream	sinkTo			 org.apache.flink.streaming.api.datastream.DataStreamSink<T>	(org.apache.flink.api.connector.sink.Sink<T, ?, ?, ?>, org.apache.flink.streaming.api.datastream.CustomSinkOperatorUidHashes)	DataStream
f120	METHOD	org.apache.flink.streaming.api.datastream.IterativeStream	sinkTo			 org.apache.flink.streaming.api.datastream.DataStreamSink<T>	(org.apache.flink.api.connector.sink.Sink<T, ?, ?, ?>)	DataStream
f120	METHOD	org.apache.flink.streaming.api.datastream.IterativeStream	sinkTo			 org.apache.flink.streaming.api.datastream.DataStreamSink<T>	(org.apache.flink.api.connector.sink2.Sink<T>, org.apache.flink.streaming.api.datastream.CustomSinkOperatorUidHashes)	DataStream
f120	METHOD	org.apache.flink.streaming.api.datastream.IterativeStream	sinkTo			 org.apache.flink.streaming.api.datastream.DataStreamSink<T>	(org.apache.flink.api.connector.sink2.Sink<T>)	DataStream
f120	METHOD	org.apache.flink.streaming.api.datastream.IterativeStream	slotSharingGroup			 org.apache.flink.streaming.api.datastream.SingleOutputStreamOperator<T>	(java.lang.String)	SingleOutputStreamOperator
f120	METHOD	org.apache.flink.streaming.api.datastream.IterativeStream	slotSharingGroup			 org.apache.flink.streaming.api.datastream.SingleOutputStreamOperator<T>	(org.apache.flink.api.common.operators.SlotSharingGroup)	SingleOutputStreamOperator
f120	METHOD	org.apache.flink.streaming.api.datastream.IterativeStream	startNewChain			 org.apache.flink.streaming.api.datastream.SingleOutputStreamOperator<T>	()	SingleOutputStreamOperator
f120	METHOD	org.apache.flink.streaming.api.datastream.IterativeStream	timeWindowAll		@Deprecated	 org.apache.flink.streaming.api.datastream.AllWindowedStream<T, org.apache.flink.streaming.api.windowing.windows.TimeWindow>	(org.apache.flink.streaming.api.windowing.time.Time, org.apache.flink.streaming.api.windowing.time.Time)	DataStream
f120	METHOD	org.apache.flink.streaming.api.datastream.IterativeStream	timeWindowAll		@Deprecated	 org.apache.flink.streaming.api.datastream.AllWindowedStream<T, org.apache.flink.streaming.api.windowing.windows.TimeWindow>	(org.apache.flink.streaming.api.windowing.time.Time)	DataStream
f120	METHOD	org.apache.flink.streaming.api.datastream.IterativeStream	transform			<R> org.apache.flink.streaming.api.datastream.SingleOutputStreamOperator<R>	(java.lang.String, org.apache.flink.api.common.typeinfo.TypeInformation<R>, org.apache.flink.streaming.api.operators.OneInputStreamOperatorFactory<T, R>)	DataStream
f120	METHOD	org.apache.flink.streaming.api.datastream.IterativeStream	transform			<R> org.apache.flink.streaming.api.datastream.SingleOutputStreamOperator<R>	(java.lang.String, org.apache.flink.api.common.typeinfo.TypeInformation<R>, org.apache.flink.streaming.api.operators.OneInputStreamOperator<T, R>)	DataStream
f120	METHOD	org.apache.flink.streaming.api.datastream.IterativeStream	uid			 org.apache.flink.streaming.api.datastream.SingleOutputStreamOperator<T>	(java.lang.String)	SingleOutputStreamOperator
f120	METHOD	org.apache.flink.streaming.api.datastream.IterativeStream	union	final		 org.apache.flink.streaming.api.datastream.DataStream<T>	(org.apache.flink.streaming.api.datastream.DataStream<T>[])	DataStream
f120	METHOD	org.apache.flink.streaming.api.datastream.IterativeStream	windowAll			<W> org.apache.flink.streaming.api.datastream.AllWindowedStream<T, W>	(org.apache.flink.streaming.api.windowing.assigners.WindowAssigner<? super T, W>)	DataStream
f120	METHOD	org.apache.flink.streaming.api.datastream.IterativeStream	withFeedbackType			<F> org.apache.flink.streaming.api.datastream.IterativeStream$ConnectedIterativeStreams<T, F>	(java.lang.Class<F>)	IterativeStream
f120	METHOD	org.apache.flink.streaming.api.datastream.IterativeStream	withFeedbackType			<F> org.apache.flink.streaming.api.datastream.IterativeStream$ConnectedIterativeStreams<T, F>	(org.apache.flink.api.common.typeinfo.TypeHint<F>)	IterativeStream
f120	METHOD	org.apache.flink.streaming.api.datastream.IterativeStream	withFeedbackType			<F> org.apache.flink.streaming.api.datastream.IterativeStream$ConnectedIterativeStreams<T, F>	(org.apache.flink.api.common.typeinfo.TypeInformation<F>)	IterativeStream
f120	METHOD	org.apache.flink.streaming.api.datastream.IterativeStream	writeAsCsv		@Deprecated	<X> org.apache.flink.streaming.api.datastream.DataStreamSink<T>	(java.lang.String, org.apache.flink.core.fs.FileSystem$WriteMode, java.lang.String, java.lang.String)	DataStream
f120	METHOD	org.apache.flink.streaming.api.datastream.IterativeStream	writeAsCsv		@Deprecated	 org.apache.flink.streaming.api.datastream.DataStreamSink<T>	(java.lang.String, org.apache.flink.core.fs.FileSystem$WriteMode)	DataStream
f120	METHOD	org.apache.flink.streaming.api.datastream.IterativeStream	writeAsCsv		@Deprecated	 org.apache.flink.streaming.api.datastream.DataStreamSink<T>	(java.lang.String)	DataStream
f120	METHOD	org.apache.flink.streaming.api.datastream.IterativeStream	writeAsText		@Deprecated	 org.apache.flink.streaming.api.datastream.DataStreamSink<T>	(java.lang.String, org.apache.flink.core.fs.FileSystem$WriteMode)	DataStream
f120	METHOD	org.apache.flink.streaming.api.datastream.IterativeStream	writeAsText		@Deprecated	 org.apache.flink.streaming.api.datastream.DataStreamSink<T>	(java.lang.String)	DataStream
f120	METHOD	org.apache.flink.streaming.api.datastream.IterativeStream	writeToSocket			 org.apache.flink.streaming.api.datastream.DataStreamSink<T>	(java.lang.String, int, org.apache.flink.api.common.serialization.SerializationSchema<T>)	DataStream
f120	METHOD	org.apache.flink.streaming.api.datastream.IterativeStream	writeUsingOutputFormat		@Deprecated	 org.apache.flink.streaming.api.datastream.DataStreamSink<T>	(org.apache.flink.api.common.io.OutputFormat<T>)	DataStream
f120	FIELD	org.apache.flink.streaming.api.datastream.IterativeStream	originalInput	private		org.apache.flink.streaming.api.datastream.DataStream<T>		IterativeStream
f120	FIELD	org.apache.flink.streaming.api.datastream.IterativeStream	maxWaitTime	private		long		IterativeStream
f120	FIELD	org.apache.flink.streaming.api.datastream.IterativeStream	nonParallel	protected		boolean		SingleOutputStreamOperator
f120	FIELD	org.apache.flink.streaming.api.datastream.IterativeStream	requestedSideOutputs	private		java.util.Map<org.apache.flink.util.OutputTag<?>, org.apache.flink.api.common.typeinfo.TypeInformation<?>>		SingleOutputStreamOperator
f120	FIELD	org.apache.flink.streaming.api.datastream.IterativeStream	environment	protected final		org.apache.flink.streaming.api.environment.StreamExecutionEnvironment		DataStream
f120	FIELD	org.apache.flink.streaming.api.datastream.IterativeStream	transformation	protected final		org.apache.flink.api.dag.Transformation<T>		DataStream
f120	CLASS	org.apache.flink.streaming.api.datastream.PartitionWindowedStream	-	abstract		null		
f120	METHOD	org.apache.flink.streaming.api.datastream.PartitionWindowedStream	aggregate	abstract		<ACC,R> org.apache.flink.streaming.api.datastream.SingleOutputStreamOperator<R>	(org.apache.flink.api.common.functions.AggregateFunction<T, ACC, R>)	PartitionWindowedStream
f120	METHOD	org.apache.flink.streaming.api.datastream.PartitionWindowedStream	mapPartition	abstract		<R> org.apache.flink.streaming.api.datastream.SingleOutputStreamOperator<R>	(org.apache.flink.api.common.functions.MapPartitionFunction<T, R>)	PartitionWindowedStream
f120	METHOD	org.apache.flink.streaming.api.datastream.PartitionWindowedStream	reduce	abstract		 org.apache.flink.streaming.api.datastream.SingleOutputStreamOperator<T>	(org.apache.flink.api.common.functions.ReduceFunction<T>)	PartitionWindowedStream
f120	METHOD	org.apache.flink.streaming.api.datastream.PartitionWindowedStream	sortPartition	abstract		 org.apache.flink.streaming.api.datastream.SingleOutputStreamOperator<T>	(java.lang.String, org.apache.flink.api.common.operators.Order)	PartitionWindowedStream
f120	METHOD	org.apache.flink.streaming.api.datastream.PartitionWindowedStream	sortPartition	abstract		 org.apache.flink.streaming.api.datastream.SingleOutputStreamOperator<T>	(int, org.apache.flink.api.common.operators.Order)	PartitionWindowedStream
f120	METHOD	org.apache.flink.streaming.api.datastream.PartitionWindowedStream	sortPartition	abstract		<K> org.apache.flink.streaming.api.datastream.SingleOutputStreamOperator<T>	(org.apache.flink.api.java.functions.KeySelector<T, K>, org.apache.flink.api.common.operators.Order)	PartitionWindowedStream
f120	CLASS	org.apache.flink.streaming.api.datastream.KeyedPartitionWindowedStream	-			class java.lang.Object		
f120	CTOR	org.apache.flink.streaming.api.datastream.KeyedPartitionWindowedStream	<init>				(org.apache.flink.streaming.api.environment.StreamExecutionEnvironment, org.apache.flink.streaming.api.datastream.KeyedStream<T, KEY>)	
f120	METHOD	org.apache.flink.streaming.api.datastream.KeyedPartitionWindowedStream	aggregate			<ACC,R> org.apache.flink.streaming.api.datastream.SingleOutputStreamOperator<R>	(org.apache.flink.api.common.functions.AggregateFunction<T, ACC, R>)	KeyedPartitionWindowedStream
f120	METHOD	org.apache.flink.streaming.api.datastream.KeyedPartitionWindowedStream	mapPartition			<R> org.apache.flink.streaming.api.datastream.SingleOutputStreamOperator<R>	(org.apache.flink.api.common.functions.MapPartitionFunction<T, R>)	KeyedPartitionWindowedStream
f120	METHOD	org.apache.flink.streaming.api.datastream.KeyedPartitionWindowedStream	reduce			 org.apache.flink.streaming.api.datastream.SingleOutputStreamOperator<T>	(org.apache.flink.api.common.functions.ReduceFunction<T>)	KeyedPartitionWindowedStream
f120	METHOD	org.apache.flink.streaming.api.datastream.KeyedPartitionWindowedStream	sortPartition			 org.apache.flink.streaming.api.datastream.SingleOutputStreamOperator<T>	(java.lang.String, org.apache.flink.api.common.operators.Order)	KeyedPartitionWindowedStream
f120	METHOD	org.apache.flink.streaming.api.datastream.KeyedPartitionWindowedStream	sortPartition			 org.apache.flink.streaming.api.datastream.SingleOutputStreamOperator<T>	(int, org.apache.flink.api.common.operators.Order)	KeyedPartitionWindowedStream
f120	METHOD	org.apache.flink.streaming.api.datastream.KeyedPartitionWindowedStream	sortPartition			<K> org.apache.flink.streaming.api.datastream.SingleOutputStreamOperator<T>	(org.apache.flink.api.java.functions.KeySelector<T, K>, org.apache.flink.api.common.operators.Order)	KeyedPartitionWindowedStream
f120	FIELD	org.apache.flink.streaming.api.datastream.KeyedPartitionWindowedStream	environment	private final		org.apache.flink.streaming.api.environment.StreamExecutionEnvironment		KeyedPartitionWindowedStream
f120	FIELD	org.apache.flink.streaming.api.datastream.KeyedPartitionWindowedStream	input	private final		org.apache.flink.streaming.api.datastream.KeyedStream<T, KEY>		KeyedPartitionWindowedStream
f120	CLASS	org.apache.flink.streaming.api.datastream.NonKeyedPartitionWindowedStream	-			class java.lang.Object		
f120	CTOR	org.apache.flink.streaming.api.datastream.NonKeyedPartitionWindowedStream	<init>				(org.apache.flink.streaming.api.environment.StreamExecutionEnvironment, org.apache.flink.streaming.api.datastream.DataStream<T>)	
f120	METHOD	org.apache.flink.streaming.api.datastream.NonKeyedPartitionWindowedStream	aggregate			<ACC,R> org.apache.flink.streaming.api.datastream.SingleOutputStreamOperator<R>	(org.apache.flink.api.common.functions.AggregateFunction<T, ACC, R>)	NonKeyedPartitionWindowedStream
f120	METHOD	org.apache.flink.streaming.api.datastream.NonKeyedPartitionWindowedStream	mapPartition			<R> org.apache.flink.streaming.api.datastream.SingleOutputStreamOperator<R>	(org.apache.flink.api.common.functions.MapPartitionFunction<T, R>)	NonKeyedPartitionWindowedStream
f120	METHOD	org.apache.flink.streaming.api.datastream.NonKeyedPartitionWindowedStream	reduce			 org.apache.flink.streaming.api.datastream.SingleOutputStreamOperator<T>	(org.apache.flink.api.common.functions.ReduceFunction<T>)	NonKeyedPartitionWindowedStream
f120	METHOD	org.apache.flink.streaming.api.datastream.NonKeyedPartitionWindowedStream	sortPartition			 org.apache.flink.streaming.api.datastream.SingleOutputStreamOperator<T>	(java.lang.String, org.apache.flink.api.common.operators.Order)	NonKeyedPartitionWindowedStream
f120	METHOD	org.apache.flink.streaming.api.datastream.NonKeyedPartitionWindowedStream	sortPartition			 org.apache.flink.streaming.api.datastream.SingleOutputStreamOperator<T>	(int, org.apache.flink.api.common.operators.Order)	NonKeyedPartitionWindowedStream
f120	METHOD	org.apache.flink.streaming.api.datastream.NonKeyedPartitionWindowedStream	sortPartition			<K> org.apache.flink.streaming.api.datastream.SingleOutputStreamOperator<T>	(org.apache.flink.api.java.functions.KeySelector<T, K>, org.apache.flink.api.common.operators.Order)	NonKeyedPartitionWindowedStream
f120	FIELD	org.apache.flink.streaming.api.datastream.NonKeyedPartitionWindowedStream	environment	private final		org.apache.flink.streaming.api.environment.StreamExecutionEnvironment		NonKeyedPartitionWindowedStream
f120	FIELD	org.apache.flink.streaming.api.datastream.NonKeyedPartitionWindowedStream	input	private final		org.apache.flink.streaming.api.datastream.DataStream<T>		NonKeyedPartitionWindowedStream
f120	CLASS	org.apache.flink.streaming.api.datastream.CachedDataStream	-			org.apache.flink.streaming.api.datastream.DataStream<T>		
f120	CTOR	org.apache.flink.streaming.api.datastream.CachedDataStream	<init>				(org.apache.flink.streaming.api.environment.StreamExecutionEnvironment, org.apache.flink.api.dag.Transformation<T>)	
f120	METHOD	org.apache.flink.streaming.api.datastream.CachedDataStream	addSink			 org.apache.flink.streaming.api.datastream.DataStreamSink<T>	(org.apache.flink.streaming.api.functions.sink.SinkFunction<T>)	DataStream
f120	METHOD	org.apache.flink.streaming.api.datastream.CachedDataStream	assignTimestampsAndWatermarks			 org.apache.flink.streaming.api.datastream.SingleOutputStreamOperator<T>	(org.apache.flink.api.common.eventtime.WatermarkStrategy<T>)	DataStream
f120	METHOD	org.apache.flink.streaming.api.datastream.CachedDataStream	assignTimestampsAndWatermarks		@Deprecated	 org.apache.flink.streaming.api.datastream.SingleOutputStreamOperator<T>	(org.apache.flink.streaming.api.functions.AssignerWithPeriodicWatermarks<T>)	DataStream
f120	METHOD	org.apache.flink.streaming.api.datastream.CachedDataStream	assignTimestampsAndWatermarks		@Deprecated	 org.apache.flink.streaming.api.datastream.SingleOutputStreamOperator<T>	(org.apache.flink.streaming.api.functions.AssignerWithPunctuatedWatermarks<T>)	DataStream
f120	METHOD	org.apache.flink.streaming.api.datastream.CachedDataStream	broadcast			 org.apache.flink.streaming.api.datastream.DataStream<T>	()	DataStream
f120	METHOD	org.apache.flink.streaming.api.datastream.CachedDataStream	broadcast			 org.apache.flink.streaming.api.datastream.BroadcastStream<T>	(org.apache.flink.api.common.state.MapStateDescriptor<?, ?>[])	DataStream
f120	METHOD	org.apache.flink.streaming.api.datastream.CachedDataStream	clean	 protected		<F> F	(F)	DataStream
f120	METHOD	org.apache.flink.streaming.api.datastream.CachedDataStream	coGroup			<T2> org.apache.flink.streaming.api.datastream.CoGroupedStreams<T, T2>	(org.apache.flink.streaming.api.datastream.DataStream<T2>)	DataStream
f120	METHOD	org.apache.flink.streaming.api.datastream.CachedDataStream	collectAsync			 org.apache.flink.util.CloseableIterator<T>	()	DataStream
f120	METHOD	org.apache.flink.streaming.api.datastream.CachedDataStream	collectAsync			 void	(org.apache.flink.streaming.api.datastream.DataStream$Collector<T>)	DataStream
f120	METHOD	org.apache.flink.streaming.api.datastream.CachedDataStream	connect			<R> org.apache.flink.streaming.api.datastream.BroadcastConnectedStream<T, R>	(org.apache.flink.streaming.api.datastream.BroadcastStream<R>)	DataStream
f120	METHOD	org.apache.flink.streaming.api.datastream.CachedDataStream	connect			<R> org.apache.flink.streaming.api.datastream.ConnectedStreams<T, R>	(org.apache.flink.streaming.api.datastream.DataStream<R>)	DataStream
f120	METHOD	org.apache.flink.streaming.api.datastream.CachedDataStream	countWindowAll			 org.apache.flink.streaming.api.datastream.AllWindowedStream<T, org.apache.flink.streaming.api.windowing.windows.GlobalWindow>	(long, long)	DataStream
f120	METHOD	org.apache.flink.streaming.api.datastream.CachedDataStream	countWindowAll			 org.apache.flink.streaming.api.datastream.AllWindowedStream<T, org.apache.flink.streaming.api.windowing.windows.GlobalWindow>	(long)	DataStream
f120	METHOD	org.apache.flink.streaming.api.datastream.CachedDataStream	doTransform	 protected		<R> org.apache.flink.streaming.api.datastream.SingleOutputStreamOperator<R>	(java.lang.String, org.apache.flink.api.common.typeinfo.TypeInformation<R>, org.apache.flink.streaming.api.operators.StreamOperatorFactory<R>)	DataStream
f120	METHOD	org.apache.flink.streaming.api.datastream.CachedDataStream	executeAndCollect			 org.apache.flink.util.CloseableIterator<T>	()	DataStream
f120	METHOD	org.apache.flink.streaming.api.datastream.CachedDataStream	executeAndCollect			 java.util.List<T>	(java.lang.String, int)	DataStream
f120	METHOD	org.apache.flink.streaming.api.datastream.CachedDataStream	executeAndCollect			 org.apache.flink.util.CloseableIterator<T>	(java.lang.String)	DataStream
f120	METHOD	org.apache.flink.streaming.api.datastream.CachedDataStream	executeAndCollect			 java.util.List<T>	(int)	DataStream
f120	METHOD	org.apache.flink.streaming.api.datastream.CachedDataStream	filter			 org.apache.flink.streaming.api.datastream.SingleOutputStreamOperator<T>	(org.apache.flink.api.common.functions.FilterFunction<T>)	DataStream
f120	METHOD	org.apache.flink.streaming.api.datastream.CachedDataStream	flatMap			<R> org.apache.flink.streaming.api.datastream.SingleOutputStreamOperator<R>	(org.apache.flink.api.common.functions.FlatMapFunction<T, R>, org.apache.flink.api.common.typeinfo.TypeInformation<R>)	DataStream
f120	METHOD	org.apache.flink.streaming.api.datastream.CachedDataStream	flatMap			<R> org.apache.flink.streaming.api.datastream.SingleOutputStreamOperator<R>	(org.apache.flink.api.common.functions.FlatMapFunction<T, R>)	DataStream
f120	METHOD	org.apache.flink.streaming.api.datastream.CachedDataStream	forward			 org.apache.flink.streaming.api.datastream.DataStream<T>	()	DataStream
f120	METHOD	org.apache.flink.streaming.api.datastream.CachedDataStream	fullWindowPartition			 org.apache.flink.streaming.api.datastream.PartitionWindowedStream<T>	()	DataStream
f120	METHOD	org.apache.flink.streaming.api.datastream.CachedDataStream	getExecutionConfig			 org.apache.flink.api.common.ExecutionConfig	()	DataStream
f120	METHOD	org.apache.flink.streaming.api.datastream.CachedDataStream	getExecutionEnvironment			 org.apache.flink.streaming.api.environment.StreamExecutionEnvironment	()	DataStream
f120	METHOD	org.apache.flink.streaming.api.datastream.CachedDataStream	getId			 int	()	DataStream
f120	METHOD	org.apache.flink.streaming.api.datastream.CachedDataStream	getMinResources			 org.apache.flink.api.common.operators.ResourceSpec	()	DataStream
f120	METHOD	org.apache.flink.streaming.api.datastream.CachedDataStream	getParallelism			 int	()	DataStream
f120	METHOD	org.apache.flink.streaming.api.datastream.CachedDataStream	getPreferredResources			 org.apache.flink.api.common.operators.ResourceSpec	()	DataStream
f120	METHOD	org.apache.flink.streaming.api.datastream.CachedDataStream	getTransformation			 org.apache.flink.api.dag.Transformation<T>	()	DataStream
f120	METHOD	org.apache.flink.streaming.api.datastream.CachedDataStream	getType			 org.apache.flink.api.common.typeinfo.TypeInformation<T>	()	DataStream
f120	METHOD	org.apache.flink.streaming.api.datastream.CachedDataStream	global			 org.apache.flink.streaming.api.datastream.DataStream<T>	()	DataStream
f120	METHOD	org.apache.flink.streaming.api.datastream.CachedDataStream	invalidate			 void	()	CachedDataStream
f120	METHOD	org.apache.flink.streaming.api.datastream.CachedDataStream	iterate		@Deprecated	 org.apache.flink.streaming.api.datastream.IterativeStream<T>	()	DataStream
f120	METHOD	org.apache.flink.streaming.api.datastream.CachedDataStream	iterate		@Deprecated	 org.apache.flink.streaming.api.datastream.IterativeStream<T>	(long)	DataStream
f120	METHOD	org.apache.flink.streaming.api.datastream.CachedDataStream	join			<T2> org.apache.flink.streaming.api.datastream.JoinedStreams<T, T2>	(org.apache.flink.streaming.api.datastream.DataStream<T2>)	DataStream
f120	METHOD	org.apache.flink.streaming.api.datastream.CachedDataStream	keyBy		@Deprecated	 org.apache.flink.streaming.api.datastream.KeyedStream<T, org.apache.flink.api.java.tuple.Tuple>	(int[])	DataStream
f120	METHOD	org.apache.flink.streaming.api.datastream.CachedDataStream	keyBy		@Deprecated	 org.apache.flink.streaming.api.datastream.KeyedStream<T, org.apache.flink.api.java.tuple.Tuple>	(java.lang.String[])	DataStream
f120	METHOD	org.apache.flink.streaming.api.datastream.CachedDataStream	keyBy			<K> org.apache.flink.streaming.api.datastream.KeyedStream<T, K>	(org.apache.flink.api.java.functions.KeySelector<T, K>, org.apache.flink.api.common.typeinfo.TypeInformation<K>)	DataStream
f120	METHOD	org.apache.flink.streaming.api.datastream.CachedDataStream	keyBy			<K> org.apache.flink.streaming.api.datastream.KeyedStream<T, K>	(org.apache.flink.api.java.functions.KeySelector<T, K>)	DataStream
f120	METHOD	org.apache.flink.streaming.api.datastream.CachedDataStream	map			<R> org.apache.flink.streaming.api.datastream.SingleOutputStreamOperator<R>	(org.apache.flink.api.common.functions.MapFunction<T, R>, org.apache.flink.api.common.typeinfo.TypeInformation<R>)	DataStream
f120	METHOD	org.apache.flink.streaming.api.datastream.CachedDataStream	map			<R> org.apache.flink.streaming.api.datastream.SingleOutputStreamOperator<R>	(org.apache.flink.api.common.functions.MapFunction<T, R>)	DataStream
f120	METHOD	org.apache.flink.streaming.api.datastream.CachedDataStream	partitionCustom		@Deprecated	<K> org.apache.flink.streaming.api.datastream.DataStream<T>	(org.apache.flink.api.common.functions.Partitioner<K>, java.lang.String)	DataStream
f120	METHOD	org.apache.flink.streaming.api.datastream.CachedDataStream	partitionCustom		@Deprecated	<K> org.apache.flink.streaming.api.datastream.DataStream<T>	(org.apache.flink.api.common.functions.Partitioner<K>, int)	DataStream
f120	METHOD	org.apache.flink.streaming.api.datastream.CachedDataStream	partitionCustom			<K> org.apache.flink.streaming.api.datastream.DataStream<T>	(org.apache.flink.api.common.functions.Partitioner<K>, org.apache.flink.api.java.functions.KeySelector<T, K>)	DataStream
f120	METHOD	org.apache.flink.streaming.api.datastream.CachedDataStream	printToErr			 org.apache.flink.streaming.api.datastream.DataStreamSink<T>	()	DataStream
f120	METHOD	org.apache.flink.streaming.api.datastream.CachedDataStream	printToErr			 org.apache.flink.streaming.api.datastream.DataStreamSink<T>	(java.lang.String)	DataStream
f120	METHOD	org.apache.flink.streaming.api.datastream.CachedDataStream	print			 org.apache.flink.streaming.api.datastream.DataStreamSink<T>	()	DataStream
f120	METHOD	org.apache.flink.streaming.api.datastream.CachedDataStream	print			 org.apache.flink.streaming.api.datastream.DataStreamSink<T>	(java.lang.String)	DataStream
f120	METHOD	org.apache.flink.streaming.api.datastream.CachedDataStream	process			<R> org.apache.flink.streaming.api.datastream.SingleOutputStreamOperator<R>	(org.apache.flink.streaming.api.functions.ProcessFunction<T, R>, org.apache.flink.api.common.typeinfo.TypeInformation<R>)	DataStream
f120	METHOD	org.apache.flink.streaming.api.datastream.CachedDataStream	process			<R> org.apache.flink.streaming.api.datastream.SingleOutputStreamOperator<R>	(org.apache.flink.streaming.api.functions.ProcessFunction<T, R>)	DataStream
f120	METHOD	org.apache.flink.streaming.api.datastream.CachedDataStream	project			<R> org.apache.flink.streaming.api.datastream.SingleOutputStreamOperator<R>	(int[])	DataStream
f120	METHOD	org.apache.flink.streaming.api.datastream.CachedDataStream	rebalance			 org.apache.flink.streaming.api.datastream.DataStream<T>	()	DataStream
f120	METHOD	org.apache.flink.streaming.api.datastream.CachedDataStream	rescale			 org.apache.flink.streaming.api.datastream.DataStream<T>	()	DataStream
f120	METHOD	org.apache.flink.streaming.api.datastream.CachedDataStream	setConnectionType	 protected		 org.apache.flink.streaming.api.datastream.DataStream<T>	(org.apache.flink.streaming.runtime.partitioner.StreamPartitioner<T>)	DataStream
f120	METHOD	org.apache.flink.streaming.api.datastream.CachedDataStream	shuffle			 org.apache.flink.streaming.api.datastream.DataStream<T>	()	DataStream
f120	METHOD	org.apache.flink.streaming.api.datastream.CachedDataStream	sinkTo			 org.apache.flink.streaming.api.datastream.DataStreamSink<T>	(org.apache.flink.api.connector.sink.Sink<T, ?, ?, ?>, org.apache.flink.streaming.api.datastream.CustomSinkOperatorUidHashes)	DataStream
f120	METHOD	org.apache.flink.streaming.api.datastream.CachedDataStream	sinkTo			 org.apache.flink.streaming.api.datastream.DataStreamSink<T>	(org.apache.flink.api.connector.sink.Sink<T, ?, ?, ?>)	DataStream
f120	METHOD	org.apache.flink.streaming.api.datastream.CachedDataStream	sinkTo			 org.apache.flink.streaming.api.datastream.DataStreamSink<T>	(org.apache.flink.api.connector.sink2.Sink<T>, org.apache.flink.streaming.api.datastream.CustomSinkOperatorUidHashes)	DataStream
f120	METHOD	org.apache.flink.streaming.api.datastream.CachedDataStream	sinkTo			 org.apache.flink.streaming.api.datastream.DataStreamSink<T>	(org.apache.flink.api.connector.sink2.Sink<T>)	DataStream
f120	METHOD	org.apache.flink.streaming.api.datastream.CachedDataStream	timeWindowAll		@Deprecated	 org.apache.flink.streaming.api.datastream.AllWindowedStream<T, org.apache.flink.streaming.api.windowing.windows.TimeWindow>	(org.apache.flink.streaming.api.windowing.time.Time, org.apache.flink.streaming.api.windowing.time.Time)	DataStream
f120	METHOD	org.apache.flink.streaming.api.datastream.CachedDataStream	timeWindowAll		@Deprecated	 org.apache.flink.streaming.api.datastream.AllWindowedStream<T, org.apache.flink.streaming.api.windowing.windows.TimeWindow>	(org.apache.flink.streaming.api.windowing.time.Time)	DataStream
f120	METHOD	org.apache.flink.streaming.api.datastream.CachedDataStream	transform			<R> org.apache.flink.streaming.api.datastream.SingleOutputStreamOperator<R>	(java.lang.String, org.apache.flink.api.common.typeinfo.TypeInformation<R>, org.apache.flink.streaming.api.operators.OneInputStreamOperatorFactory<T, R>)	DataStream
f120	METHOD	org.apache.flink.streaming.api.datastream.CachedDataStream	transform			<R> org.apache.flink.streaming.api.datastream.SingleOutputStreamOperator<R>	(java.lang.String, org.apache.flink.api.common.typeinfo.TypeInformation<R>, org.apache.flink.streaming.api.operators.OneInputStreamOperator<T, R>)	DataStream
f120	METHOD	org.apache.flink.streaming.api.datastream.CachedDataStream	union	final		 org.apache.flink.streaming.api.datastream.DataStream<T>	(org.apache.flink.streaming.api.datastream.DataStream<T>[])	DataStream
f120	METHOD	org.apache.flink.streaming.api.datastream.CachedDataStream	windowAll			<W> org.apache.flink.streaming.api.datastream.AllWindowedStream<T, W>	(org.apache.flink.streaming.api.windowing.assigners.WindowAssigner<? super T, W>)	DataStream
f120	METHOD	org.apache.flink.streaming.api.datastream.CachedDataStream	writeAsCsv		@Deprecated	<X> org.apache.flink.streaming.api.datastream.DataStreamSink<T>	(java.lang.String, org.apache.flink.core.fs.FileSystem$WriteMode, java.lang.String, java.lang.String)	DataStream
f120	METHOD	org.apache.flink.streaming.api.datastream.CachedDataStream	writeAsCsv		@Deprecated	 org.apache.flink.streaming.api.datastream.DataStreamSink<T>	(java.lang.String, org.apache.flink.core.fs.FileSystem$WriteMode)	DataStream
f120	METHOD	org.apache.flink.streaming.api.datastream.CachedDataStream	writeAsCsv		@Deprecated	 org.apache.flink.streaming.api.datastream.DataStreamSink<T>	(java.lang.String)	DataStream
f120	METHOD	org.apache.flink.streaming.api.datastream.CachedDataStream	writeAsText		@Deprecated	 org.apache.flink.streaming.api.datastream.DataStreamSink<T>	(java.lang.String, org.apache.flink.core.fs.FileSystem$WriteMode)	DataStream
f120	METHOD	org.apache.flink.streaming.api.datastream.CachedDataStream	writeAsText		@Deprecated	 org.apache.flink.streaming.api.datastream.DataStreamSink<T>	(java.lang.String)	DataStream
f120	METHOD	org.apache.flink.streaming.api.datastream.CachedDataStream	writeToSocket			 org.apache.flink.streaming.api.datastream.DataStreamSink<T>	(java.lang.String, int, org.apache.flink.api.common.serialization.SerializationSchema<T>)	DataStream
f120	METHOD	org.apache.flink.streaming.api.datastream.CachedDataStream	writeUsingOutputFormat		@Deprecated	 org.apache.flink.streaming.api.datastream.DataStreamSink<T>	(org.apache.flink.api.common.io.OutputFormat<T>)	DataStream
f120	FIELD	org.apache.flink.streaming.api.datastream.CachedDataStream	environment	protected final		org.apache.flink.streaming.api.environment.StreamExecutionEnvironment		DataStream
f120	FIELD	org.apache.flink.streaming.api.datastream.CachedDataStream	transformation	protected final		org.apache.flink.api.dag.Transformation<T>		DataStream
f120	CLASS	org.apache.flink.streaming.api.datastream.DataStreamSink	-			class java.lang.Object		
f120	CTOR	org.apache.flink.streaming.api.datastream.DataStreamSink	<init>				(org.apache.flink.streaming.api.transformations.PhysicalTransformation<T>)	
f120	METHOD	org.apache.flink.streaming.api.datastream.DataStreamSink	disableChaining			 org.apache.flink.streaming.api.datastream.DataStreamSink<T>	()	DataStreamSink
f120	METHOD	org.apache.flink.streaming.api.datastream.DataStreamSink	forSinkV1	static		<T> org.apache.flink.streaming.api.datastream.DataStreamSink<T>	(org.apache.flink.streaming.api.datastream.DataStream<T>, org.apache.flink.api.connector.sink.Sink<T, ?, ?, ?>, org.apache.flink.streaming.api.datastream.CustomSinkOperatorUidHashes)	DataStreamSink
f120	METHOD	org.apache.flink.streaming.api.datastream.DataStreamSink	forSink	static		<T> org.apache.flink.streaming.api.datastream.DataStreamSink<T>	(org.apache.flink.streaming.api.datastream.DataStream<T>, org.apache.flink.api.connector.sink2.Sink<T>, org.apache.flink.streaming.api.datastream.CustomSinkOperatorUidHashes)	DataStreamSink
f120	METHOD	org.apache.flink.streaming.api.datastream.DataStreamSink	getLegacyTransformation			 org.apache.flink.streaming.api.transformations.LegacySinkTransformation<T>	()	DataStreamSink
f120	METHOD	org.apache.flink.streaming.api.datastream.DataStreamSink	getTransformation			 org.apache.flink.api.dag.Transformation<T>	()	DataStreamSink
f120	METHOD	org.apache.flink.streaming.api.datastream.DataStreamSink	name			 org.apache.flink.streaming.api.datastream.DataStreamSink<T>	(java.lang.String)	DataStreamSink
f120	METHOD	org.apache.flink.streaming.api.datastream.DataStreamSink	setDescription			 org.apache.flink.streaming.api.datastream.DataStreamSink<T>	(java.lang.String)	DataStreamSink
f120	METHOD	org.apache.flink.streaming.api.datastream.DataStreamSink	setMaxParallelism			 org.apache.flink.streaming.api.datastream.DataStreamSink<T>	(int)	DataStreamSink
f120	METHOD	org.apache.flink.streaming.api.datastream.DataStreamSink	setParallelism			 org.apache.flink.streaming.api.datastream.DataStreamSink<T>	(int)	DataStreamSink
f120	METHOD	org.apache.flink.streaming.api.datastream.DataStreamSink	setUidHash			 org.apache.flink.streaming.api.datastream.DataStreamSink<T>	(java.lang.String)	DataStreamSink
f120	METHOD	org.apache.flink.streaming.api.datastream.DataStreamSink	slotSharingGroup			 org.apache.flink.streaming.api.datastream.DataStreamSink<T>	(java.lang.String)	DataStreamSink
f120	METHOD	org.apache.flink.streaming.api.datastream.DataStreamSink	slotSharingGroup			 org.apache.flink.streaming.api.datastream.DataStreamSink<T>	(org.apache.flink.api.common.operators.SlotSharingGroup)	DataStreamSink
f120	METHOD	org.apache.flink.streaming.api.datastream.DataStreamSink	uid			 org.apache.flink.streaming.api.datastream.DataStreamSink<T>	(java.lang.String)	DataStreamSink
f120	FIELD	org.apache.flink.streaming.api.datastream.DataStreamSink	transformation	private final		org.apache.flink.streaming.api.transformations.PhysicalTransformation<T>		DataStreamSink
f120	CLASS	org.apache.flink.streaming.api.datastream.KeyedStream$IntervalJoin	-	static		class java.lang.Object		
f120	CTOR	org.apache.flink.streaming.api.datastream.KeyedStream$IntervalJoin	<init>	 package			(org.apache.flink.streaming.api.datastream.KeyedStream<T1, KEY>, org.apache.flink.streaming.api.datastream.KeyedStream<T2, KEY>)	
f120	METHOD	org.apache.flink.streaming.api.datastream.KeyedStream$IntervalJoin	between			 org.apache.flink.streaming.api.datastream.KeyedStream$IntervalJoined<T1, T2, KEY>	(java.time.Duration, java.time.Duration)	IntervalJoin
f120	METHOD	org.apache.flink.streaming.api.datastream.KeyedStream$IntervalJoin	between		@Deprecated	 org.apache.flink.streaming.api.datastream.KeyedStream$IntervalJoined<T1, T2, KEY>	(org.apache.flink.streaming.api.windowing.time.Time, org.apache.flink.streaming.api.windowing.time.Time)	IntervalJoin
f120	METHOD	org.apache.flink.streaming.api.datastream.KeyedStream$IntervalJoin	inEventTime			 org.apache.flink.streaming.api.datastream.KeyedStream$IntervalJoin<T1, T2, KEY>	()	IntervalJoin
f120	METHOD	org.apache.flink.streaming.api.datastream.KeyedStream$IntervalJoin	inProcessingTime			 org.apache.flink.streaming.api.datastream.KeyedStream$IntervalJoin<T1, T2, KEY>	()	IntervalJoin
f120	FIELD	org.apache.flink.streaming.api.datastream.KeyedStream$IntervalJoin	streamOne	private final		org.apache.flink.streaming.api.datastream.KeyedStream<T1, KEY>		IntervalJoin
f120	FIELD	org.apache.flink.streaming.api.datastream.KeyedStream$IntervalJoin	streamTwo	private final		org.apache.flink.streaming.api.datastream.KeyedStream<T2, KEY>		IntervalJoin
f120	FIELD	org.apache.flink.streaming.api.datastream.KeyedStream$IntervalJoin	timeBehaviour	private		org.apache.flink.streaming.api.datastream.KeyedStream$IntervalJoin$TimeBehaviour		IntervalJoin
f120	CLASS	org.apache.flink.streaming.api.datastream.KeyedStream$IntervalJoined	-	static		class java.lang.Object		
f120	CTOR	org.apache.flink.streaming.api.datastream.KeyedStream$IntervalJoined	<init>				(org.apache.flink.streaming.api.datastream.KeyedStream<IN1, KEY>, org.apache.flink.streaming.api.datastream.KeyedStream<IN2, KEY>, long, long, boolean, boolean)	
f120	METHOD	org.apache.flink.streaming.api.datastream.KeyedStream$IntervalJoined	lowerBoundExclusive			 org.apache.flink.streaming.api.datastream.KeyedStream$IntervalJoined<IN1, IN2, KEY>	()	IntervalJoined
f120	METHOD	org.apache.flink.streaming.api.datastream.KeyedStream$IntervalJoined	process			<OUT> org.apache.flink.streaming.api.datastream.SingleOutputStreamOperator<OUT>	(org.apache.flink.streaming.api.functions.co.ProcessJoinFunction<IN1, IN2, OUT>, org.apache.flink.api.common.typeinfo.TypeInformation<OUT>)	IntervalJoined
f120	METHOD	org.apache.flink.streaming.api.datastream.KeyedStream$IntervalJoined	process			<OUT> org.apache.flink.streaming.api.datastream.SingleOutputStreamOperator<OUT>	(org.apache.flink.streaming.api.functions.co.ProcessJoinFunction<IN1, IN2, OUT>)	IntervalJoined
f120	METHOD	org.apache.flink.streaming.api.datastream.KeyedStream$IntervalJoined	sideOutputLeftLateData			 org.apache.flink.streaming.api.datastream.KeyedStream$IntervalJoined<IN1, IN2, KEY>	(org.apache.flink.util.OutputTag<IN1>)	IntervalJoined
f120	METHOD	org.apache.flink.streaming.api.datastream.KeyedStream$IntervalJoined	sideOutputRightLateData			 org.apache.flink.streaming.api.datastream.KeyedStream$IntervalJoined<IN1, IN2, KEY>	(org.apache.flink.util.OutputTag<IN2>)	IntervalJoined
f120	METHOD	org.apache.flink.streaming.api.datastream.KeyedStream$IntervalJoined	upperBoundExclusive			 org.apache.flink.streaming.api.datastream.KeyedStream$IntervalJoined<IN1, IN2, KEY>	()	IntervalJoined
f120	FIELD	org.apache.flink.streaming.api.datastream.KeyedStream$IntervalJoined	left	private final		org.apache.flink.streaming.api.datastream.KeyedStream<IN1, KEY>		IntervalJoined
f120	FIELD	org.apache.flink.streaming.api.datastream.KeyedStream$IntervalJoined	right	private final		org.apache.flink.streaming.api.datastream.KeyedStream<IN2, KEY>		IntervalJoined
f120	FIELD	org.apache.flink.streaming.api.datastream.KeyedStream$IntervalJoined	lowerBound	private final		long		IntervalJoined
f120	FIELD	org.apache.flink.streaming.api.datastream.KeyedStream$IntervalJoined	upperBound	private final		long		IntervalJoined
f120	FIELD	org.apache.flink.streaming.api.datastream.KeyedStream$IntervalJoined	keySelector1	private final		org.apache.flink.api.java.functions.KeySelector<IN1, KEY>		IntervalJoined
f120	FIELD	org.apache.flink.streaming.api.datastream.KeyedStream$IntervalJoined	keySelector2	private final		org.apache.flink.api.java.functions.KeySelector<IN2, KEY>		IntervalJoined
f120	FIELD	org.apache.flink.streaming.api.datastream.KeyedStream$IntervalJoined	lowerBoundInclusive	private		boolean		IntervalJoined
f120	FIELD	org.apache.flink.streaming.api.datastream.KeyedStream$IntervalJoined	upperBoundInclusive	private		boolean		IntervalJoined
f120	FIELD	org.apache.flink.streaming.api.datastream.KeyedStream$IntervalJoined	leftLateDataOutputTag	private		org.apache.flink.util.OutputTag<IN1>		IntervalJoined
f120	FIELD	org.apache.flink.streaming.api.datastream.KeyedStream$IntervalJoined	rightLateDataOutputTag	private		org.apache.flink.util.OutputTag<IN2>		IntervalJoined
f120	CLASS	org.apache.flink.streaming.api.datastream.AsyncDataStream	-			class java.lang.Object		
f120	CTOR	org.apache.flink.streaming.api.datastream.AsyncDataStream	<init>				()	
f120	METHOD	org.apache.flink.streaming.api.datastream.AsyncDataStream	orderedWaitWithRetry	static		<IN,OUT> org.apache.flink.streaming.api.datastream.SingleOutputStreamOperator<OUT>	(org.apache.flink.streaming.api.datastream.DataStream<IN>, org.apache.flink.streaming.api.functions.async.AsyncFunction<IN, OUT>, long, java.util.concurrent.TimeUnit, int, org.apache.flink.streaming.api.functions.async.AsyncRetryStrategy<OUT>)	AsyncDataStream
f120	METHOD	org.apache.flink.streaming.api.datastream.AsyncDataStream	orderedWaitWithRetry	static		<IN,OUT> org.apache.flink.streaming.api.datastream.SingleOutputStreamOperator<OUT>	(org.apache.flink.streaming.api.datastream.DataStream<IN>, org.apache.flink.streaming.api.functions.async.AsyncFunction<IN, OUT>, long, java.util.concurrent.TimeUnit, org.apache.flink.streaming.api.functions.async.AsyncRetryStrategy<OUT>)	AsyncDataStream
f120	METHOD	org.apache.flink.streaming.api.datastream.AsyncDataStream	orderedWait	static		<IN,OUT> org.apache.flink.streaming.api.datastream.SingleOutputStreamOperator<OUT>	(org.apache.flink.streaming.api.datastream.DataStream<IN>, org.apache.flink.streaming.api.functions.async.AsyncFunction<IN, OUT>, long, java.util.concurrent.TimeUnit, int)	AsyncDataStream
f120	METHOD	org.apache.flink.streaming.api.datastream.AsyncDataStream	orderedWait	static		<IN,OUT> org.apache.flink.streaming.api.datastream.SingleOutputStreamOperator<OUT>	(org.apache.flink.streaming.api.datastream.DataStream<IN>, org.apache.flink.streaming.api.functions.async.AsyncFunction<IN, OUT>, long, java.util.concurrent.TimeUnit)	AsyncDataStream
f120	METHOD	org.apache.flink.streaming.api.datastream.AsyncDataStream	unorderedWaitWithRetry	static		<IN,OUT> org.apache.flink.streaming.api.datastream.SingleOutputStreamOperator<OUT>	(org.apache.flink.streaming.api.datastream.DataStream<IN>, org.apache.flink.streaming.api.functions.async.AsyncFunction<IN, OUT>, long, java.util.concurrent.TimeUnit, int, org.apache.flink.streaming.api.functions.async.AsyncRetryStrategy<OUT>)	AsyncDataStream
f120	METHOD	org.apache.flink.streaming.api.datastream.AsyncDataStream	unorderedWaitWithRetry	static		<IN,OUT> org.apache.flink.streaming.api.datastream.SingleOutputStreamOperator<OUT>	(org.apache.flink.streaming.api.datastream.DataStream<IN>, org.apache.flink.streaming.api.functions.async.AsyncFunction<IN, OUT>, long, java.util.concurrent.TimeUnit, org.apache.flink.streaming.api.functions.async.AsyncRetryStrategy<OUT>)	AsyncDataStream
f120	METHOD	org.apache.flink.streaming.api.datastream.AsyncDataStream	unorderedWait	static		<IN,OUT> org.apache.flink.streaming.api.datastream.SingleOutputStreamOperator<OUT>	(org.apache.flink.streaming.api.datastream.DataStream<IN>, org.apache.flink.streaming.api.functions.async.AsyncFunction<IN, OUT>, long, java.util.concurrent.TimeUnit, int)	AsyncDataStream
f120	METHOD	org.apache.flink.streaming.api.datastream.AsyncDataStream	unorderedWait	static		<IN,OUT> org.apache.flink.streaming.api.datastream.SingleOutputStreamOperator<OUT>	(org.apache.flink.streaming.api.datastream.DataStream<IN>, org.apache.flink.streaming.api.functions.async.AsyncFunction<IN, OUT>, long, java.util.concurrent.TimeUnit)	AsyncDataStream
f120	CLASS	org.apache.flink.streaming.api.datastream.DataStreamUtils	-	final		class java.lang.Object		
f120	METHOD	org.apache.flink.streaming.api.datastream.DataStreamUtils	collectBoundedStream	static	@Deprecated	<E> java.util.List<E>	(org.apache.flink.streaming.api.datastream.DataStream<E>, java.lang.String)	DataStreamUtils
f120	METHOD	org.apache.flink.streaming.api.datastream.DataStreamUtils	collectRecordsFromUnboundedStream	static	@Deprecated	<E> java.util.List<E>	(org.apache.flink.streaming.api.operators.collect.ClientAndIterator<E>, int)	DataStreamUtils
f120	METHOD	org.apache.flink.streaming.api.datastream.DataStreamUtils	collectUnboundedStream	static	@Deprecated	<E> java.util.List<E>	(org.apache.flink.streaming.api.datastream.DataStream<E>, int, java.lang.String)	DataStreamUtils
f120	METHOD	org.apache.flink.streaming.api.datastream.DataStreamUtils	collectWithClient	static	@Deprecated	<OUT> org.apache.flink.streaming.api.operators.collect.ClientAndIterator<OUT>	(org.apache.flink.streaming.api.datastream.DataStream<OUT>, java.lang.String)	DataStreamUtils
f120	METHOD	org.apache.flink.streaming.api.datastream.DataStreamUtils	collect	static	@Deprecated	<OUT> java.util.Iterator<OUT>	(org.apache.flink.streaming.api.datastream.DataStream<OUT>, java.lang.String)	DataStreamUtils
f120	METHOD	org.apache.flink.streaming.api.datastream.DataStreamUtils	collect	static	@Deprecated	<OUT> java.util.Iterator<OUT>	(org.apache.flink.streaming.api.datastream.DataStream<OUT>)	DataStreamUtils
f120	METHOD	org.apache.flink.streaming.api.datastream.DataStreamUtils	reinterpretAsKeyedStream	static		<T,K> org.apache.flink.streaming.api.datastream.KeyedStream<T, K>	(org.apache.flink.streaming.api.datastream.DataStream<T>, org.apache.flink.api.java.functions.KeySelector<T, K>, org.apache.flink.api.common.typeinfo.TypeInformation<K>)	DataStreamUtils
f120	METHOD	org.apache.flink.streaming.api.datastream.DataStreamUtils	reinterpretAsKeyedStream	static		<T,K> org.apache.flink.streaming.api.datastream.KeyedStream<T, K>	(org.apache.flink.streaming.api.datastream.DataStream<T>, org.apache.flink.api.java.functions.KeySelector<T, K>)	DataStreamUtils
f120	CLASS	org.apache.flink.streaming.api.environment.StreamExecutionEnvironment	-			class java.lang.Object		
f120	CTOR	org.apache.flink.streaming.api.environment.StreamExecutionEnvironment	<init>				(org.apache.flink.core.execution.PipelineExecutorServiceLoader, org.apache.flink.configuration.Configuration, java.lang.ClassLoader)	
f120	CTOR	org.apache.flink.streaming.api.environment.StreamExecutionEnvironment	<init>				(org.apache.flink.configuration.Configuration)	
f120	CTOR	org.apache.flink.streaming.api.environment.StreamExecutionEnvironment	<init>				()	
f120	CTOR	org.apache.flink.streaming.api.environment.StreamExecutionEnvironment	<init>				(org.apache.flink.configuration.Configuration, java.lang.ClassLoader)	
f120	METHOD	org.apache.flink.streaming.api.environment.StreamExecutionEnvironment	addDefaultKryoSerializer		@Deprecated	<T> void	(java.lang.Class<?>, T)	StreamExecutionEnvironment
f120	METHOD	org.apache.flink.streaming.api.environment.StreamExecutionEnvironment	addDefaultKryoSerializer		@Deprecated	 void	(java.lang.Class<?>, java.lang.Class<? extends com.esotericsoftware.kryo.Serializer<?>>)	StreamExecutionEnvironment
f120	METHOD	org.apache.flink.streaming.api.environment.StreamExecutionEnvironment	addOperator			 void	(org.apache.flink.api.dag.Transformation<?>)	StreamExecutionEnvironment
f120	METHOD	org.apache.flink.streaming.api.environment.StreamExecutionEnvironment	addSource		@Deprecated	<OUT> org.apache.flink.streaming.api.datastream.DataStreamSource<OUT>	(org.apache.flink.streaming.api.functions.source.SourceFunction<OUT>, java.lang.String, org.apache.flink.api.common.typeinfo.TypeInformation<OUT>)	StreamExecutionEnvironment
f120	METHOD	org.apache.flink.streaming.api.environment.StreamExecutionEnvironment	addSource		@Deprecated	<OUT> org.apache.flink.streaming.api.datastream.DataStreamSource<OUT>	(org.apache.flink.streaming.api.functions.source.SourceFunction<OUT>, java.lang.String)	StreamExecutionEnvironment
f120	METHOD	org.apache.flink.streaming.api.environment.StreamExecutionEnvironment	addSource		@Deprecated	<OUT> org.apache.flink.streaming.api.datastream.DataStreamSource<OUT>	(org.apache.flink.streaming.api.functions.source.SourceFunction<OUT>, org.apache.flink.api.common.typeinfo.TypeInformation<OUT>)	StreamExecutionEnvironment
f120	METHOD	org.apache.flink.streaming.api.environment.StreamExecutionEnvironment	addSource		@Deprecated	<OUT> org.apache.flink.streaming.api.datastream.DataStreamSource<OUT>	(org.apache.flink.streaming.api.functions.source.SourceFunction<OUT>)	StreamExecutionEnvironment
f120	METHOD	org.apache.flink.streaming.api.environment.StreamExecutionEnvironment	areExplicitEnvironmentsAllowed	static		 boolean	()	StreamExecutionEnvironment
f120	METHOD	org.apache.flink.streaming.api.environment.StreamExecutionEnvironment	clean			<F> F	(F)	StreamExecutionEnvironment
f120	METHOD	org.apache.flink.streaming.api.environment.StreamExecutionEnvironment	clearJobListeners			 void	()	StreamExecutionEnvironment
f120	METHOD	org.apache.flink.streaming.api.environment.StreamExecutionEnvironment	close			 void	()	StreamExecutionEnvironment
f120	METHOD	org.apache.flink.streaming.api.environment.StreamExecutionEnvironment	configure			 void	(org.apache.flink.configuration.ReadableConfig, java.lang.ClassLoader)	StreamExecutionEnvironment
f120	METHOD	org.apache.flink.streaming.api.environment.StreamExecutionEnvironment	configure			 void	(org.apache.flink.configuration.ReadableConfig)	StreamExecutionEnvironment
f120	METHOD	org.apache.flink.streaming.api.environment.StreamExecutionEnvironment	createInput			<OUT> org.apache.flink.streaming.api.datastream.DataStreamSource<OUT>	(org.apache.flink.api.common.io.InputFormat<OUT, ?>, org.apache.flink.api.common.typeinfo.TypeInformation<OUT>)	StreamExecutionEnvironment
f120	METHOD	org.apache.flink.streaming.api.environment.StreamExecutionEnvironment	createInput			<OUT> org.apache.flink.streaming.api.datastream.DataStreamSource<OUT>	(org.apache.flink.api.common.io.InputFormat<OUT, ?>)	StreamExecutionEnvironment
f120	METHOD	org.apache.flink.streaming.api.environment.StreamExecutionEnvironment	createLocalEnvironmentWithWebUI	static		 org.apache.flink.streaming.api.environment.StreamExecutionEnvironment	(org.apache.flink.configuration.Configuration)	StreamExecutionEnvironment
f120	METHOD	org.apache.flink.streaming.api.environment.StreamExecutionEnvironment	createLocalEnvironment	static		 org.apache.flink.streaming.api.environment.LocalStreamEnvironment	()	StreamExecutionEnvironment
f120	METHOD	org.apache.flink.streaming.api.environment.StreamExecutionEnvironment	createLocalEnvironment	static		 org.apache.flink.streaming.api.environment.LocalStreamEnvironment	(org.apache.flink.configuration.Configuration)	StreamExecutionEnvironment
f120	METHOD	org.apache.flink.streaming.api.environment.StreamExecutionEnvironment	createLocalEnvironment	static		 org.apache.flink.streaming.api.environment.LocalStreamEnvironment	(int, org.apache.flink.configuration.Configuration)	StreamExecutionEnvironment
f120	METHOD	org.apache.flink.streaming.api.environment.StreamExecutionEnvironment	createLocalEnvironment	static		 org.apache.flink.streaming.api.environment.LocalStreamEnvironment	(int)	StreamExecutionEnvironment
f120	METHOD	org.apache.flink.streaming.api.environment.StreamExecutionEnvironment	createRemoteEnvironment	static		 org.apache.flink.streaming.api.environment.StreamExecutionEnvironment	(java.lang.String, int, java.lang.String[])	StreamExecutionEnvironment
f120	METHOD	org.apache.flink.streaming.api.environment.StreamExecutionEnvironment	createRemoteEnvironment	static		 org.apache.flink.streaming.api.environment.StreamExecutionEnvironment	(java.lang.String, int, org.apache.flink.configuration.Configuration, java.lang.String[])	StreamExecutionEnvironment
f120	METHOD	org.apache.flink.streaming.api.environment.StreamExecutionEnvironment	createRemoteEnvironment	static		 org.apache.flink.streaming.api.environment.StreamExecutionEnvironment	(java.lang.String, int, int, java.lang.String[])	StreamExecutionEnvironment
f120	METHOD	org.apache.flink.streaming.api.environment.StreamExecutionEnvironment	disableOperatorChaining			 org.apache.flink.streaming.api.environment.StreamExecutionEnvironment	()	StreamExecutionEnvironment
f120	METHOD	org.apache.flink.streaming.api.environment.StreamExecutionEnvironment	enableChangelogStateBackend			 org.apache.flink.streaming.api.environment.StreamExecutionEnvironment	(boolean)	StreamExecutionEnvironment
f120	METHOD	org.apache.flink.streaming.api.environment.StreamExecutionEnvironment	enableCheckpointing		@Deprecated	 org.apache.flink.streaming.api.environment.StreamExecutionEnvironment	()	StreamExecutionEnvironment
f120	METHOD	org.apache.flink.streaming.api.environment.StreamExecutionEnvironment	enableCheckpointing			 org.apache.flink.streaming.api.environment.StreamExecutionEnvironment	(long, org.apache.flink.core.execution.CheckpointingMode)	StreamExecutionEnvironment
f120	METHOD	org.apache.flink.streaming.api.environment.StreamExecutionEnvironment	enableCheckpointing		@Deprecated	 org.apache.flink.streaming.api.environment.StreamExecutionEnvironment	(long, org.apache.flink.streaming.api.CheckpointingMode, boolean)	StreamExecutionEnvironment
f120	METHOD	org.apache.flink.streaming.api.environment.StreamExecutionEnvironment	enableCheckpointing		@Deprecated	 org.apache.flink.streaming.api.environment.StreamExecutionEnvironment	(long, org.apache.flink.streaming.api.CheckpointingMode)	StreamExecutionEnvironment
f120	METHOD	org.apache.flink.streaming.api.environment.StreamExecutionEnvironment	enableCheckpointing			 org.apache.flink.streaming.api.environment.StreamExecutionEnvironment	(long)	StreamExecutionEnvironment
f120	METHOD	org.apache.flink.streaming.api.environment.StreamExecutionEnvironment	executeAsync	final		 org.apache.flink.core.execution.JobClient	()	StreamExecutionEnvironment
f120	METHOD	org.apache.flink.streaming.api.environment.StreamExecutionEnvironment	executeAsync			 org.apache.flink.core.execution.JobClient	(java.lang.String)	StreamExecutionEnvironment
f120	METHOD	org.apache.flink.streaming.api.environment.StreamExecutionEnvironment	executeAsync			 org.apache.flink.core.execution.JobClient	(org.apache.flink.streaming.api.graph.StreamGraph)	StreamExecutionEnvironment
f120	METHOD	org.apache.flink.streaming.api.environment.StreamExecutionEnvironment	execute			 org.apache.flink.api.common.JobExecutionResult	()	StreamExecutionEnvironment
f120	METHOD	org.apache.flink.streaming.api.environment.StreamExecutionEnvironment	execute			 org.apache.flink.api.common.JobExecutionResult	(java.lang.String)	StreamExecutionEnvironment
f120	METHOD	org.apache.flink.streaming.api.environment.StreamExecutionEnvironment	execute			 org.apache.flink.api.common.JobExecutionResult	(org.apache.flink.streaming.api.graph.StreamGraph)	StreamExecutionEnvironment
f120	METHOD	org.apache.flink.streaming.api.environment.StreamExecutionEnvironment	fromCollection			<OUT> org.apache.flink.streaming.api.datastream.DataStreamSource<OUT>	(java.util.Collection<OUT>, org.apache.flink.api.common.typeinfo.TypeInformation<OUT>)	StreamExecutionEnvironment
f120	METHOD	org.apache.flink.streaming.api.environment.StreamExecutionEnvironment	fromCollection			<OUT> org.apache.flink.streaming.api.datastream.DataStreamSource<OUT>	(java.util.Collection<OUT>)	StreamExecutionEnvironment
f120	METHOD	org.apache.flink.streaming.api.environment.StreamExecutionEnvironment	fromCollection			<OUT> org.apache.flink.streaming.api.datastream.DataStreamSource<OUT>	(java.util.Iterator<OUT>, java.lang.Class<OUT>)	StreamExecutionEnvironment
f120	METHOD	org.apache.flink.streaming.api.environment.StreamExecutionEnvironment	fromCollection			<OUT> org.apache.flink.streaming.api.datastream.DataStreamSource<OUT>	(java.util.Iterator<OUT>, org.apache.flink.api.common.typeinfo.TypeInformation<OUT>)	StreamExecutionEnvironment
f120	METHOD	org.apache.flink.streaming.api.environment.StreamExecutionEnvironment	fromData	final		<OUT> org.apache.flink.streaming.api.datastream.DataStreamSource<OUT>	(OUT[])	StreamExecutionEnvironment
f120	METHOD	org.apache.flink.streaming.api.environment.StreamExecutionEnvironment	fromData	final		<OUT> org.apache.flink.streaming.api.datastream.DataStreamSource<OUT>	(java.lang.Class<OUT>, OUT[])	StreamExecutionEnvironment
f120	METHOD	org.apache.flink.streaming.api.environment.StreamExecutionEnvironment	fromData	final		<OUT> org.apache.flink.streaming.api.datastream.DataStreamSource<OUT>	(org.apache.flink.api.common.typeinfo.TypeInformation<OUT>, OUT[])	StreamExecutionEnvironment
f120	METHOD	org.apache.flink.streaming.api.environment.StreamExecutionEnvironment	fromData			<OUT> org.apache.flink.streaming.api.datastream.DataStreamSource<OUT>	(java.util.Collection<OUT>, org.apache.flink.api.common.typeinfo.TypeInformation<OUT>)	StreamExecutionEnvironment
f120	METHOD	org.apache.flink.streaming.api.environment.StreamExecutionEnvironment	fromData			<OUT> org.apache.flink.streaming.api.datastream.DataStreamSource<OUT>	(java.util.Collection<OUT>)	StreamExecutionEnvironment
f120	METHOD	org.apache.flink.streaming.api.environment.StreamExecutionEnvironment	fromElements	final	@Deprecated	<OUT> org.apache.flink.streaming.api.datastream.DataStreamSource<OUT>	(OUT[])	StreamExecutionEnvironment
f120	METHOD	org.apache.flink.streaming.api.environment.StreamExecutionEnvironment	fromElements	final	@Deprecated	<OUT> org.apache.flink.streaming.api.datastream.DataStreamSource<OUT>	(java.lang.Class<OUT>, OUT[])	StreamExecutionEnvironment
f120	METHOD	org.apache.flink.streaming.api.environment.StreamExecutionEnvironment	fromParallelCollection			<OUT> org.apache.flink.streaming.api.datastream.DataStreamSource<OUT>	(org.apache.flink.util.SplittableIterator<OUT>, java.lang.Class<OUT>)	StreamExecutionEnvironment
f120	METHOD	org.apache.flink.streaming.api.environment.StreamExecutionEnvironment	fromParallelCollection			<OUT> org.apache.flink.streaming.api.datastream.DataStreamSource<OUT>	(org.apache.flink.util.SplittableIterator<OUT>, org.apache.flink.api.common.typeinfo.TypeInformation<OUT>)	StreamExecutionEnvironment
f120	METHOD	org.apache.flink.streaming.api.environment.StreamExecutionEnvironment	fromSequence			 org.apache.flink.streaming.api.datastream.DataStreamSource<java.lang.Long>	(long, long)	StreamExecutionEnvironment
f120	METHOD	org.apache.flink.streaming.api.environment.StreamExecutionEnvironment	fromSource			<OUT> org.apache.flink.streaming.api.datastream.DataStreamSource<OUT>	(org.apache.flink.api.connector.source.Source<OUT, ?, ?>, org.apache.flink.api.common.eventtime.WatermarkStrategy<OUT>, java.lang.String, org.apache.flink.api.common.typeinfo.TypeInformation<OUT>)	StreamExecutionEnvironment
f120	METHOD	org.apache.flink.streaming.api.environment.StreamExecutionEnvironment	fromSource			<OUT> org.apache.flink.streaming.api.datastream.DataStreamSource<OUT>	(org.apache.flink.api.connector.source.Source<OUT, ?, ?>, org.apache.flink.api.common.eventtime.WatermarkStrategy<OUT>, java.lang.String)	StreamExecutionEnvironment
f120	METHOD	org.apache.flink.streaming.api.environment.StreamExecutionEnvironment	generateSequence		@Deprecated	 org.apache.flink.streaming.api.datastream.DataStreamSource<java.lang.Long>	(long, long)	StreamExecutionEnvironment
f120	METHOD	org.apache.flink.streaming.api.environment.StreamExecutionEnvironment	generateStreamGraph			 org.apache.flink.streaming.api.graph.StreamGraph	(java.util.List<org.apache.flink.api.dag.Transformation<?>>)	StreamExecutionEnvironment
f120	METHOD	org.apache.flink.streaming.api.environment.StreamExecutionEnvironment	getBufferTimeout			 long	()	StreamExecutionEnvironment
f120	METHOD	org.apache.flink.streaming.api.environment.StreamExecutionEnvironment	getCachedFiles			 java.util.List<org.apache.flink.api.java.tuple.Tuple2<java.lang.String, org.apache.flink.api.common.cache.DistributedCache$DistributedCacheEntry>>	()	StreamExecutionEnvironment
f120	METHOD	org.apache.flink.streaming.api.environment.StreamExecutionEnvironment	getCheckpointConfig			 org.apache.flink.streaming.api.environment.CheckpointConfig	()	StreamExecutionEnvironment
f120	METHOD	org.apache.flink.streaming.api.environment.StreamExecutionEnvironment	getCheckpointInterval			 long	()	StreamExecutionEnvironment
f120	METHOD	org.apache.flink.streaming.api.environment.StreamExecutionEnvironment	getCheckpointingConsistencyMode			 org.apache.flink.core.execution.CheckpointingMode	()	StreamExecutionEnvironment
f120	METHOD	org.apache.flink.streaming.api.environment.StreamExecutionEnvironment	getCheckpointingMode		@Deprecated	 org.apache.flink.streaming.api.CheckpointingMode	()	StreamExecutionEnvironment
f120	METHOD	org.apache.flink.streaming.api.environment.StreamExecutionEnvironment	getConfig			 org.apache.flink.api.common.ExecutionConfig	()	StreamExecutionEnvironment
f120	METHOD	org.apache.flink.streaming.api.environment.StreamExecutionEnvironment	getConfiguration			 org.apache.flink.configuration.ReadableConfig	()	StreamExecutionEnvironment
f120	METHOD	org.apache.flink.streaming.api.environment.StreamExecutionEnvironment	getDefaultLocalParallelism	static		 int	()	StreamExecutionEnvironment
f120	METHOD	org.apache.flink.streaming.api.environment.StreamExecutionEnvironment	getDefaultSavepointDirectory			 org.apache.flink.core.fs.Path	()	StreamExecutionEnvironment
f120	METHOD	org.apache.flink.streaming.api.environment.StreamExecutionEnvironment	getExecutionEnvironment	static		 org.apache.flink.streaming.api.environment.StreamExecutionEnvironment	()	StreamExecutionEnvironment
f120	METHOD	org.apache.flink.streaming.api.environment.StreamExecutionEnvironment	getExecutionEnvironment	static		 org.apache.flink.streaming.api.environment.StreamExecutionEnvironment	(org.apache.flink.configuration.Configuration)	StreamExecutionEnvironment
f120	METHOD	org.apache.flink.streaming.api.environment.StreamExecutionEnvironment	getExecutionPlan			 java.lang.String	()	StreamExecutionEnvironment
f120	METHOD	org.apache.flink.streaming.api.environment.StreamExecutionEnvironment	getJobListeners			 java.util.List<org.apache.flink.core.execution.JobListener>	()	StreamExecutionEnvironment
f120	METHOD	org.apache.flink.streaming.api.environment.StreamExecutionEnvironment	getMaxParallelism			 int	()	StreamExecutionEnvironment
f120	METHOD	org.apache.flink.streaming.api.environment.StreamExecutionEnvironment	getNumberOfExecutionRetries		@Deprecated	 int	()	StreamExecutionEnvironment
f120	METHOD	org.apache.flink.streaming.api.environment.StreamExecutionEnvironment	getParallelism			 int	()	StreamExecutionEnvironment
f120	METHOD	org.apache.flink.streaming.api.environment.StreamExecutionEnvironment	getRestartStrategy		@Deprecated	 org.apache.flink.api.common.restartstrategy.RestartStrategies$RestartStrategyConfiguration	()	StreamExecutionEnvironment
f120	METHOD	org.apache.flink.streaming.api.environment.StreamExecutionEnvironment	getStateBackend		@Deprecated	 org.apache.flink.runtime.state.StateBackend	()	StreamExecutionEnvironment
f120	METHOD	org.apache.flink.streaming.api.environment.StreamExecutionEnvironment	getStreamGraph			 org.apache.flink.streaming.api.graph.StreamGraph	()	StreamExecutionEnvironment
f120	METHOD	org.apache.flink.streaming.api.environment.StreamExecutionEnvironment	getStreamGraph			 org.apache.flink.streaming.api.graph.StreamGraph	(boolean)	StreamExecutionEnvironment
f120	METHOD	org.apache.flink.streaming.api.environment.StreamExecutionEnvironment	getStreamTimeCharacteristic		@Deprecated	 org.apache.flink.streaming.api.TimeCharacteristic	()	StreamExecutionEnvironment
f120	METHOD	org.apache.flink.streaming.api.environment.StreamExecutionEnvironment	getTransformations			 java.util.List<org.apache.flink.api.dag.Transformation<?>>	()	StreamExecutionEnvironment
f120	METHOD	org.apache.flink.streaming.api.environment.StreamExecutionEnvironment	getUserClassloader	 protected		 java.lang.ClassLoader	()	StreamExecutionEnvironment
f120	METHOD	org.apache.flink.streaming.api.environment.StreamExecutionEnvironment	initializeContextEnvironment	static protected		 void	(org.apache.flink.streaming.api.environment.StreamExecutionEnvironmentFactory)	StreamExecutionEnvironment
f120	METHOD	org.apache.flink.streaming.api.environment.StreamExecutionEnvironment	invalidateClusterDataset			 void	(org.apache.flink.util.AbstractID)	StreamExecutionEnvironment
f120	METHOD	org.apache.flink.streaming.api.environment.StreamExecutionEnvironment	isChainingEnabled			 boolean	()	StreamExecutionEnvironment
f120	METHOD	org.apache.flink.streaming.api.environment.StreamExecutionEnvironment	isChainingOfOperatorsWithDifferentMaxParallelismEnabled			 boolean	()	StreamExecutionEnvironment
f120	METHOD	org.apache.flink.streaming.api.environment.StreamExecutionEnvironment	isChangelogStateBackendEnabled			 org.apache.flink.util.TernaryBoolean	()	StreamExecutionEnvironment
f120	METHOD	org.apache.flink.streaming.api.environment.StreamExecutionEnvironment	isForceCheckpointing		@Deprecated	 boolean	()	StreamExecutionEnvironment
f120	METHOD	org.apache.flink.streaming.api.environment.StreamExecutionEnvironment	isForceUnalignedCheckpoints			 boolean	()	StreamExecutionEnvironment
f120	METHOD	org.apache.flink.streaming.api.environment.StreamExecutionEnvironment	isUnalignedCheckpointsEnabled			 boolean	()	StreamExecutionEnvironment
f120	METHOD	org.apache.flink.streaming.api.environment.StreamExecutionEnvironment	listCompletedClusterDatasets	 protected		 java.util.Set<org.apache.flink.util.AbstractID>	()	StreamExecutionEnvironment
f120	METHOD	org.apache.flink.streaming.api.environment.StreamExecutionEnvironment	readFileStream		@Deprecated	 org.apache.flink.streaming.api.datastream.DataStream<java.lang.String>	(java.lang.String, long, org.apache.flink.streaming.api.functions.source.FileMonitoringFunction$WatchType)	StreamExecutionEnvironment
f120	METHOD	org.apache.flink.streaming.api.environment.StreamExecutionEnvironment	readFile		@Deprecated	<OUT> org.apache.flink.streaming.api.datastream.DataStreamSource<OUT>	(org.apache.flink.api.common.io.FileInputFormat<OUT>, java.lang.String, org.apache.flink.streaming.api.functions.source.FileProcessingMode, long, org.apache.flink.api.common.io.FilePathFilter)	StreamExecutionEnvironment
f120	METHOD	org.apache.flink.streaming.api.environment.StreamExecutionEnvironment	readFile		@Deprecated	<OUT> org.apache.flink.streaming.api.datastream.DataStreamSource<OUT>	(org.apache.flink.api.common.io.FileInputFormat<OUT>, java.lang.String, org.apache.flink.streaming.api.functions.source.FileProcessingMode, long, org.apache.flink.api.common.typeinfo.TypeInformation<OUT>)	StreamExecutionEnvironment
f120	METHOD	org.apache.flink.streaming.api.environment.StreamExecutionEnvironment	readFile		@Deprecated	<OUT> org.apache.flink.streaming.api.datastream.DataStreamSource<OUT>	(org.apache.flink.api.common.io.FileInputFormat<OUT>, java.lang.String, org.apache.flink.streaming.api.functions.source.FileProcessingMode, long)	StreamExecutionEnvironment
f120	METHOD	org.apache.flink.streaming.api.environment.StreamExecutionEnvironment	readFile		@Deprecated	<OUT> org.apache.flink.streaming.api.datastream.DataStreamSource<OUT>	(org.apache.flink.api.common.io.FileInputFormat<OUT>, java.lang.String)	StreamExecutionEnvironment
f120	METHOD	org.apache.flink.streaming.api.environment.StreamExecutionEnvironment	readTextFile		@Deprecated	 org.apache.flink.streaming.api.datastream.DataStreamSource<java.lang.String>	(java.lang.String, java.lang.String)	StreamExecutionEnvironment
f120	METHOD	org.apache.flink.streaming.api.environment.StreamExecutionEnvironment	readTextFile		@Deprecated	 org.apache.flink.streaming.api.datastream.DataStreamSource<java.lang.String>	(java.lang.String)	StreamExecutionEnvironment
f120	METHOD	org.apache.flink.streaming.api.environment.StreamExecutionEnvironment	registerCacheTransformation			<T> void	(org.apache.flink.util.AbstractID, org.apache.flink.streaming.api.transformations.CacheTransformation<T>)	StreamExecutionEnvironment
f120	METHOD	org.apache.flink.streaming.api.environment.StreamExecutionEnvironment	registerCachedFile			 void	(java.lang.String, java.lang.String, boolean)	StreamExecutionEnvironment
f120	METHOD	org.apache.flink.streaming.api.environment.StreamExecutionEnvironment	registerCachedFile			 void	(java.lang.String, java.lang.String)	StreamExecutionEnvironment
f120	METHOD	org.apache.flink.streaming.api.environment.StreamExecutionEnvironment	registerCollectIterator			 void	(org.apache.flink.streaming.api.operators.collect.CollectResultIterator<?>)	StreamExecutionEnvironment
f120	METHOD	org.apache.flink.streaming.api.environment.StreamExecutionEnvironment	registerJobListener			 void	(org.apache.flink.core.execution.JobListener)	StreamExecutionEnvironment
f120	METHOD	org.apache.flink.streaming.api.environment.StreamExecutionEnvironment	registerSlotSharingGroup			 org.apache.flink.streaming.api.environment.StreamExecutionEnvironment	(org.apache.flink.api.common.operators.SlotSharingGroup)	StreamExecutionEnvironment
f120	METHOD	org.apache.flink.streaming.api.environment.StreamExecutionEnvironment	registerTypeWithKryoSerializer		@Deprecated	<T> void	(java.lang.Class<?>, T)	StreamExecutionEnvironment
f120	METHOD	org.apache.flink.streaming.api.environment.StreamExecutionEnvironment	registerTypeWithKryoSerializer		@Deprecated	 void	(java.lang.Class<?>, java.lang.Class<? extends com.esotericsoftware.kryo.Serializer>)	StreamExecutionEnvironment
f120	METHOD	org.apache.flink.streaming.api.environment.StreamExecutionEnvironment	registerType		@Deprecated	 void	(java.lang.Class<?>)	StreamExecutionEnvironment
f120	METHOD	org.apache.flink.streaming.api.environment.StreamExecutionEnvironment	resetContextEnvironment	static protected		 void	()	StreamExecutionEnvironment
f120	METHOD	org.apache.flink.streaming.api.environment.StreamExecutionEnvironment	setBufferTimeout			 org.apache.flink.streaming.api.environment.StreamExecutionEnvironment	(long)	StreamExecutionEnvironment
f120	METHOD	org.apache.flink.streaming.api.environment.StreamExecutionEnvironment	setDefaultLocalParallelism	static		 void	(int)	StreamExecutionEnvironment
f120	METHOD	org.apache.flink.streaming.api.environment.StreamExecutionEnvironment	setDefaultSavepointDirectory			 org.apache.flink.streaming.api.environment.StreamExecutionEnvironment	(java.lang.String)	StreamExecutionEnvironment
f120	METHOD	org.apache.flink.streaming.api.environment.StreamExecutionEnvironment	setDefaultSavepointDirectory			 org.apache.flink.streaming.api.environment.StreamExecutionEnvironment	(java.net.URI)	StreamExecutionEnvironment
f120	METHOD	org.apache.flink.streaming.api.environment.StreamExecutionEnvironment	setDefaultSavepointDirectory			 org.apache.flink.streaming.api.environment.StreamExecutionEnvironment	(org.apache.flink.core.fs.Path)	StreamExecutionEnvironment
f120	METHOD	org.apache.flink.streaming.api.environment.StreamExecutionEnvironment	setMaxParallelism			 org.apache.flink.streaming.api.environment.StreamExecutionEnvironment	(int)	StreamExecutionEnvironment
f120	METHOD	org.apache.flink.streaming.api.environment.StreamExecutionEnvironment	setNumberOfExecutionRetries		@Deprecated	 void	(int)	StreamExecutionEnvironment
f120	METHOD	org.apache.flink.streaming.api.environment.StreamExecutionEnvironment	setParallelism			 org.apache.flink.streaming.api.environment.StreamExecutionEnvironment	(int)	StreamExecutionEnvironment
f120	METHOD	org.apache.flink.streaming.api.environment.StreamExecutionEnvironment	setRestartStrategy		@Deprecated	 void	(org.apache.flink.api.common.restartstrategy.RestartStrategies$RestartStrategyConfiguration)	StreamExecutionEnvironment
f120	METHOD	org.apache.flink.streaming.api.environment.StreamExecutionEnvironment	setRuntimeMode			 org.apache.flink.streaming.api.environment.StreamExecutionEnvironment	(org.apache.flink.api.common.RuntimeExecutionMode)	StreamExecutionEnvironment
f120	METHOD	org.apache.flink.streaming.api.environment.StreamExecutionEnvironment	setStateBackend		@Deprecated	 org.apache.flink.streaming.api.environment.StreamExecutionEnvironment	(org.apache.flink.runtime.state.StateBackend)	StreamExecutionEnvironment
f120	METHOD	org.apache.flink.streaming.api.environment.StreamExecutionEnvironment	setStreamTimeCharacteristic		@Deprecated	 void	(org.apache.flink.streaming.api.TimeCharacteristic)	StreamExecutionEnvironment
f120	METHOD	org.apache.flink.streaming.api.environment.StreamExecutionEnvironment	socketTextStream		@Deprecated	 org.apache.flink.streaming.api.datastream.DataStreamSource<java.lang.String>	(java.lang.String, int, char, long)	StreamExecutionEnvironment
f120	METHOD	org.apache.flink.streaming.api.environment.StreamExecutionEnvironment	socketTextStream		@Deprecated	 org.apache.flink.streaming.api.datastream.DataStreamSource<java.lang.String>	(java.lang.String, int, char)	StreamExecutionEnvironment
f120	METHOD	org.apache.flink.streaming.api.environment.StreamExecutionEnvironment	socketTextStream			 org.apache.flink.streaming.api.datastream.DataStreamSource<java.lang.String>	(java.lang.String, int, java.lang.String, long)	StreamExecutionEnvironment
f120	METHOD	org.apache.flink.streaming.api.environment.StreamExecutionEnvironment	socketTextStream			 org.apache.flink.streaming.api.datastream.DataStreamSource<java.lang.String>	(java.lang.String, int, java.lang.String)	StreamExecutionEnvironment
f120	METHOD	org.apache.flink.streaming.api.environment.StreamExecutionEnvironment	socketTextStream			 org.apache.flink.streaming.api.datastream.DataStreamSource<java.lang.String>	(java.lang.String, int)	StreamExecutionEnvironment
f120	FIELD	org.apache.flink.streaming.api.environment.StreamExecutionEnvironment	collectIterators	private final		java.util.List<org.apache.flink.streaming.api.operators.collect.CollectResultIterator<?>>		StreamExecutionEnvironment
f120	FIELD	org.apache.flink.streaming.api.environment.StreamExecutionEnvironment	config	protected final		org.apache.flink.api.common.ExecutionConfig		StreamExecutionEnvironment
f120	FIELD	org.apache.flink.streaming.api.environment.StreamExecutionEnvironment	checkpointCfg	protected final		org.apache.flink.streaming.api.environment.CheckpointConfig		StreamExecutionEnvironment
f120	FIELD	org.apache.flink.streaming.api.environment.StreamExecutionEnvironment	transformations	protected final		java.util.List<org.apache.flink.api.dag.Transformation<?>>		StreamExecutionEnvironment
f120	FIELD	org.apache.flink.streaming.api.environment.StreamExecutionEnvironment	cachedTransformations	private final		java.util.Map<org.apache.flink.util.AbstractID, org.apache.flink.streaming.api.transformations.CacheTransformation<?>>		StreamExecutionEnvironment
f120	FIELD	org.apache.flink.streaming.api.environment.StreamExecutionEnvironment	defaultStateBackend	private		org.apache.flink.runtime.state.StateBackend		StreamExecutionEnvironment
f120	FIELD	org.apache.flink.streaming.api.environment.StreamExecutionEnvironment	timeCharacteristic	private		org.apache.flink.streaming.api.TimeCharacteristic		StreamExecutionEnvironment
f120	FIELD	org.apache.flink.streaming.api.environment.StreamExecutionEnvironment	cacheFile	protected final		java.util.List<org.apache.flink.api.java.tuple.Tuple2<java.lang.String, org.apache.flink.api.common.cache.DistributedCache$DistributedCacheEntry>>		StreamExecutionEnvironment
f120	FIELD	org.apache.flink.streaming.api.environment.StreamExecutionEnvironment	executorServiceLoader	private final		org.apache.flink.core.execution.PipelineExecutorServiceLoader		StreamExecutionEnvironment
f120	FIELD	org.apache.flink.streaming.api.environment.StreamExecutionEnvironment	configuration	protected final		org.apache.flink.configuration.Configuration		StreamExecutionEnvironment
f120	FIELD	org.apache.flink.streaming.api.environment.StreamExecutionEnvironment	userClassloader	private final		java.lang.ClassLoader		StreamExecutionEnvironment
f120	FIELD	org.apache.flink.streaming.api.environment.StreamExecutionEnvironment	jobListeners	private final		java.util.List<org.apache.flink.core.execution.JobListener>		StreamExecutionEnvironment
f120	FIELD	org.apache.flink.streaming.api.environment.StreamExecutionEnvironment	slotSharingGroupResources	private final		java.util.Map<java.lang.String, org.apache.flink.runtime.clusterframework.types.ResourceProfile>		StreamExecutionEnvironment
f120	CLASS	org.apache.flink.api.common.typeinfo.TypeInformation	-	abstract		class java.lang.Object		
f120	CTOR	org.apache.flink.api.common.typeinfo.TypeInformation	<init>				()	
f120	METHOD	org.apache.flink.api.common.typeinfo.TypeInformation	canEqual	abstract		 boolean	(java.lang.Object)	TypeInformation
f120	METHOD	org.apache.flink.api.common.typeinfo.TypeInformation	createSerializer	abstract	@Deprecated	 org.apache.flink.api.common.typeutils.TypeSerializer<T>	(org.apache.flink.api.common.ExecutionConfig)	TypeInformation
f120	METHOD	org.apache.flink.api.common.typeinfo.TypeInformation	createSerializer			 org.apache.flink.api.common.typeutils.TypeSerializer<T>	(org.apache.flink.api.common.serialization.SerializerConfig)	TypeInformation
f120	METHOD	org.apache.flink.api.common.typeinfo.TypeInformation	equals	abstract		 boolean	(java.lang.Object)	TypeInformation
f120	METHOD	org.apache.flink.api.common.typeinfo.TypeInformation	getArity	abstract		 int	()	TypeInformation
f120	METHOD	org.apache.flink.api.common.typeinfo.TypeInformation	getGenericParameters			 java.util.Map<java.lang.String, org.apache.flink.api.common.typeinfo.TypeInformation<?>>	()	TypeInformation
f120	METHOD	org.apache.flink.api.common.typeinfo.TypeInformation	getTotalFields	abstract		 int	()	TypeInformation
f120	METHOD	org.apache.flink.api.common.typeinfo.TypeInformation	getTypeClass	abstract		 java.lang.Class<T>	()	TypeInformation
f120	METHOD	org.apache.flink.api.common.typeinfo.TypeInformation	hashCode	abstract		 int	()	TypeInformation
f120	METHOD	org.apache.flink.api.common.typeinfo.TypeInformation	isBasicType	abstract		 boolean	()	TypeInformation
f120	METHOD	org.apache.flink.api.common.typeinfo.TypeInformation	isKeyType	abstract		 boolean	()	TypeInformation
f120	METHOD	org.apache.flink.api.common.typeinfo.TypeInformation	isSortKeyType			 boolean	()	TypeInformation
f120	METHOD	org.apache.flink.api.common.typeinfo.TypeInformation	isTupleType	abstract		 boolean	()	TypeInformation
f120	METHOD	org.apache.flink.api.common.typeinfo.TypeInformation	of	static		<T> org.apache.flink.api.common.typeinfo.TypeInformation<T>	(java.lang.Class<T>)	TypeInformation
f120	METHOD	org.apache.flink.api.common.typeinfo.TypeInformation	of	static		<T> org.apache.flink.api.common.typeinfo.TypeInformation<T>	(org.apache.flink.api.common.typeinfo.TypeHint<T>)	TypeInformation
f120	METHOD	org.apache.flink.api.common.typeinfo.TypeInformation	toString	abstract		 java.lang.String	()	TypeInformation
f120	CLASS	org.apache.flink.api.common.typeutils.TypeSerializer	-	abstract		class java.lang.Object		
f120	CTOR	org.apache.flink.api.common.typeutils.TypeSerializer	<init>				()	
f120	METHOD	org.apache.flink.api.common.typeutils.TypeSerializer	copy	abstract		 T	(T, T)	TypeSerializer
f120	METHOD	org.apache.flink.api.common.typeutils.TypeSerializer	copy	abstract		 T	(T)	TypeSerializer
f120	METHOD	org.apache.flink.api.common.typeutils.TypeSerializer	copy	abstract		 void	(org.apache.flink.core.memory.DataInputView, org.apache.flink.core.memory.DataOutputView)	TypeSerializer
f120	METHOD	org.apache.flink.api.common.typeutils.TypeSerializer	createInstance	abstract		 T	()	TypeSerializer
f120	METHOD	org.apache.flink.api.common.typeutils.TypeSerializer	deserialize	abstract		 T	(T, org.apache.flink.core.memory.DataInputView)	TypeSerializer
f120	METHOD	org.apache.flink.api.common.typeutils.TypeSerializer	deserialize	abstract		 T	(org.apache.flink.core.memory.DataInputView)	TypeSerializer
f120	METHOD	org.apache.flink.api.common.typeutils.TypeSerializer	duplicate	abstract		 org.apache.flink.api.common.typeutils.TypeSerializer<T>	()	TypeSerializer
f120	METHOD	org.apache.flink.api.common.typeutils.TypeSerializer	equals	abstract		 boolean	(java.lang.Object)	TypeSerializer
f120	METHOD	org.apache.flink.api.common.typeutils.TypeSerializer	getLength	abstract		 int	()	TypeSerializer
f120	METHOD	org.apache.flink.api.common.typeutils.TypeSerializer	hashCode	abstract		 int	()	TypeSerializer
f120	METHOD	org.apache.flink.api.common.typeutils.TypeSerializer	isImmutableType	abstract		 boolean	()	TypeSerializer
f120	METHOD	org.apache.flink.api.common.typeutils.TypeSerializer	serialize	abstract		 void	(T, org.apache.flink.core.memory.DataOutputView)	TypeSerializer
f120	METHOD	org.apache.flink.api.common.typeutils.TypeSerializer	snapshotConfiguration	abstract		 org.apache.flink.api.common.typeutils.TypeSerializerSnapshot<T>	()	TypeSerializer
f120	CLASS	org.apache.flink.api.common.typeutils.TypeSerializerSnapshot	-	abstract		null		
f120	METHOD	org.apache.flink.api.common.typeutils.TypeSerializerSnapshot	getCurrentVersion	abstract		 int	()	TypeSerializerSnapshot
f120	METHOD	org.apache.flink.api.common.typeutils.TypeSerializerSnapshot	readSnapshot	abstract		 void	(int, org.apache.flink.core.memory.DataInputView, java.lang.ClassLoader)	TypeSerializerSnapshot
f120	METHOD	org.apache.flink.api.common.typeutils.TypeSerializerSnapshot	readVersionedSnapshot	static		<T> org.apache.flink.api.common.typeutils.TypeSerializerSnapshot<T>	(org.apache.flink.core.memory.DataInputView, java.lang.ClassLoader)	TypeSerializerSnapshot
f120	METHOD	org.apache.flink.api.common.typeutils.TypeSerializerSnapshot	resolveSchemaCompatibility		@Deprecated	 org.apache.flink.api.common.typeutils.TypeSerializerSchemaCompatibility<T>	(org.apache.flink.api.common.typeutils.TypeSerializer<T>)	TypeSerializerSnapshot
f120	METHOD	org.apache.flink.api.common.typeutils.TypeSerializerSnapshot	resolveSchemaCompatibility			 org.apache.flink.api.common.typeutils.TypeSerializerSchemaCompatibility<T>	(org.apache.flink.api.common.typeutils.TypeSerializerSnapshot<T>)	TypeSerializerSnapshot
f120	METHOD	org.apache.flink.api.common.typeutils.TypeSerializerSnapshot	restoreSerializer	abstract		 org.apache.flink.api.common.typeutils.TypeSerializer<T>	()	TypeSerializerSnapshot
f120	METHOD	org.apache.flink.api.common.typeutils.TypeSerializerSnapshot	writeSnapshot	abstract		 void	(org.apache.flink.core.memory.DataOutputView)	TypeSerializerSnapshot
f120	METHOD	org.apache.flink.api.common.typeutils.TypeSerializerSnapshot	writeVersionedSnapshot	static		 void	(org.apache.flink.core.memory.DataOutputView, org.apache.flink.api.common.typeutils.TypeSerializerSnapshot<?>)	TypeSerializerSnapshot
f120	CLASS	org.apache.flink.api.common.functions.RuntimeContext	-	abstract		null		
f120	METHOD	org.apache.flink.api.common.functions.RuntimeContext	addAccumulator	abstract		<V,A> void	(java.lang.String, org.apache.flink.api.common.accumulators.Accumulator<V, A>)	RuntimeContext
f120	METHOD	org.apache.flink.api.common.functions.RuntimeContext	createSerializer	abstract		<T> org.apache.flink.api.common.typeutils.TypeSerializer<T>	(org.apache.flink.api.common.typeinfo.TypeInformation<T>)	RuntimeContext
f120	METHOD	org.apache.flink.api.common.functions.RuntimeContext	getAccumulator	abstract		<V,A> org.apache.flink.api.common.accumulators.Accumulator<V, A>	(java.lang.String)	RuntimeContext
f120	METHOD	org.apache.flink.api.common.functions.RuntimeContext	getAggregatingState	abstract		<IN,ACC,OUT> org.apache.flink.api.common.state.AggregatingState<IN, OUT>	(org.apache.flink.api.common.state.AggregatingStateDescriptor<IN, ACC, OUT>)	RuntimeContext
f120	METHOD	org.apache.flink.api.common.functions.RuntimeContext	getAttemptNumber		@Deprecated	 int	()	RuntimeContext
f120	METHOD	org.apache.flink.api.common.functions.RuntimeContext	getBroadcastVariableWithInitializer	abstract		<T,C> C	(java.lang.String, org.apache.flink.api.common.functions.BroadcastVariableInitializer<T, C>)	RuntimeContext
f120	METHOD	org.apache.flink.api.common.functions.RuntimeContext	getBroadcastVariable	abstract		<RT> java.util.List<RT>	(java.lang.String)	RuntimeContext
f120	METHOD	org.apache.flink.api.common.functions.RuntimeContext	getDistributedCache	abstract		 org.apache.flink.api.common.cache.DistributedCache	()	RuntimeContext
f120	METHOD	org.apache.flink.api.common.functions.RuntimeContext	getDoubleCounter	abstract		 org.apache.flink.api.common.accumulators.DoubleCounter	(java.lang.String)	RuntimeContext
f120	METHOD	org.apache.flink.api.common.functions.RuntimeContext	getExecutionConfig	abstract	@Deprecated	 org.apache.flink.api.common.ExecutionConfig	()	RuntimeContext
f120	METHOD	org.apache.flink.api.common.functions.RuntimeContext	getExternalResourceInfos	abstract		 java.util.Set<org.apache.flink.api.common.externalresource.ExternalResourceInfo>	(java.lang.String)	RuntimeContext
f120	METHOD	org.apache.flink.api.common.functions.RuntimeContext	getGlobalJobParameters	abstract		 java.util.Map<java.lang.String, java.lang.String>	()	RuntimeContext
f120	METHOD	org.apache.flink.api.common.functions.RuntimeContext	getHistogram	abstract		 org.apache.flink.api.common.accumulators.Histogram	(java.lang.String)	RuntimeContext
f120	METHOD	org.apache.flink.api.common.functions.RuntimeContext	getIndexOfThisSubtask		@Deprecated	 int	()	RuntimeContext
f120	METHOD	org.apache.flink.api.common.functions.RuntimeContext	getIntCounter	abstract		 org.apache.flink.api.common.accumulators.IntCounter	(java.lang.String)	RuntimeContext
f120	METHOD	org.apache.flink.api.common.functions.RuntimeContext	getJobId		@Deprecated	 org.apache.flink.api.common.JobID	()	RuntimeContext
f120	METHOD	org.apache.flink.api.common.functions.RuntimeContext	getJobInfo	abstract		 org.apache.flink.api.common.JobInfo	()	RuntimeContext
f120	METHOD	org.apache.flink.api.common.functions.RuntimeContext	getListState	abstract		<T> org.apache.flink.api.common.state.ListState<T>	(org.apache.flink.api.common.state.ListStateDescriptor<T>)	RuntimeContext
f120	METHOD	org.apache.flink.api.common.functions.RuntimeContext	getLongCounter	abstract		 org.apache.flink.api.common.accumulators.LongCounter	(java.lang.String)	RuntimeContext
f120	METHOD	org.apache.flink.api.common.functions.RuntimeContext	getMapState	abstract		<UK,UV> org.apache.flink.api.common.state.MapState<UK, UV>	(org.apache.flink.api.common.state.MapStateDescriptor<UK, UV>)	RuntimeContext
f120	METHOD	org.apache.flink.api.common.functions.RuntimeContext	getMaxNumberOfParallelSubtasks		@Deprecated	 int	()	RuntimeContext
f120	METHOD	org.apache.flink.api.common.functions.RuntimeContext	getMetricGroup	abstract		 org.apache.flink.metrics.groups.OperatorMetricGroup	()	RuntimeContext
f120	METHOD	org.apache.flink.api.common.functions.RuntimeContext	getNumberOfParallelSubtasks		@Deprecated	 int	()	RuntimeContext
f120	METHOD	org.apache.flink.api.common.functions.RuntimeContext	getReducingState	abstract		<T> org.apache.flink.api.common.state.ReducingState<T>	(org.apache.flink.api.common.state.ReducingStateDescriptor<T>)	RuntimeContext
f120	METHOD	org.apache.flink.api.common.functions.RuntimeContext	getState	abstract		<T> org.apache.flink.api.common.state.ValueState<T>	(org.apache.flink.api.common.state.ValueStateDescriptor<T>)	RuntimeContext
f120	METHOD	org.apache.flink.api.common.functions.RuntimeContext	getTaskInfo	abstract		 org.apache.flink.api.common.TaskInfo	()	RuntimeContext
f120	METHOD	org.apache.flink.api.common.functions.RuntimeContext	getTaskNameWithSubtasks		@Deprecated	 java.lang.String	()	RuntimeContext
f120	METHOD	org.apache.flink.api.common.functions.RuntimeContext	getTaskName		@Deprecated	 java.lang.String	()	RuntimeContext
f120	METHOD	org.apache.flink.api.common.functions.RuntimeContext	getUserCodeClassLoader	abstract		 java.lang.ClassLoader	()	RuntimeContext
f120	METHOD	org.apache.flink.api.common.functions.RuntimeContext	hasBroadcastVariable	abstract		 boolean	(java.lang.String)	RuntimeContext
f120	METHOD	org.apache.flink.api.common.functions.RuntimeContext	isObjectReuseEnabled	abstract		 boolean	()	RuntimeContext
f120	METHOD	org.apache.flink.api.common.functions.RuntimeContext	registerUserCodeClassLoaderReleaseHookIfAbsent	abstract		 void	(java.lang.String, java.lang.Runnable)	RuntimeContext
f120	CLASS	org.apache.flink.api.common.state.StateDescriptor	-	abstract		class java.lang.Object		
f120	CTOR	org.apache.flink.api.common.state.StateDescriptor	<init>				(java.lang.String, java.lang.Class<T>, T)	
f120	CTOR	org.apache.flink.api.common.state.StateDescriptor	<init>				(java.lang.String, org.apache.flink.api.common.typeinfo.TypeInformation<T>, T)	
f120	CTOR	org.apache.flink.api.common.state.StateDescriptor	<init>				(java.lang.String, org.apache.flink.api.common.typeutils.TypeSerializer<T>, T)	
f120	METHOD	org.apache.flink.api.common.state.StateDescriptor	enableTimeToLive			 void	(org.apache.flink.api.common.state.StateTtlConfig)	StateDescriptor
f120	METHOD	org.apache.flink.api.common.state.StateDescriptor	equals	final		 boolean	(java.lang.Object)	StateDescriptor
f120	METHOD	org.apache.flink.api.common.state.StateDescriptor	getDefaultValue			 T	()	StateDescriptor
f120	METHOD	org.apache.flink.api.common.state.StateDescriptor	getName			 java.lang.String	()	StateDescriptor
f120	METHOD	org.apache.flink.api.common.state.StateDescriptor	getQueryableStateName		@Deprecated	 java.lang.String	()	StateDescriptor
f120	METHOD	org.apache.flink.api.common.state.StateDescriptor	getSerializer			 org.apache.flink.api.common.typeutils.TypeSerializer<T>	()	StateDescriptor
f120	METHOD	org.apache.flink.api.common.state.StateDescriptor	getTtlConfig			 org.apache.flink.api.common.state.StateTtlConfig	()	StateDescriptor
f120	METHOD	org.apache.flink.api.common.state.StateDescriptor	getType	abstract		 org.apache.flink.api.common.state.StateDescriptor$Type	()	StateDescriptor
f120	METHOD	org.apache.flink.api.common.state.StateDescriptor	hashCode	final		 int	()	StateDescriptor
f120	METHOD	org.apache.flink.api.common.state.StateDescriptor	initializeSerializerUnlessSet			 void	(org.apache.flink.api.common.ExecutionConfig)	StateDescriptor
f120	METHOD	org.apache.flink.api.common.state.StateDescriptor	initializeSerializerUnlessSet			 void	(org.apache.flink.api.common.functions.SerializerFactory)	StateDescriptor
f120	METHOD	org.apache.flink.api.common.state.StateDescriptor	isQueryable		@Deprecated	 boolean	()	StateDescriptor
f120	METHOD	org.apache.flink.api.common.state.StateDescriptor	isSerializerInitialized			 boolean	()	StateDescriptor
f120	METHOD	org.apache.flink.api.common.state.StateDescriptor	setQueryable		@Deprecated	 void	(java.lang.String)	StateDescriptor
f120	METHOD	org.apache.flink.api.common.state.StateDescriptor	toString			 java.lang.String	()	StateDescriptor
f120	FIELD	org.apache.flink.api.common.state.StateDescriptor	name	protected final		java.lang.String		StateDescriptor
f120	FIELD	org.apache.flink.api.common.state.StateDescriptor	serializerAtomicReference	private final		java.util.concurrent.atomic.AtomicReference<org.apache.flink.api.common.typeutils.TypeSerializer<T>>		StateDescriptor
f120	FIELD	org.apache.flink.api.common.state.StateDescriptor	typeInfo	private		org.apache.flink.api.common.typeinfo.TypeInformation<T>		StateDescriptor
f120	FIELD	org.apache.flink.api.common.state.StateDescriptor	queryableStateName	private		java.lang.String		StateDescriptor
f120	FIELD	org.apache.flink.api.common.state.StateDescriptor	ttlConfig	private		org.apache.flink.api.common.state.StateTtlConfig		StateDescriptor
f120	FIELD	org.apache.flink.api.common.state.StateDescriptor	defaultValue	protected		T		StateDescriptor
f120	CLASS	org.apache.flink.api.common.state.ValueStateDescriptor	-			org.apache.flink.api.common.state.StateDescriptor<org.apache.flink.api.common.state.ValueState<T>, T>		
f120	CTOR	org.apache.flink.api.common.state.ValueStateDescriptor	<init>				(java.lang.String, org.apache.flink.api.common.typeutils.TypeSerializer<T>)	
f120	CTOR	org.apache.flink.api.common.state.ValueStateDescriptor	<init>				(java.lang.String, org.apache.flink.api.common.typeinfo.TypeInformation<T>)	
f120	CTOR	org.apache.flink.api.common.state.ValueStateDescriptor	<init>				(java.lang.String, java.lang.Class<T>)	
f120	CTOR	org.apache.flink.api.common.state.ValueStateDescriptor	<init>		@Deprecated		(java.lang.String, java.lang.Class<T>, T)	
f120	CTOR	org.apache.flink.api.common.state.ValueStateDescriptor	<init>		@Deprecated		(java.lang.String, org.apache.flink.api.common.typeinfo.TypeInformation<T>, T)	
f120	CTOR	org.apache.flink.api.common.state.ValueStateDescriptor	<init>		@Deprecated		(java.lang.String, org.apache.flink.api.common.typeutils.TypeSerializer<T>, T)	
f120	METHOD	org.apache.flink.api.common.state.ValueStateDescriptor	enableTimeToLive			 void	(org.apache.flink.api.common.state.StateTtlConfig)	StateDescriptor
f120	METHOD	org.apache.flink.api.common.state.ValueStateDescriptor	equals	final		 boolean	(java.lang.Object)	StateDescriptor
f120	METHOD	org.apache.flink.api.common.state.ValueStateDescriptor	getDefaultValue			 T	()	StateDescriptor
f120	METHOD	org.apache.flink.api.common.state.ValueStateDescriptor	getName			 java.lang.String	()	StateDescriptor
f120	METHOD	org.apache.flink.api.common.state.ValueStateDescriptor	getQueryableStateName		@Deprecated	 java.lang.String	()	StateDescriptor
f120	METHOD	org.apache.flink.api.common.state.ValueStateDescriptor	getSerializer			 org.apache.flink.api.common.typeutils.TypeSerializer<T>	()	StateDescriptor
f120	METHOD	org.apache.flink.api.common.state.ValueStateDescriptor	getTtlConfig			 org.apache.flink.api.common.state.StateTtlConfig	()	StateDescriptor
f120	METHOD	org.apache.flink.api.common.state.ValueStateDescriptor	getType			 org.apache.flink.api.common.state.StateDescriptor$Type	()	ValueStateDescriptor
f120	METHOD	org.apache.flink.api.common.state.ValueStateDescriptor	hashCode	final		 int	()	StateDescriptor
f120	METHOD	org.apache.flink.api.common.state.ValueStateDescriptor	initializeSerializerUnlessSet			 void	(org.apache.flink.api.common.ExecutionConfig)	StateDescriptor
f120	METHOD	org.apache.flink.api.common.state.ValueStateDescriptor	initializeSerializerUnlessSet			 void	(org.apache.flink.api.common.functions.SerializerFactory)	StateDescriptor
f120	METHOD	org.apache.flink.api.common.state.ValueStateDescriptor	isQueryable		@Deprecated	 boolean	()	StateDescriptor
f120	METHOD	org.apache.flink.api.common.state.ValueStateDescriptor	isSerializerInitialized			 boolean	()	StateDescriptor
f120	METHOD	org.apache.flink.api.common.state.ValueStateDescriptor	setQueryable		@Deprecated	 void	(java.lang.String)	StateDescriptor
f120	METHOD	org.apache.flink.api.common.state.ValueStateDescriptor	toString			 java.lang.String	()	StateDescriptor
f120	FIELD	org.apache.flink.api.common.state.ValueStateDescriptor	name	protected final		java.lang.String		StateDescriptor
f120	FIELD	org.apache.flink.api.common.state.ValueStateDescriptor	serializerAtomicReference	private final		java.util.concurrent.atomic.AtomicReference<org.apache.flink.api.common.typeutils.TypeSerializer<T>>		StateDescriptor
f120	FIELD	org.apache.flink.api.common.state.ValueStateDescriptor	typeInfo	private		org.apache.flink.api.common.typeinfo.TypeInformation<T>		StateDescriptor
f120	FIELD	org.apache.flink.api.common.state.ValueStateDescriptor	queryableStateName	private		java.lang.String		StateDescriptor
f120	FIELD	org.apache.flink.api.common.state.ValueStateDescriptor	ttlConfig	private		org.apache.flink.api.common.state.StateTtlConfig		StateDescriptor
f120	FIELD	org.apache.flink.api.common.state.ValueStateDescriptor	defaultValue	protected		T		StateDescriptor
f120	CLASS	org.apache.flink.api.common.state.ListStateDescriptor	-			org.apache.flink.api.common.state.StateDescriptor<org.apache.flink.api.common.state.ListState<T>, java.util.List<T>>		
f120	CTOR	org.apache.flink.api.common.state.ListStateDescriptor	<init>				(java.lang.String, org.apache.flink.api.common.typeutils.TypeSerializer<T>)	
f120	CTOR	org.apache.flink.api.common.state.ListStateDescriptor	<init>				(java.lang.String, org.apache.flink.api.common.typeinfo.TypeInformation<T>)	
f120	CTOR	org.apache.flink.api.common.state.ListStateDescriptor	<init>				(java.lang.String, java.lang.Class<T>)	
f120	METHOD	org.apache.flink.api.common.state.ListStateDescriptor	enableTimeToLive			 void	(org.apache.flink.api.common.state.StateTtlConfig)	StateDescriptor
f120	METHOD	org.apache.flink.api.common.state.ListStateDescriptor	equals	final		 boolean	(java.lang.Object)	StateDescriptor
f120	METHOD	org.apache.flink.api.common.state.ListStateDescriptor	getDefaultValue			 T	()	StateDescriptor
f120	METHOD	org.apache.flink.api.common.state.ListStateDescriptor	getElementSerializer			 org.apache.flink.api.common.typeutils.TypeSerializer<T>	()	ListStateDescriptor
f120	METHOD	org.apache.flink.api.common.state.ListStateDescriptor	getName			 java.lang.String	()	StateDescriptor
f120	METHOD	org.apache.flink.api.common.state.ListStateDescriptor	getQueryableStateName		@Deprecated	 java.lang.String	()	StateDescriptor
f120	METHOD	org.apache.flink.api.common.state.ListStateDescriptor	getSerializer			 org.apache.flink.api.common.typeutils.TypeSerializer<T>	()	StateDescriptor
f120	METHOD	org.apache.flink.api.common.state.ListStateDescriptor	getTtlConfig			 org.apache.flink.api.common.state.StateTtlConfig	()	StateDescriptor
f120	METHOD	org.apache.flink.api.common.state.ListStateDescriptor	getType			 org.apache.flink.api.common.state.StateDescriptor$Type	()	ListStateDescriptor
f120	METHOD	org.apache.flink.api.common.state.ListStateDescriptor	hashCode	final		 int	()	StateDescriptor
f120	METHOD	org.apache.flink.api.common.state.ListStateDescriptor	initializeSerializerUnlessSet			 void	(org.apache.flink.api.common.ExecutionConfig)	StateDescriptor
f120	METHOD	org.apache.flink.api.common.state.ListStateDescriptor	initializeSerializerUnlessSet			 void	(org.apache.flink.api.common.functions.SerializerFactory)	StateDescriptor
f120	METHOD	org.apache.flink.api.common.state.ListStateDescriptor	isQueryable		@Deprecated	 boolean	()	StateDescriptor
f120	METHOD	org.apache.flink.api.common.state.ListStateDescriptor	isSerializerInitialized			 boolean	()	StateDescriptor
f120	METHOD	org.apache.flink.api.common.state.ListStateDescriptor	setQueryable		@Deprecated	 void	(java.lang.String)	StateDescriptor
f120	METHOD	org.apache.flink.api.common.state.ListStateDescriptor	toString			 java.lang.String	()	StateDescriptor
f120	FIELD	org.apache.flink.api.common.state.ListStateDescriptor	name	protected final		java.lang.String		StateDescriptor
f120	FIELD	org.apache.flink.api.common.state.ListStateDescriptor	serializerAtomicReference	private final		java.util.concurrent.atomic.AtomicReference<org.apache.flink.api.common.typeutils.TypeSerializer<T>>		StateDescriptor
f120	FIELD	org.apache.flink.api.common.state.ListStateDescriptor	typeInfo	private		org.apache.flink.api.common.typeinfo.TypeInformation<T>		StateDescriptor
f120	FIELD	org.apache.flink.api.common.state.ListStateDescriptor	queryableStateName	private		java.lang.String		StateDescriptor
f120	FIELD	org.apache.flink.api.common.state.ListStateDescriptor	ttlConfig	private		org.apache.flink.api.common.state.StateTtlConfig		StateDescriptor
f120	FIELD	org.apache.flink.api.common.state.ListStateDescriptor	defaultValue	protected		T		StateDescriptor
f120	CLASS	org.apache.flink.api.common.state.MapStateDescriptor	-			org.apache.flink.api.common.state.StateDescriptor<org.apache.flink.api.common.state.MapState<UK, UV>, java.util.Map<UK, UV>>		
f120	CTOR	org.apache.flink.api.common.state.MapStateDescriptor	<init>				(java.lang.String, java.lang.Class<UK>, java.lang.Class<UV>)	
f120	CTOR	org.apache.flink.api.common.state.MapStateDescriptor	<init>				(java.lang.String, org.apache.flink.api.common.typeinfo.TypeInformation<UK>, org.apache.flink.api.common.typeinfo.TypeInformation<UV>)	
f120	CTOR	org.apache.flink.api.common.state.MapStateDescriptor	<init>				(java.lang.String, org.apache.flink.api.common.typeutils.TypeSerializer<UK>, org.apache.flink.api.common.typeutils.TypeSerializer<UV>)	
f120	METHOD	org.apache.flink.api.common.state.MapStateDescriptor	enableTimeToLive			 void	(org.apache.flink.api.common.state.StateTtlConfig)	StateDescriptor
f120	METHOD	org.apache.flink.api.common.state.MapStateDescriptor	equals	final		 boolean	(java.lang.Object)	StateDescriptor
f120	METHOD	org.apache.flink.api.common.state.MapStateDescriptor	getDefaultValue			 T	()	StateDescriptor
f120	METHOD	org.apache.flink.api.common.state.MapStateDescriptor	getKeySerializer			 org.apache.flink.api.common.typeutils.TypeSerializer<UK>	()	MapStateDescriptor
f120	METHOD	org.apache.flink.api.common.state.MapStateDescriptor	getName			 java.lang.String	()	StateDescriptor
f120	METHOD	org.apache.flink.api.common.state.MapStateDescriptor	getQueryableStateName		@Deprecated	 java.lang.String	()	StateDescriptor
f120	METHOD	org.apache.flink.api.common.state.MapStateDescriptor	getSerializer			 org.apache.flink.api.common.typeutils.TypeSerializer<T>	()	StateDescriptor
f120	METHOD	org.apache.flink.api.common.state.MapStateDescriptor	getTtlConfig			 org.apache.flink.api.common.state.StateTtlConfig	()	StateDescriptor
f120	METHOD	org.apache.flink.api.common.state.MapStateDescriptor	getType			 org.apache.flink.api.common.state.StateDescriptor$Type	()	MapStateDescriptor
f120	METHOD	org.apache.flink.api.common.state.MapStateDescriptor	getValueSerializer			 org.apache.flink.api.common.typeutils.TypeSerializer<UV>	()	MapStateDescriptor
f120	METHOD	org.apache.flink.api.common.state.MapStateDescriptor	hashCode	final		 int	()	StateDescriptor
f120	METHOD	org.apache.flink.api.common.state.MapStateDescriptor	initializeSerializerUnlessSet			 void	(org.apache.flink.api.common.ExecutionConfig)	StateDescriptor
f120	METHOD	org.apache.flink.api.common.state.MapStateDescriptor	initializeSerializerUnlessSet			 void	(org.apache.flink.api.common.functions.SerializerFactory)	StateDescriptor
f120	METHOD	org.apache.flink.api.common.state.MapStateDescriptor	isQueryable		@Deprecated	 boolean	()	StateDescriptor
f120	METHOD	org.apache.flink.api.common.state.MapStateDescriptor	isSerializerInitialized			 boolean	()	StateDescriptor
f120	METHOD	org.apache.flink.api.common.state.MapStateDescriptor	setQueryable		@Deprecated	 void	(java.lang.String)	StateDescriptor
f120	METHOD	org.apache.flink.api.common.state.MapStateDescriptor	toString			 java.lang.String	()	StateDescriptor
f120	FIELD	org.apache.flink.api.common.state.MapStateDescriptor	name	protected final		java.lang.String		StateDescriptor
f120	FIELD	org.apache.flink.api.common.state.MapStateDescriptor	serializerAtomicReference	private final		java.util.concurrent.atomic.AtomicReference<org.apache.flink.api.common.typeutils.TypeSerializer<T>>		StateDescriptor
f120	FIELD	org.apache.flink.api.common.state.MapStateDescriptor	typeInfo	private		org.apache.flink.api.common.typeinfo.TypeInformation<T>		StateDescriptor
f120	FIELD	org.apache.flink.api.common.state.MapStateDescriptor	queryableStateName	private		java.lang.String		StateDescriptor
f120	FIELD	org.apache.flink.api.common.state.MapStateDescriptor	ttlConfig	private		org.apache.flink.api.common.state.StateTtlConfig		StateDescriptor
f120	FIELD	org.apache.flink.api.common.state.MapStateDescriptor	defaultValue	protected		T		StateDescriptor
